load_zone,TIMEPOINT,zone_demand_mw
AT,2030.01.28.00.00,7908
AT,2030.01.28.01.00,7729
AT,2030.01.28.02.00,7597
AT,2030.01.28.03.00,7581
AT,2030.01.28.04.00,7812
AT,2030.01.28.05.00,8186
AT,2030.01.28.06.00,8807
AT,2030.01.28.07.00,9412
AT,2030.01.28.08.00,9949
AT,2030.01.28.09.00,10298
AT,2030.01.28.10.00,10398
AT,2030.01.28.11.00,10260
AT,2030.01.28.12.00,9943
AT,2030.01.28.13.00,9688
AT,2030.01.28.14.00,9577
AT,2030.01.28.15.00,9577
AT,2030.01.28.16.00,9913
AT,2030.01.28.17.00,9772
AT,2030.01.28.18.00,9325
AT,2030.01.28.19.00,8834
AT,2030.01.28.20.00,8399
AT,2030.01.28.21.00,8350
AT,2030.01.28.22.00,7888
AT,2030.01.28.23.00,7557
AT,2030.04.15.00.00,6748
AT,2030.04.15.01.00,6560
AT,2030.04.15.02.00,6605
AT,2030.04.15.03.00,6854
AT,2030.04.15.04.00,7224
AT,2030.04.15.05.00,7637
AT,2030.04.15.06.00,8123
AT,2030.04.15.07.00,8493
AT,2030.04.15.08.00,8695
AT,2030.04.15.09.00,8828
AT,2030.04.15.10.00,8604
AT,2030.04.15.11.00,8277
AT,2030.04.15.12.00,7997
AT,2030.04.15.13.00,7859
AT,2030.04.15.14.00,7807
AT,2030.04.15.15.00,7928
AT,2030.04.15.16.00,7971
AT,2030.04.15.17.00,7968
AT,2030.04.15.18.00,7854
AT,2030.04.15.19.00,7401
AT,2030.04.15.20.00,7288
AT,2030.04.15.21.00,6858
AT,2030.04.15.22.00,6501
AT,2030.04.15.23.00,6141
AT,2030.07.01.00.00,5656
AT,2030.07.01.01.00,5456
AT,2030.07.01.02.00,5458
AT,2030.07.01.03.00,5643
AT,2030.07.01.04.00,6058
AT,2030.07.01.05.00,6504
AT,2030.07.01.06.00,7155
AT,2030.07.01.07.00,7639
AT,2030.07.01.08.00,7944
AT,2030.07.01.09.00,8086
AT,2030.07.01.10.00,7741
AT,2030.07.01.11.00,7383
AT,2030.07.01.12.00,7039
AT,2030.07.01.13.00,6854
AT,2030.07.01.14.00,6704
AT,2030.07.01.15.00,6644
AT,2030.07.01.16.00,6521
AT,2030.07.01.17.00,6519
AT,2030.07.01.18.00,6518
AT,2030.07.01.19.00,6398
AT,2030.07.01.20.00,6332
AT,2030.07.01.21.00,5873
AT,2030.07.01.22.00,5604
AT,2030.07.01.23.00,5327
AT,2030.10.31.00.00,6372
AT,2030.10.31.01.00,6326
AT,2030.10.31.02.00,6240
AT,2030.10.31.03.00,6332
AT,2030.10.31.04.00,7063
AT,2030.10.31.05.00,8459
AT,2030.10.31.06.00,9448
AT,2030.10.31.07.00,10071
AT,2030.10.31.08.00,10317
AT,2030.10.31.09.00,10658
AT,2030.10.31.10.00,10955
AT,2030.10.31.11.00,10621
AT,2030.10.31.12.00,10287
AT,2030.10.31.13.00,10041
AT,2030.10.31.14.00,9915
AT,2030.10.31.15.00,9882
AT,2030.10.31.16.00,9945
AT,2030.10.31.17.00,9646
AT,2030.10.31.18.00,9160
AT,2030.10.31.19.00,8565
AT,2030.10.31.20.00,7937
AT,2030.10.31.21.00,7602
AT,2030.10.31.22.00,7074
AT,2030.10.31.23.00,6699
BE,2030.01.28.00.00,10932
BE,2030.01.28.01.00,10527
BE,2030.01.28.02.00,10367
BE,2030.01.28.03.00,10215
BE,2030.01.28.04.00,10291
BE,2030.01.28.05.00,10560
BE,2030.01.28.06.00,11145
BE,2030.01.28.07.00,11759
BE,2030.01.28.08.00,12423
BE,2030.01.28.09.00,12842
BE,2030.01.28.10.00,13052
BE,2030.01.28.11.00,13035
BE,2030.01.28.12.00,12852
BE,2030.01.28.13.00,12300
BE,2030.01.28.14.00,11946
BE,2030.01.28.15.00,12028
BE,2030.01.28.16.00,12756
BE,2030.01.28.17.00,13311
BE,2030.01.28.18.00,13031
BE,2030.01.28.19.00,12306
BE,2030.01.28.20.00,11910
BE,2030.01.28.21.00,11898
BE,2030.01.28.22.00,11816
BE,2030.01.28.23.00,11358
BE,2030.04.15.00.00,9220
BE,2030.04.15.01.00,8951
BE,2030.04.15.02.00,9141
BE,2030.04.15.03.00,9169
BE,2030.04.15.04.00,9376
BE,2030.04.15.05.00,9557
BE,2030.04.15.06.00,10076
BE,2030.04.15.07.00,10570
BE,2030.04.15.08.00,10852
BE,2030.04.15.09.00,10814
BE,2030.04.15.10.00,10878
BE,2030.04.15.11.00,10875
BE,2030.04.15.12.00,10524
BE,2030.04.15.13.00,10072
BE,2030.04.15.14.00,9845
BE,2030.04.15.15.00,9925
BE,2030.04.15.16.00,10287
BE,2030.04.15.17.00,10395
BE,2030.04.15.18.00,10566
BE,2030.04.15.19.00,10378
BE,2030.04.15.20.00,10218
BE,2030.04.15.21.00,10148
BE,2030.04.15.22.00,9440
BE,2030.04.15.23.00,9062
BE,2030.07.01.00.00,8638
BE,2030.07.01.01.00,8459
BE,2030.07.01.02.00,8407
BE,2030.07.01.03.00,8440
BE,2030.07.01.04.00,8470
BE,2030.07.01.05.00,8818
BE,2030.07.01.06.00,9346
BE,2030.07.01.07.00,9901
BE,2030.07.01.08.00,10208
BE,2030.07.01.09.00,10278
BE,2030.07.01.10.00,10223
BE,2030.07.01.11.00,9799
BE,2030.07.01.12.00,9297
BE,2030.07.01.13.00,8979
BE,2030.07.01.14.00,9100
BE,2030.07.01.15.00,9368
BE,2030.07.01.16.00,9695
BE,2030.07.01.17.00,9593
BE,2030.07.01.18.00,9376
BE,2030.07.01.19.00,9264
BE,2030.07.01.20.00,9448
BE,2030.07.01.21.00,9103
BE,2030.07.01.22.00,8739
BE,2030.07.01.23.00,8229
BE,2030.10.31.00.00,9439
BE,2030.10.31.01.00,9231
BE,2030.10.31.02.00,9249
BE,2030.10.31.03.00,9283
BE,2030.10.31.04.00,9643
BE,2030.10.31.05.00,10661
BE,2030.10.31.06.00,11543
BE,2030.10.31.07.00,12240
BE,2030.10.31.08.00,12610
BE,2030.10.31.09.00,12566
BE,2030.10.31.10.00,12608
BE,2030.10.31.11.00,12414
BE,2030.10.31.12.00,12396
BE,2030.10.31.13.00,12535
BE,2030.10.31.14.00,12197
BE,2030.10.31.15.00,12220
BE,2030.10.31.16.00,12724
BE,2030.10.31.17.00,13138
BE,2030.10.31.18.00,12573
BE,2030.10.31.19.00,11835
BE,2030.10.31.20.00,11329
BE,2030.10.31.21.00,10997
BE,2030.10.31.22.00,10594
BE,2030.10.31.23.00,9512
BG,2030.01.28.00.00,5250
BG,2030.01.28.01.00,5039
BG,2030.01.28.02.00,5068
BG,2030.01.28.03.00,5168
BG,2030.01.28.04.00,5352
BG,2030.01.28.05.00,5698
BG,2030.01.28.06.00,6313
BG,2030.01.28.07.00,6734
BG,2030.01.28.08.00,6779
BG,2030.01.28.09.00,6714
BG,2030.01.28.10.00,6622
BG,2030.01.28.11.00,6437
BG,2030.01.28.12.00,6324
BG,2030.01.28.13.00,6343
BG,2030.01.28.14.00,6527
BG,2030.01.28.15.00,6842
BG,2030.01.28.16.00,7400
BG,2030.01.28.17.00,7242
BG,2030.01.28.18.00,6937
BG,2030.01.28.19.00,6673
BG,2030.01.28.20.00,6533
BG,2030.01.28.21.00,6240
BG,2030.01.28.22.00,5855
BG,2030.01.28.23.00,5613
BG,2030.04.15.00.00,3571
BG,2030.04.15.01.00,3565
BG,2030.04.15.02.00,3599
BG,2030.04.15.03.00,3733
BG,2030.04.15.04.00,4065
BG,2030.04.15.05.00,4421
BG,2030.04.15.06.00,4444
BG,2030.04.15.07.00,4259
BG,2030.04.15.08.00,3958
BG,2030.04.15.09.00,3647
BG,2030.04.15.10.00,3448
BG,2030.04.15.11.00,3349
BG,2030.04.15.12.00,3433
BG,2030.04.15.13.00,3645
BG,2030.04.15.14.00,3914
BG,2030.04.15.15.00,4196
BG,2030.04.15.16.00,4545
BG,2030.04.15.17.00,4863
BG,2030.04.15.18.00,4702
BG,2030.04.15.19.00,4447
BG,2030.04.15.20.00,4219
BG,2030.04.15.21.00,3837
BG,2030.04.15.22.00,3574
BG,2030.04.15.23.00,3396
BG,2030.07.01.00.00,3426
BG,2030.07.01.01.00,3431
BG,2030.07.01.02.00,3474
BG,2030.07.01.03.00,3591
BG,2030.07.01.04.00,3704
BG,2030.07.01.05.00,3787
BG,2030.07.01.06.00,3809
BG,2030.07.01.07.00,3794
BG,2030.07.01.08.00,3816
BG,2030.07.01.09.00,3782
BG,2030.07.01.10.00,3766
BG,2030.07.01.11.00,3708
BG,2030.07.01.12.00,3737
BG,2030.07.01.13.00,3887
BG,2030.07.01.14.00,4174
BG,2030.07.01.15.00,4835
BG,2030.07.01.16.00,4809
BG,2030.07.01.17.00,4757
BG,2030.07.01.18.00,4699
BG,2030.07.01.19.00,4514
BG,2030.07.01.20.00,4259
BG,2030.07.01.21.00,4050
BG,2030.07.01.22.00,3847
BG,2030.07.01.23.00,3704
BG,2030.10.31.00.00,3556
BG,2030.10.31.01.00,3525
BG,2030.10.31.02.00,3556
BG,2030.10.31.03.00,3733
BG,2030.10.31.04.00,4175
BG,2030.10.31.05.00,4604
BG,2030.10.31.06.00,4829
BG,2030.10.31.07.00,4780
BG,2030.10.31.08.00,4614
BG,2030.10.31.09.00,4632
BG,2030.10.31.10.00,4518
BG,2030.10.31.11.00,4562
BG,2030.10.31.12.00,4538
BG,2030.10.31.13.00,4620
BG,2030.10.31.14.00,4778
BG,2030.10.31.15.00,5095
BG,2030.10.31.16.00,5306
BG,2030.10.31.17.00,5244
BG,2030.10.31.18.00,4911
BG,2030.10.31.19.00,4591
BG,2030.10.31.20.00,4353
BG,2030.10.31.21.00,4056
BG,2030.10.31.22.00,3882
BG,2030.10.31.23.00,3671
CZ,2030.01.28.00.00,8199
CZ,2030.01.28.01.00,8182
CZ,2030.01.28.02.00,8264
CZ,2030.01.28.03.00,8313
CZ,2030.01.28.04.00,8354
CZ,2030.01.28.05.00,8693
CZ,2030.01.28.06.00,9099
CZ,2030.01.28.07.00,9567
CZ,2030.01.28.08.00,10165
CZ,2030.01.28.09.00,10518
CZ,2030.01.28.10.00,10637
CZ,2030.01.28.11.00,10618
CZ,2030.01.28.12.00,10659
CZ,2030.01.28.13.00,10462
CZ,2030.01.28.14.00,10242
CZ,2030.01.28.15.00,10106
CZ,2030.01.28.16.00,10229
CZ,2030.01.28.17.00,10068
CZ,2030.01.28.18.00,9813
CZ,2030.01.28.19.00,9612
CZ,2030.01.28.20.00,9216
CZ,2030.01.28.21.00,8926
CZ,2030.01.28.22.00,8584
CZ,2030.01.28.23.00,8149
CZ,2030.04.15.00.00,7122
CZ,2030.04.15.01.00,7119
CZ,2030.04.15.02.00,7186
CZ,2030.04.15.03.00,7234
CZ,2030.04.15.04.00,7464
CZ,2030.04.15.05.00,7970
CZ,2030.04.15.06.00,8420
CZ,2030.04.15.07.00,8825
CZ,2030.04.15.08.00,9168
CZ,2030.04.15.09.00,9281
CZ,2030.04.15.10.00,9133
CZ,2030.04.15.11.00,8980
CZ,2030.04.15.12.00,8729
CZ,2030.04.15.13.00,8561
CZ,2030.04.15.14.00,8298
CZ,2030.04.15.15.00,8046
CZ,2030.04.15.16.00,7997
CZ,2030.04.15.17.00,8093
CZ,2030.04.15.18.00,8324
CZ,2030.04.15.19.00,7921
CZ,2030.04.15.20.00,7615
CZ,2030.04.15.21.00,7304
CZ,2030.04.15.22.00,6837
CZ,2030.04.15.23.00,6668
CZ,2030.07.01.00.00,5800
CZ,2030.07.01.01.00,5793
CZ,2030.07.01.02.00,5744
CZ,2030.07.01.03.00,5604
CZ,2030.07.01.04.00,5888
CZ,2030.07.01.05.00,6405
CZ,2030.07.01.06.00,6965
CZ,2030.07.01.07.00,7445
CZ,2030.07.01.08.00,7842
CZ,2030.07.01.09.00,8073
CZ,2030.07.01.10.00,7893
CZ,2030.07.01.11.00,7761
CZ,2030.07.01.12.00,7546
CZ,2030.07.01.13.00,7415
CZ,2030.07.01.14.00,7186
CZ,2030.07.01.15.00,6837
CZ,2030.07.01.16.00,6654
CZ,2030.07.01.17.00,6564
CZ,2030.07.01.18.00,6467
CZ,2030.07.01.19.00,6392
CZ,2030.07.01.20.00,6301
CZ,2030.07.01.21.00,5920
CZ,2030.07.01.22.00,5510
CZ,2030.07.01.23.00,5414
CZ,2030.10.31.00.00,6790
CZ,2030.10.31.01.00,6595
CZ,2030.10.31.02.00,6583
CZ,2030.10.31.03.00,6805
CZ,2030.10.31.04.00,7477
CZ,2030.10.31.05.00,8888
CZ,2030.10.31.06.00,9398
CZ,2030.10.31.07.00,9618
CZ,2030.10.31.08.00,9768
CZ,2030.10.31.09.00,9767
CZ,2030.10.31.10.00,9834
CZ,2030.10.31.11.00,9847
CZ,2030.10.31.12.00,9940
CZ,2030.10.31.13.00,9756
CZ,2030.10.31.14.00,9633
CZ,2030.10.31.15.00,9590
CZ,2030.10.31.16.00,9688
CZ,2030.10.31.17.00,9495
CZ,2030.10.31.18.00,9326
CZ,2030.10.31.19.00,8840
CZ,2030.10.31.20.00,8353
CZ,2030.10.31.21.00,7890
CZ,2030.10.31.22.00,7352
CZ,2030.10.31.23.00,7049
DE,2030.01.28.00.00,56175
DE,2030.01.28.01.00,55010
DE,2030.01.28.02.00,54322
DE,2030.01.28.03.00,53665
DE,2030.01.28.04.00,53472
DE,2030.01.28.05.00,55229
DE,2030.01.28.06.00,58634
DE,2030.01.28.07.00,62764
DE,2030.01.28.08.00,66818
DE,2030.01.28.09.00,69203
DE,2030.01.28.10.00,70427
DE,2030.01.28.11.00,70419
DE,2030.01.28.12.00,68995
DE,2030.01.28.13.00,67862
DE,2030.01.28.14.00,67222
DE,2030.01.28.15.00,67240
DE,2030.01.28.16.00,71057
DE,2030.01.28.17.00,72398
DE,2030.01.28.18.00,70193
DE,2030.01.28.19.00,65889
DE,2030.01.28.20.00,63159
DE,2030.01.28.21.00,62001
DE,2030.01.28.22.00,59239
DE,2030.01.28.23.00,55970
DE,2030.04.15.00.00,49846
DE,2030.04.15.01.00,49380
DE,2030.04.15.02.00,49550
DE,2030.04.15.03.00,50214
DE,2030.04.15.04.00,51416
DE,2030.04.15.05.00,53472
DE,2030.04.15.06.00,57028
DE,2030.04.15.07.00,60590
DE,2030.04.15.08.00,62068
DE,2030.04.15.09.00,63985
DE,2030.04.15.10.00,63566
DE,2030.04.15.11.00,61109
DE,2030.04.15.12.00,59570
DE,2030.04.15.13.00,58905
DE,2030.04.15.14.00,59309
DE,2030.04.15.15.00,60477
DE,2030.04.15.16.00,61746
DE,2030.04.15.17.00,61727
DE,2030.04.15.18.00,60425
DE,2030.04.15.19.00,57543
DE,2030.04.15.20.00,55440
DE,2030.04.15.21.00,52365
DE,2030.04.15.22.00,49093
DE,2030.04.15.23.00,46827
DE,2030.07.01.00.00,45283
DE,2030.07.01.01.00,44584
DE,2030.07.01.02.00,44665
DE,2030.07.01.03.00,45461
DE,2030.07.01.04.00,47877
DE,2030.07.01.05.00,50866
DE,2030.07.01.06.00,54419
DE,2030.07.01.07.00,57608
DE,2030.07.01.08.00,60354
DE,2030.07.01.09.00,61949
DE,2030.07.01.10.00,61399
DE,2030.07.01.11.00,59684
DE,2030.07.01.12.00,57858
DE,2030.07.01.13.00,57046
DE,2030.07.01.14.00,56484
DE,2030.07.01.15.00,57006
DE,2030.07.01.16.00,57485
DE,2030.07.01.17.00,56725
DE,2030.07.01.18.00,54762
DE,2030.07.01.19.00,52726
DE,2030.07.01.20.00,51403
DE,2030.07.01.21.00,48555
DE,2030.07.01.22.00,46231
DE,2030.07.01.23.00,44284
DE,2030.10.31.00.00,50316
DE,2030.10.31.01.00,49247
DE,2030.10.31.02.00,49530
DE,2030.10.31.03.00,51141
DE,2030.10.31.04.00,54609
DE,2030.10.31.05.00,63005
DE,2030.10.31.06.00,68428
DE,2030.10.31.07.00,72287
DE,2030.10.31.08.00,73497
DE,2030.10.31.09.00,74941
DE,2030.10.31.10.00,75628
DE,2030.10.31.11.00,75017
DE,2030.10.31.12.00,73269
DE,2030.10.31.13.00,72745
DE,2030.10.31.14.00,71610
DE,2030.10.31.15.00,71875
DE,2030.10.31.16.00,73791
DE,2030.10.31.17.00,74320
DE,2030.10.31.18.00,72355
DE,2030.10.31.19.00,68577
DE,2030.10.31.20.00,64046
DE,2030.10.31.21.00,60076
DE,2030.10.31.22.00,55531
DE,2030.10.31.23.00,51844
DK,2030.01.28.00.00,4413
DK,2030.01.28.01.00,4315
DK,2030.01.28.02.00,4324
DK,2030.01.28.03.00,4277
DK,2030.01.28.04.00,4247
DK,2030.01.28.05.00,4311
DK,2030.01.28.06.00,4620
DK,2030.01.28.07.00,4992
DK,2030.01.28.08.00,5188
DK,2030.01.28.09.00,5262
DK,2030.01.28.10.00,5221
DK,2030.01.28.11.00,5138
DK,2030.01.28.12.00,5081
DK,2030.01.28.13.00,5071
DK,2030.01.28.14.00,5108
DK,2030.01.28.15.00,5219
DK,2030.01.28.16.00,5610
DK,2030.01.28.17.00,5488
DK,2030.01.28.18.00,5114
DK,2030.01.28.19.00,4859
DK,2030.01.28.20.00,4640
DK,2030.01.28.21.00,4468
DK,2030.01.28.22.00,4341
DK,2030.01.28.23.00,4318
DK,2030.04.15.00.00,3639
DK,2030.04.15.01.00,3646
DK,2030.04.15.02.00,3508
DK,2030.04.15.03.00,3664
DK,2030.04.15.04.00,3700
DK,2030.04.15.05.00,3970
DK,2030.04.15.06.00,4260
DK,2030.04.15.07.00,4399
DK,2030.04.15.08.00,4526
DK,2030.04.15.09.00,4474
DK,2030.04.15.10.00,4409
DK,2030.04.15.11.00,4291
DK,2030.04.15.12.00,4285
DK,2030.04.15.13.00,4300
DK,2030.04.15.14.00,4432
DK,2030.04.15.15.00,4727
DK,2030.04.15.16.00,4715
DK,2030.04.15.17.00,4476
DK,2030.04.15.18.00,4310
DK,2030.04.15.19.00,4184
DK,2030.04.15.20.00,4006
DK,2030.04.15.21.00,3817
DK,2030.04.15.22.00,3669
DK,2030.04.15.23.00,3574
DK,2030.07.01.00.00,3293
DK,2030.07.01.01.00,3246
DK,2030.07.01.02.00,3178
DK,2030.07.01.03.00,3187
DK,2030.07.01.04.00,3321
DK,2030.07.01.05.00,3485
DK,2030.07.01.06.00,3719
DK,2030.07.01.07.00,3895
DK,2030.07.01.08.00,4152
DK,2030.07.01.09.00,4315
DK,2030.07.01.10.00,4400
DK,2030.07.01.11.00,4553
DK,2030.07.01.12.00,4600
DK,2030.07.01.13.00,4252
DK,2030.07.01.14.00,4324
DK,2030.07.01.15.00,4349
DK,2030.07.01.16.00,4370
DK,2030.07.01.17.00,4063
DK,2030.07.01.18.00,3870
DK,2030.07.01.19.00,3701
DK,2030.07.01.20.00,3578
DK,2030.07.01.21.00,3523
DK,2030.07.01.22.00,3299
DK,2030.07.01.23.00,3174
DK,2030.10.31.00.00,4084
DK,2030.10.31.01.00,4093
DK,2030.10.31.02.00,4111
DK,2030.10.31.03.00,4134
DK,2030.10.31.04.00,4320
DK,2030.10.31.05.00,4940
DK,2030.10.31.06.00,5529
DK,2030.10.31.07.00,5806
DK,2030.10.31.08.00,5924
DK,2030.10.31.09.00,5999
DK,2030.10.31.10.00,6044
DK,2030.10.31.11.00,6041
DK,2030.10.31.12.00,6115
DK,2030.10.31.13.00,6030
DK,2030.10.31.14.00,6041
DK,2030.10.31.15.00,5931
DK,2030.10.31.16.00,6247
DK,2030.10.31.17.00,5950
DK,2030.10.31.18.00,5541
DK,2030.10.31.19.00,5264
DK,2030.10.31.20.00,5029
DK,2030.10.31.21.00,4739
DK,2030.10.31.22.00,4480
DK,2030.10.31.23.00,4684
EE,2030.01.28.00.00,1107
EE,2030.01.28.01.00,1097
EE,2030.01.28.02.00,1098
EE,2030.01.28.03.00,1104
EE,2030.01.28.04.00,1135
EE,2030.01.28.05.00,1186
EE,2030.01.28.06.00,1235
EE,2030.01.28.07.00,1302
EE,2030.01.28.08.00,1348
EE,2030.01.28.09.00,1362
EE,2030.01.28.10.00,1359
EE,2030.01.28.11.00,1340
EE,2030.01.28.12.00,1340
EE,2030.01.28.13.00,1333
EE,2030.01.28.14.00,1373
EE,2030.01.28.15.00,1425
EE,2030.01.28.16.00,1426
EE,2030.01.28.17.00,1399
EE,2030.01.28.18.00,1349
EE,2030.01.28.19.00,1295
EE,2030.01.28.20.00,1234
EE,2030.01.28.21.00,1167
EE,2030.01.28.22.00,1115
EE,2030.01.28.23.00,1079
EE,2030.04.15.00.00,874
EE,2030.04.15.01.00,872
EE,2030.04.15.02.00,872
EE,2030.04.15.03.00,872
EE,2030.04.15.04.00,929
EE,2030.04.15.05.00,977
EE,2030.04.15.06.00,992
EE,2030.04.15.07.00,984
EE,2030.04.15.08.00,940
EE,2030.04.15.09.00,915
EE,2030.04.15.10.00,812
EE,2030.04.15.11.00,776
EE,2030.04.15.12.00,750
EE,2030.04.15.13.00,806
EE,2030.04.15.14.00,898
EE,2030.04.15.15.00,986
EE,2030.04.15.16.00,1027
EE,2030.04.15.17.00,1030
EE,2030.04.15.18.00,1059
EE,2030.04.15.19.00,1002
EE,2030.04.15.20.00,940
EE,2030.04.15.21.00,896
EE,2030.04.15.22.00,870
EE,2030.04.15.23.00,849
EE,2030.07.01.00.00,706
EE,2030.07.01.01.00,683
EE,2030.07.01.02.00,698
EE,2030.07.01.03.00,752
EE,2030.07.01.04.00,799
EE,2030.07.01.05.00,828
EE,2030.07.01.06.00,840
EE,2030.07.01.07.00,895
EE,2030.07.01.08.00,1070
EE,2030.07.01.09.00,1104
EE,2030.07.01.10.00,1044
EE,2030.07.01.11.00,1015
EE,2030.07.01.12.00,960
EE,2030.07.01.13.00,928
EE,2030.07.01.14.00,903
EE,2030.07.01.15.00,945
EE,2030.07.01.16.00,945
EE,2030.07.01.17.00,914
EE,2030.07.01.18.00,861
EE,2030.07.01.19.00,815
EE,2030.07.01.20.00,791
EE,2030.07.01.21.00,752
EE,2030.07.01.22.00,714
EE,2030.07.01.23.00,686
EE,2030.10.31.00.00,1022
EE,2030.10.31.01.00,1021
EE,2030.10.31.02.00,1027
EE,2030.10.31.03.00,1070
EE,2030.10.31.04.00,1209
EE,2030.10.31.05.00,1339
EE,2030.10.31.06.00,1431
EE,2030.10.31.07.00,1545
EE,2030.10.31.08.00,1584
EE,2030.10.31.09.00,1595
EE,2030.10.31.10.00,1566
EE,2030.10.31.11.00,1526
EE,2030.10.31.12.00,1479
EE,2030.10.31.13.00,1430
EE,2030.10.31.14.00,1434
EE,2030.10.31.15.00,1442
EE,2030.10.31.16.00,1418
EE,2030.10.31.17.00,1370
EE,2030.10.31.18.00,1317
EE,2030.10.31.19.00,1245
EE,2030.10.31.20.00,1170
EE,2030.10.31.21.00,1071
EE,2030.10.31.22.00,1007
EE,2030.10.31.23.00,982
ES,2030.01.28.00.00,31067
ES,2030.01.28.01.00,29180
ES,2030.01.28.02.00,28163
ES,2030.01.28.03.00,27645
ES,2030.01.28.04.00,27551
ES,2030.01.28.05.00,28338
ES,2030.01.28.06.00,30415
ES,2030.01.28.07.00,32460
ES,2030.01.28.08.00,35221
ES,2030.01.28.09.00,36672
ES,2030.01.28.10.00,36165
ES,2030.01.28.11.00,35351
ES,2030.01.28.12.00,35375
ES,2030.01.28.13.00,35159
ES,2030.01.28.14.00,34374
ES,2030.01.28.15.00,34095
ES,2030.01.28.16.00,34515
ES,2030.01.28.17.00,36808
ES,2030.01.28.18.00,39200
ES,2030.01.28.19.00,40096
ES,2030.01.28.20.00,39678
ES,2030.01.28.21.00,37046
ES,2030.01.28.22.00,34163
ES,2030.01.28.23.00,31288
ES,2030.04.15.00.00,25478
ES,2030.04.15.01.00,24587
ES,2030.04.15.02.00,24172
ES,2030.04.15.03.00,23907
ES,2030.04.15.04.00,24262
ES,2030.04.15.05.00,25060
ES,2030.04.15.06.00,25967
ES,2030.04.15.07.00,27726
ES,2030.04.15.08.00,28668
ES,2030.04.15.09.00,28447
ES,2030.04.15.10.00,28297
ES,2030.04.15.11.00,28265
ES,2030.04.15.12.00,27994
ES,2030.04.15.13.00,26674
ES,2030.04.15.14.00,25618
ES,2030.04.15.15.00,25306
ES,2030.04.15.16.00,26000
ES,2030.04.15.17.00,27021
ES,2030.04.15.18.00,28523
ES,2030.04.15.19.00,30728
ES,2030.04.15.20.00,29837
ES,2030.04.15.21.00,27486
ES,2030.04.15.22.00,25754
ES,2030.04.15.23.00,24335
ES,2030.07.01.00.00,28658
ES,2030.07.01.01.00,27747
ES,2030.07.01.02.00,27096
ES,2030.07.01.03.00,26556
ES,2030.07.01.04.00,26353
ES,2030.07.01.05.00,26727
ES,2030.07.01.06.00,27820
ES,2030.07.01.07.00,28919
ES,2030.07.01.08.00,30101
ES,2030.07.01.09.00,30686
ES,2030.07.01.10.00,31204
ES,2030.07.01.11.00,31946
ES,2030.07.01.12.00,31844
ES,2030.07.01.13.00,31197
ES,2030.07.01.14.00,30628
ES,2030.07.01.15.00,30932
ES,2030.07.01.16.00,31706
ES,2030.07.01.17.00,32704
ES,2030.07.01.18.00,33407
ES,2030.07.01.19.00,33554
ES,2030.07.01.20.00,33184
ES,2030.07.01.21.00,31303
ES,2030.07.01.22.00,29603
ES,2030.07.01.23.00,27849
ES,2030.10.31.00.00,26489
ES,2030.10.31.01.00,25442
ES,2030.10.31.02.00,24948
ES,2030.10.31.03.00,24886
ES,2030.10.31.04.00,25329
ES,2030.10.31.05.00,27845
ES,2030.10.31.06.00,32032
ES,2030.10.31.07.00,34012
ES,2030.10.31.08.00,34419
ES,2030.10.31.09.00,34320
ES,2030.10.31.10.00,34098
ES,2030.10.31.11.00,34273
ES,2030.10.31.12.00,34578
ES,2030.10.31.13.00,34713
ES,2030.10.31.14.00,34422
ES,2030.10.31.15.00,34169
ES,2030.10.31.16.00,34613
ES,2030.10.31.17.00,35682
ES,2030.10.31.18.00,36289
ES,2030.10.31.19.00,35964
ES,2030.10.31.20.00,35210
ES,2030.10.31.21.00,32176
ES,2030.10.31.22.00,29744
ES,2030.10.31.23.00,28239
FR,2030.01.28.00.00,78525
FR,2030.01.28.01.00,77259
FR,2030.01.28.02.00,73791
FR,2030.01.28.03.00,71670
FR,2030.01.28.04.00,72200
FR,2030.01.28.05.00,74031
FR,2030.01.28.06.00,76730
FR,2030.01.28.07.00,79388
FR,2030.01.28.08.00,83124
FR,2030.01.28.09.00,85079
FR,2030.01.28.10.00,85903
FR,2030.01.28.11.00,86309
FR,2030.01.28.12.00,83666
FR,2030.01.28.13.00,82547
FR,2030.01.28.14.00,81270
FR,2030.01.28.15.00,79269
FR,2030.01.28.16.00,80834
FR,2030.01.28.17.00,85902
FR,2030.01.28.18.00,86957
FR,2030.01.28.19.00,83839
FR,2030.01.28.20.00,80599
FR,2030.01.28.21.00,81318
FR,2030.01.28.22.00,81925
FR,2030.01.28.23.00,79648
FR,2030.04.15.00.00,56043
FR,2030.04.15.01.00,52955
FR,2030.04.15.02.00,51357
FR,2030.04.15.03.00,51933
FR,2030.04.15.04.00,53439
FR,2030.04.15.05.00,54808
FR,2030.04.15.06.00,57650
FR,2030.04.15.07.00,60336
FR,2030.04.15.08.00,61305
FR,2030.04.15.09.00,61748
FR,2030.04.15.10.00,62257
FR,2030.04.15.11.00,59700
FR,2030.04.15.12.00,58031
FR,2030.04.15.13.00,56275
FR,2030.04.15.14.00,53802
FR,2030.04.15.15.00,53310
FR,2030.04.15.16.00,54714
FR,2030.04.15.17.00,56428
FR,2030.04.15.18.00,56913
FR,2030.04.15.19.00,56286
FR,2030.04.15.20.00,57324
FR,2030.04.15.21.00,58408
FR,2030.04.15.22.00,56248
FR,2030.04.15.23.00,54801
FR,2030.07.01.00.00,42567
FR,2030.07.01.01.00,40372
FR,2030.07.01.02.00,39185
FR,2030.07.01.03.00,38817
FR,2030.07.01.04.00,39398
FR,2030.07.01.05.00,41062
FR,2030.07.01.06.00,43835
FR,2030.07.01.07.00,46780
FR,2030.07.01.08.00,48365
FR,2030.07.01.09.00,49890
FR,2030.07.01.10.00,52144
FR,2030.07.01.11.00,50691
FR,2030.07.01.12.00,49468
FR,2030.07.01.13.00,50305
FR,2030.07.01.14.00,49080
FR,2030.07.01.15.00,46692
FR,2030.07.01.16.00,47529
FR,2030.07.01.17.00,48026
FR,2030.07.01.18.00,46388
FR,2030.07.01.19.00,45590
FR,2030.07.01.20.00,47932
FR,2030.07.01.21.00,48215
FR,2030.07.01.22.00,44743
FR,2030.07.01.23.00,42446
FR,2030.10.31.00.00,53067
FR,2030.10.31.01.00,50766
FR,2030.10.31.02.00,49020
FR,2030.10.31.03.00,46771
FR,2030.10.31.04.00,46225
FR,2030.10.31.05.00,48957
FR,2030.10.31.06.00,53849
FR,2030.10.31.07.00,57941
FR,2030.10.31.08.00,60770
FR,2030.10.31.09.00,61868
FR,2030.10.31.10.00,62211
FR,2030.10.31.11.00,62877
FR,2030.10.31.12.00,62672
FR,2030.10.31.13.00,61566
FR,2030.10.31.14.00,59638
FR,2030.10.31.15.00,57700
FR,2030.10.31.16.00,56186
FR,2030.10.31.17.00,57007
FR,2030.10.31.18.00,60656
FR,2030.10.31.19.00,60661
FR,2030.10.31.20.00,57493
FR,2030.10.31.21.00,54380
FR,2030.10.31.22.00,54299
FR,2030.10.31.23.00,55110
HR,2030.01.28.00.00,2218
HR,2030.01.28.01.00,2113
HR,2030.01.28.02.00,2035
HR,2030.01.28.03.00,2036
HR,2030.01.28.04.00,2150
HR,2030.01.28.05.00,2404
HR,2030.01.28.06.00,2574
HR,2030.01.28.07.00,2823
HR,2030.01.28.08.00,3006
HR,2030.01.28.09.00,3035
HR,2030.01.28.10.00,3067
HR,2030.01.28.11.00,3037
HR,2030.01.28.12.00,2943
HR,2030.01.28.13.00,2829
HR,2030.01.28.14.00,2807
HR,2030.01.28.15.00,2866
HR,2030.01.28.16.00,3060
HR,2030.01.28.17.00,3102
HR,2030.01.28.18.00,3089
HR,2030.01.28.19.00,2996
HR,2030.01.28.20.00,2927
HR,2030.01.28.21.00,2762
HR,2030.01.28.22.00,2497
HR,2030.01.28.23.00,2252
HR,2030.04.15.00.00,1804
HR,2030.04.15.01.00,1776
HR,2030.04.15.02.00,1780
HR,2030.04.15.03.00,1861
HR,2030.04.15.04.00,2007
HR,2030.04.15.05.00,2238
HR,2030.04.15.06.00,2433
HR,2030.04.15.07.00,2520
HR,2030.04.15.08.00,2562
HR,2030.04.15.09.00,2563
HR,2030.04.15.10.00,2521
HR,2030.04.15.11.00,2445
HR,2030.04.15.12.00,2358
HR,2030.04.15.13.00,2323
HR,2030.04.15.14.00,2326
HR,2030.04.15.15.00,2370
HR,2030.04.15.16.00,2474
HR,2030.04.15.17.00,2625
HR,2030.04.15.18.00,2732
HR,2030.04.15.19.00,2589
HR,2030.04.15.20.00,2524
HR,2030.04.15.21.00,2275
HR,2030.04.15.22.00,2014
HR,2030.04.15.23.00,1845
HR,2030.07.01.00.00,1853
HR,2030.07.01.01.00,1816
HR,2030.07.01.02.00,1807
HR,2030.07.01.03.00,1794
HR,2030.07.01.04.00,1961
HR,2030.07.01.05.00,2173
HR,2030.07.01.06.00,2352
HR,2030.07.01.07.00,2470
HR,2030.07.01.08.00,2518
HR,2030.07.01.09.00,2580
HR,2030.07.01.10.00,2611
HR,2030.07.01.11.00,2547
HR,2030.07.01.12.00,2425
HR,2030.07.01.13.00,2403
HR,2030.07.01.14.00,2400
HR,2030.07.01.15.00,2451
HR,2030.07.01.16.00,2446
HR,2030.07.01.17.00,2499
HR,2030.07.01.18.00,2537
HR,2030.07.01.19.00,2568
HR,2030.07.01.20.00,2484
HR,2030.07.01.21.00,2228
HR,2030.07.01.22.00,1983
HR,2030.07.01.23.00,1820
HR,2030.10.31.00.00,1699
HR,2030.10.31.01.00,1656
HR,2030.10.31.02.00,1683
HR,2030.10.31.03.00,1710
HR,2030.10.31.04.00,1852
HR,2030.10.31.05.00,2158
HR,2030.10.31.06.00,2409
HR,2030.10.31.07.00,2616
HR,2030.10.31.08.00,2673
HR,2030.10.31.09.00,2674
HR,2030.10.31.10.00,2767
HR,2030.10.31.11.00,2679
HR,2030.10.31.12.00,2516
HR,2030.10.31.13.00,2454
HR,2030.10.31.14.00,2449
HR,2030.10.31.15.00,2509
HR,2030.10.31.16.00,2724
HR,2030.10.31.17.00,2743
HR,2030.10.31.18.00,2691
HR,2030.10.31.19.00,2581
HR,2030.10.31.20.00,2469
HR,2030.10.31.21.00,2235
HR,2030.10.31.22.00,2008
HR,2030.10.31.23.00,1813
HU,2030.01.28.00.00,5733
HU,2030.01.28.01.00,5501
HU,2030.01.28.02.00,5399
HU,2030.01.28.03.00,5425
HU,2030.01.28.04.00,5518
HU,2030.01.28.05.00,5854
HU,2030.01.28.06.00,6224
HU,2030.01.28.07.00,6596
HU,2030.01.28.08.00,6819
HU,2030.01.28.09.00,6957
HU,2030.01.28.10.00,7005
HU,2030.01.28.11.00,6947
HU,2030.01.28.12.00,6757
HU,2030.01.28.13.00,6631
HU,2030.01.28.14.00,6666
HU,2030.01.28.15.00,6830
HU,2030.01.28.16.00,6949
HU,2030.01.28.17.00,6880
HU,2030.01.28.18.00,6832
HU,2030.01.28.19.00,6647
HU,2030.01.28.20.00,6398
HU,2030.01.28.21.00,6100
HU,2030.01.28.22.00,5787
HU,2030.01.28.23.00,5435
HU,2030.04.15.00.00,5058
HU,2030.04.15.01.00,4956
HU,2030.04.15.02.00,4965
HU,2030.04.15.03.00,5020
HU,2030.04.15.04.00,5185
HU,2030.04.15.05.00,5401
HU,2030.04.15.06.00,5489
HU,2030.04.15.07.00,5538
HU,2030.04.15.08.00,5564
HU,2030.04.15.09.00,5650
HU,2030.04.15.10.00,5610
HU,2030.04.15.11.00,5389
HU,2030.04.15.12.00,5288
HU,2030.04.15.13.00,5391
HU,2030.04.15.14.00,5640
HU,2030.04.15.15.00,5741
HU,2030.04.15.16.00,5915
HU,2030.04.15.17.00,6197
HU,2030.04.15.18.00,6335
HU,2030.04.15.19.00,6038
HU,2030.04.15.20.00,5702
HU,2030.04.15.21.00,5400
HU,2030.04.15.22.00,5029
HU,2030.04.15.23.00,4801
HU,2030.07.01.00.00,4815
HU,2030.07.01.01.00,4716
HU,2030.07.01.02.00,4637
HU,2030.07.01.03.00,4486
HU,2030.07.01.04.00,4519
HU,2030.07.01.05.00,4604
HU,2030.07.01.06.00,4655
HU,2030.07.01.07.00,4696
HU,2030.07.01.08.00,4750
HU,2030.07.01.09.00,4820
HU,2030.07.01.10.00,4843
HU,2030.07.01.11.00,4731
HU,2030.07.01.12.00,4727
HU,2030.07.01.13.00,4888
HU,2030.07.01.14.00,5204
HU,2030.07.01.15.00,5364
HU,2030.07.01.16.00,5533
HU,2030.07.01.17.00,5651
HU,2030.07.01.18.00,5711
HU,2030.07.01.19.00,5739
HU,2030.07.01.20.00,5425
HU,2030.07.01.21.00,5139
HU,2030.07.01.22.00,4796
HU,2030.07.01.23.00,4560
HU,2030.10.31.00.00,4969
HU,2030.10.31.01.00,4785
HU,2030.10.31.02.00,4747
HU,2030.10.31.03.00,4902
HU,2030.10.31.04.00,5301
HU,2030.10.31.05.00,5984
HU,2030.10.31.06.00,6373
HU,2030.10.31.07.00,6430
HU,2030.10.31.08.00,6364
HU,2030.10.31.09.00,6385
HU,2030.10.31.10.00,6555
HU,2030.10.31.11.00,6671
HU,2030.10.31.12.00,6788
HU,2030.10.31.13.00,6761
HU,2030.10.31.14.00,6841
HU,2030.10.31.15.00,6920
HU,2030.10.31.16.00,6980
HU,2030.10.31.17.00,6869
HU,2030.10.31.18.00,6754
HU,2030.10.31.19.00,6504
HU,2030.10.31.20.00,6260
HU,2030.10.31.21.00,5922
HU,2030.10.31.22.00,5604
HU,2030.10.31.23.00,5196
IT,2030.01.28.00.00,31025
IT,2030.01.28.01.00,30056
IT,2030.01.28.02.00,29517
IT,2030.01.28.03.00,29504
IT,2030.01.28.04.00,30410
IT,2030.01.28.05.00,33362
IT,2030.01.28.06.00,37226
IT,2030.01.28.07.00,40519
IT,2030.01.28.08.00,42737
IT,2030.01.28.09.00,42809
IT,2030.01.28.10.00,41514
IT,2030.01.28.11.00,39619
IT,2030.01.28.12.00,38150
IT,2030.01.28.13.00,37832
IT,2030.01.28.14.00,37623
IT,2030.01.28.15.00,38116
IT,2030.01.28.16.00,41186
IT,2030.01.28.17.00,43528
IT,2030.01.28.18.00,43754
IT,2030.01.28.19.00,41172
IT,2030.01.28.20.00,38049
IT,2030.01.28.21.00,35229
IT,2030.01.28.22.00,32415
IT,2030.01.28.23.00,29895
IT,2030.04.15.00.00,28882
IT,2030.04.15.01.00,28340
IT,2030.04.15.02.00,28121
IT,2030.04.15.03.00,28810
IT,2030.04.15.04.00,30547
IT,2030.04.15.05.00,33454
IT,2030.04.15.06.00,36706
IT,2030.04.15.07.00,37326
IT,2030.04.15.08.00,36530
IT,2030.04.15.09.00,35711
IT,2030.04.15.10.00,35134
IT,2030.04.15.11.00,33512
IT,2030.04.15.12.00,32823
IT,2030.04.15.13.00,32469
IT,2030.04.15.14.00,33350
IT,2030.04.15.15.00,34125
IT,2030.04.15.16.00,34740
IT,2030.04.15.17.00,36834
IT,2030.04.15.18.00,38293
IT,2030.04.15.19.00,35758
IT,2030.04.15.20.00,33362
IT,2030.04.15.21.00,30830
IT,2030.04.15.22.00,28293
IT,2030.04.15.23.00,26412
IT,2030.07.01.00.00,31456
IT,2030.07.01.01.00,30881
IT,2030.07.01.02.00,30409
IT,2030.07.01.03.00,30433
IT,2030.07.01.04.00,31179
IT,2030.07.01.05.00,33991
IT,2030.07.01.06.00,37456
IT,2030.07.01.07.00,38454
IT,2030.07.01.08.00,38484
IT,2030.07.01.09.00,37731
IT,2030.07.01.10.00,36717
IT,2030.07.01.11.00,35862
IT,2030.07.01.12.00,33921
IT,2030.07.01.13.00,35134
IT,2030.07.01.14.00,35827
IT,2030.07.01.15.00,36613
IT,2030.07.01.16.00,37618
IT,2030.07.01.17.00,38275
IT,2030.07.01.18.00,37808
IT,2030.07.01.19.00,37193
IT,2030.07.01.20.00,35215
IT,2030.07.01.21.00,32718
IT,2030.07.01.22.00,30967
IT,2030.07.01.23.00,29273
IT,2030.10.31.00.00,28403
IT,2030.10.31.01.00,27619
IT,2030.10.31.02.00,27334
IT,2030.10.31.03.00,27776
IT,2030.10.31.04.00,29472
IT,2030.10.31.05.00,34501
IT,2030.10.31.06.00,39971
IT,2030.10.31.07.00,44670
IT,2030.10.31.08.00,45505
IT,2030.10.31.09.00,45791
IT,2030.10.31.10.00,45625
IT,2030.10.31.11.00,42856
IT,2030.10.31.12.00,43303
IT,2030.10.31.13.00,43914
IT,2030.10.31.14.00,43772
IT,2030.10.31.15.00,43793
IT,2030.10.31.16.00,45078
IT,2030.10.31.17.00,44643
IT,2030.10.31.18.00,43571
IT,2030.10.31.19.00,41094
IT,2030.10.31.20.00,37458
IT,2030.10.31.21.00,33938
IT,2030.10.31.22.00,31309
IT,2030.10.31.23.00,28689
LT,2030.01.28.00.00,1379
LT,2030.01.28.01.00,1367
LT,2030.01.28.02.00,1373
LT,2030.01.28.03.00,1394
LT,2030.01.28.04.00,1472
LT,2030.01.28.05.00,1576
LT,2030.01.28.06.00,1666
LT,2030.01.28.07.00,1798
LT,2030.01.28.08.00,1881
LT,2030.01.28.09.00,1903
LT,2030.01.28.10.00,1897
LT,2030.01.28.11.00,1880
LT,2030.01.28.12.00,1861
LT,2030.01.28.13.00,1835
LT,2030.01.28.14.00,1830
LT,2030.01.28.15.00,1899
LT,2030.01.28.16.00,1893
LT,2030.01.28.17.00,1841
LT,2030.01.28.18.00,1768
LT,2030.01.28.19.00,1684
LT,2030.01.28.20.00,1587
LT,2030.01.28.21.00,1491
LT,2030.01.28.22.00,1427
LT,2030.01.28.23.00,1363
LT,2030.04.15.00.00,1179
LT,2030.04.15.01.00,1172
LT,2030.04.15.02.00,1193
LT,2030.04.15.03.00,1243
LT,2030.04.15.04.00,1343
LT,2030.04.15.05.00,1467
LT,2030.04.15.06.00,1568
LT,2030.04.15.07.00,1619
LT,2030.04.15.08.00,1573
LT,2030.04.15.09.00,1508
LT,2030.04.15.10.00,1460
LT,2030.04.15.11.00,1442
LT,2030.04.15.12.00,1466
LT,2030.04.15.13.00,1489
LT,2030.04.15.14.00,1485
LT,2030.04.15.15.00,1507
LT,2030.04.15.16.00,1526
LT,2030.04.15.17.00,1544
LT,2030.04.15.18.00,1527
LT,2030.04.15.19.00,1429
LT,2030.04.15.20.00,1316
LT,2030.04.15.21.00,1245
LT,2030.04.15.22.00,1195
LT,2030.04.15.23.00,1168
LT,2030.07.01.00.00,1158
LT,2030.07.01.01.00,1134
LT,2030.07.01.02.00,1140
LT,2030.07.01.03.00,1240
LT,2030.07.01.04.00,1334
LT,2030.07.01.05.00,1388
LT,2030.07.01.06.00,1439
LT,2030.07.01.07.00,1428
LT,2030.07.01.08.00,1427
LT,2030.07.01.09.00,1418
LT,2030.07.01.10.00,1404
LT,2030.07.01.11.00,1370
LT,2030.07.01.12.00,1385
LT,2030.07.01.13.00,1374
LT,2030.07.01.14.00,1387
LT,2030.07.01.15.00,1447
LT,2030.07.01.16.00,1449
LT,2030.07.01.17.00,1447
LT,2030.07.01.18.00,1383
LT,2030.07.01.19.00,1365
LT,2030.07.01.20.00,1307
LT,2030.07.01.21.00,1214
LT,2030.07.01.22.00,1151
LT,2030.07.01.23.00,1114
LT,2030.10.31.00.00,1305
LT,2030.10.31.01.00,1294
LT,2030.10.31.02.00,1306
LT,2030.10.31.03.00,1395
LT,2030.10.31.04.00,1609
LT,2030.10.31.05.00,1785
LT,2030.10.31.06.00,2016
LT,2030.10.31.07.00,2013
LT,2030.10.31.08.00,2014
LT,2030.10.31.09.00,1989
LT,2030.10.31.10.00,1960
LT,2030.10.31.11.00,1957
LT,2030.10.31.12.00,1936
LT,2030.10.31.13.00,1946
LT,2030.10.31.14.00,1884
LT,2030.10.31.15.00,1913
LT,2030.10.31.16.00,1878
LT,2030.10.31.17.00,1800
LT,2030.10.31.18.00,1710
LT,2030.10.31.19.00,1613
LT,2030.10.31.20.00,1511
LT,2030.10.31.21.00,1403
LT,2030.10.31.22.00,1326
LT,2030.10.31.23.00,1280
LU,2030.01.28.00.00,612
LU,2030.01.28.01.00,595
LU,2030.01.28.02.00,585
LU,2030.01.28.03.00,584
LU,2030.01.28.04.00,596
LU,2030.01.28.05.00,610
LU,2030.01.28.06.00,644
LU,2030.01.28.07.00,670
LU,2030.01.28.08.00,701
LU,2030.01.28.09.00,729
LU,2030.01.28.10.00,760
LU,2030.01.28.11.00,770
LU,2030.01.28.12.00,745
LU,2030.01.28.13.00,725
LU,2030.01.28.14.00,712
LU,2030.01.28.15.00,710
LU,2030.01.28.16.00,739
LU,2030.01.28.17.00,771
LU,2030.01.28.18.00,757
LU,2030.01.28.19.00,720
LU,2030.01.28.20.00,688
LU,2030.01.28.21.00,682
LU,2030.01.28.22.00,655
LU,2030.01.28.23.00,624
LU,2030.04.15.00.00,509
LU,2030.04.15.01.00,498
LU,2030.04.15.02.00,500
LU,2030.04.15.03.00,512
LU,2030.04.15.04.00,523
LU,2030.04.15.05.00,538
LU,2030.04.15.06.00,568
LU,2030.04.15.07.00,593
LU,2030.04.15.08.00,601
LU,2030.04.15.09.00,615
LU,2030.04.15.10.00,617
LU,2030.04.15.11.00,596
LU,2030.04.15.12.00,577
LU,2030.04.15.13.00,570
LU,2030.04.15.14.00,578
LU,2030.04.15.15.00,588
LU,2030.04.15.16.00,599
LU,2030.04.15.17.00,598
LU,2030.04.15.18.00,601
LU,2030.04.15.19.00,585
LU,2030.04.15.20.00,575
LU,2030.04.15.21.00,546
LU,2030.04.15.22.00,515
LU,2030.04.15.23.00,486
LU,2030.07.01.00.00,493
LU,2030.07.01.01.00,484
LU,2030.07.01.02.00,482
LU,2030.07.01.03.00,485
LU,2030.07.01.04.00,492
LU,2030.07.01.05.00,520
LU,2030.07.01.06.00,566
LU,2030.07.01.07.00,597
LU,2030.07.01.08.00,624
LU,2030.07.01.09.00,640
LU,2030.07.01.10.00,644
LU,2030.07.01.11.00,631
LU,2030.07.01.12.00,611
LU,2030.07.01.13.00,598
LU,2030.07.01.14.00,595
LU,2030.07.01.15.00,594
LU,2030.07.01.16.00,604
LU,2030.07.01.17.00,600
LU,2030.07.01.18.00,581
LU,2030.07.01.19.00,555
LU,2030.07.01.20.00,548
LU,2030.07.01.21.00,522
LU,2030.07.01.22.00,492
LU,2030.07.01.23.00,469
LU,2030.10.31.00.00,510
LU,2030.10.31.01.00,500
LU,2030.10.31.02.00,498
LU,2030.10.31.03.00,508
LU,2030.10.31.04.00,544
LU,2030.10.31.05.00,618
LU,2030.10.31.06.00,694
LU,2030.10.31.07.00,741
LU,2030.10.31.08.00,764
LU,2030.10.31.09.00,778
LU,2030.10.31.10.00,797
LU,2030.10.31.11.00,790
LU,2030.10.31.12.00,767
LU,2030.10.31.13.00,747
LU,2030.10.31.14.00,730
LU,2030.10.31.15.00,724
LU,2030.10.31.16.00,749
LU,2030.10.31.17.00,759
LU,2030.10.31.18.00,729
LU,2030.10.31.19.00,680
LU,2030.10.31.20.00,624
LU,2030.10.31.21.00,597
LU,2030.10.31.22.00,558
LU,2030.10.31.23.00,521
LV,2030.01.28.00.00,730
LV,2030.01.28.01.00,715
LV,2030.01.28.02.00,709
LV,2030.01.28.03.00,730
LV,2030.01.28.04.00,778
LV,2030.01.28.05.00,843
LV,2030.01.28.06.00,921
LV,2030.01.28.07.00,989
LV,2030.01.28.08.00,1050
LV,2030.01.28.09.00,1035
LV,2030.01.28.10.00,1015
LV,2030.01.28.11.00,1008
LV,2030.01.28.12.00,1023
LV,2030.01.28.13.00,1004
LV,2030.01.28.14.00,1008
LV,2030.01.28.15.00,1083
LV,2030.01.28.16.00,1083
LV,2030.01.28.17.00,1024
LV,2030.01.28.18.00,988
LV,2030.01.28.19.00,945
LV,2030.01.28.20.00,890
LV,2030.01.28.21.00,839
LV,2030.01.28.22.00,779
LV,2030.01.28.23.00,742
LV,2030.04.15.00.00,641
LV,2030.04.15.01.00,654
LV,2030.04.15.02.00,666
LV,2030.04.15.03.00,694
LV,2030.04.15.04.00,760
LV,2030.04.15.05.00,827
LV,2030.04.15.06.00,865
LV,2030.04.15.07.00,884
LV,2030.04.15.08.00,876
LV,2030.04.15.09.00,827
LV,2030.04.15.10.00,806
LV,2030.04.15.11.00,803
LV,2030.04.15.12.00,812
LV,2030.04.15.13.00,827
LV,2030.04.15.14.00,831
LV,2030.04.15.15.00,855
LV,2030.04.15.16.00,865
LV,2030.04.15.17.00,879
LV,2030.04.15.18.00,901
LV,2030.04.15.19.00,826
LV,2030.04.15.20.00,777
LV,2030.04.15.21.00,688
LV,2030.04.15.22.00,644
LV,2030.04.15.23.00,625
LV,2030.07.01.00.00,609
LV,2030.07.01.01.00,582
LV,2030.07.01.02.00,584
LV,2030.07.01.03.00,618
LV,2030.07.01.04.00,667
LV,2030.07.01.05.00,733
LV,2030.07.01.06.00,768
LV,2030.07.01.07.00,786
LV,2030.07.01.08.00,765
LV,2030.07.01.09.00,746
LV,2030.07.01.10.00,738
LV,2030.07.01.11.00,737
LV,2030.07.01.12.00,742
LV,2030.07.01.13.00,747
LV,2030.07.01.14.00,766
LV,2030.07.01.15.00,777
LV,2030.07.01.16.00,780
LV,2030.07.01.17.00,783
LV,2030.07.01.18.00,762
LV,2030.07.01.19.00,731
LV,2030.07.01.20.00,711
LV,2030.07.01.21.00,658
LV,2030.07.01.22.00,620
LV,2030.07.01.23.00,594
LV,2030.10.31.00.00,687
LV,2030.10.31.01.00,678
LV,2030.10.31.02.00,694
LV,2030.10.31.03.00,743
LV,2030.10.31.04.00,885
LV,2030.10.31.05.00,1018
LV,2030.10.31.06.00,1129
LV,2030.10.31.07.00,1163
LV,2030.10.31.08.00,1150
LV,2030.10.31.09.00,1124
LV,2030.10.31.10.00,1101
LV,2030.10.31.11.00,1149
LV,2030.10.31.12.00,1153
LV,2030.10.31.13.00,1153
LV,2030.10.31.14.00,1143
LV,2030.10.31.15.00,1141
LV,2030.10.31.16.00,1119
LV,2030.10.31.17.00,1062
LV,2030.10.31.18.00,1027
LV,2030.10.31.19.00,966
LV,2030.10.31.20.00,891
LV,2030.10.31.21.00,824
LV,2030.10.31.22.00,744
LV,2030.10.31.23.00,712
ME,2030.01.28.00.00,401
ME,2030.01.28.01.00,383
ME,2030.01.28.02.00,337
ME,2030.01.28.03.00,329
ME,2030.01.28.04.00,343
ME,2030.01.28.05.00,383
ME,2030.01.28.06.00,426
ME,2030.01.28.07.00,490
ME,2030.01.28.08.00,531
ME,2030.01.28.09.00,540
ME,2030.01.28.10.00,535
ME,2030.01.28.11.00,531
ME,2030.01.28.12.00,511
ME,2030.01.28.13.00,496
ME,2030.01.28.14.00,538
ME,2030.01.28.15.00,530
ME,2030.01.28.16.00,580
ME,2030.01.28.17.00,578
ME,2030.01.28.18.00,577
ME,2030.01.28.19.00,579
ME,2030.01.28.20.00,555
ME,2030.01.28.21.00,523
ME,2030.01.28.22.00,501
ME,2030.01.28.23.00,440
ME,2030.04.15.00.00,280
ME,2030.04.15.01.00,262
ME,2030.04.15.02.00,251
ME,2030.04.15.03.00,247
ME,2030.04.15.04.00,265
ME,2030.04.15.05.00,311
ME,2030.04.15.06.00,376
ME,2030.04.15.07.00,438
ME,2030.04.15.08.00,442
ME,2030.04.15.09.00,429
ME,2030.04.15.10.00,405
ME,2030.04.15.11.00,403
ME,2030.04.15.12.00,388
ME,2030.04.15.13.00,373
ME,2030.04.15.14.00,380
ME,2030.04.15.15.00,393
ME,2030.04.15.16.00,407
ME,2030.04.15.17.00,455
ME,2030.04.15.18.00,488
ME,2030.04.15.19.00,477
ME,2030.04.15.20.00,442
ME,2030.04.15.21.00,424
ME,2030.04.15.22.00,352
ME,2030.04.15.23.00,309
ME,2030.07.01.00.00,238
ME,2030.07.01.01.00,232
ME,2030.07.01.02.00,226
ME,2030.07.01.03.00,223
ME,2030.07.01.04.00,246
ME,2030.07.01.05.00,298
ME,2030.07.01.06.00,341
ME,2030.07.01.07.00,376
ME,2030.07.01.08.00,395
ME,2030.07.01.09.00,402
ME,2030.07.01.10.00,391
ME,2030.07.01.11.00,380
ME,2030.07.01.12.00,362
ME,2030.07.01.13.00,352
ME,2030.07.01.14.00,348
ME,2030.07.01.15.00,352
ME,2030.07.01.16.00,337
ME,2030.07.01.17.00,355
ME,2030.07.01.18.00,359
ME,2030.07.01.19.00,377
ME,2030.07.01.20.00,351
ME,2030.07.01.21.00,325
ME,2030.07.01.22.00,277
ME,2030.07.01.23.00,244
ME,2030.10.31.00.00,243
ME,2030.10.31.01.00,200
ME,2030.10.31.02.00,196
ME,2030.10.31.03.00,199
ME,2030.10.31.04.00,214
ME,2030.10.31.05.00,258
ME,2030.10.31.06.00,314
ME,2030.10.31.07.00,349
ME,2030.10.31.08.00,382
ME,2030.10.31.09.00,386
ME,2030.10.31.10.00,400
ME,2030.10.31.11.00,398
ME,2030.10.31.12.00,396
ME,2030.10.31.13.00,388
ME,2030.10.31.14.00,392
ME,2030.10.31.15.00,406
ME,2030.10.31.16.00,421
ME,2030.10.31.17.00,397
ME,2030.10.31.18.00,391
ME,2030.10.31.19.00,398
ME,2030.10.31.20.00,376
ME,2030.10.31.21.00,353
ME,2030.10.31.22.00,328
ME,2030.10.31.23.00,286
NL,2030.01.28.00.00,13306
NL,2030.01.28.01.00,12911
NL,2030.01.28.02.00,12765
NL,2030.01.28.03.00,12674
NL,2030.01.28.04.00,12729
NL,2030.01.28.05.00,13122
NL,2030.01.28.06.00,14009
NL,2030.01.28.07.00,15105
NL,2030.01.28.08.00,15494
NL,2030.01.28.09.00,14837
NL,2030.01.28.10.00,13529
NL,2030.01.28.11.00,12481
NL,2030.01.28.12.00,12130
NL,2030.01.28.13.00,12534
NL,2030.01.28.14.00,13769
NL,2030.01.28.15.00,15450
NL,2030.01.28.16.00,17201
NL,2030.01.28.17.00,17368
NL,2030.01.28.18.00,16683
NL,2030.01.28.19.00,16013
NL,2030.01.28.20.00,15212
NL,2030.01.28.21.00,14473
NL,2030.01.28.22.00,13783
NL,2030.01.28.23.00,13106
NL,2030.04.15.00.00,12058
NL,2030.04.15.01.00,11892
NL,2030.04.15.02.00,11858
NL,2030.04.15.03.00,11935
NL,2030.04.15.04.00,12399
NL,2030.04.15.05.00,12700
NL,2030.04.15.06.00,13106
NL,2030.04.15.07.00,13388
NL,2030.04.15.08.00,13493
NL,2030.04.15.09.00,13530
NL,2030.04.15.10.00,13475
NL,2030.04.15.11.00,13421
NL,2030.04.15.12.00,13376
NL,2030.04.15.13.00,13316
NL,2030.04.15.14.00,13681
NL,2030.04.15.15.00,14545
NL,2030.04.15.16.00,14980
NL,2030.04.15.17.00,15197
NL,2030.04.15.18.00,15348
NL,2030.04.15.19.00,14906
NL,2030.04.15.20.00,14138
NL,2030.04.15.21.00,13413
NL,2030.04.15.22.00,12723
NL,2030.04.15.23.00,12218
NL,2030.07.01.00.00,12870
NL,2030.07.01.01.00,12646
NL,2030.07.01.02.00,12460
NL,2030.07.01.03.00,12380
NL,2030.07.01.04.00,12583
NL,2030.07.01.05.00,13068
NL,2030.07.01.06.00,13735
NL,2030.07.01.07.00,14390
NL,2030.07.01.08.00,14682
NL,2030.07.01.09.00,14718
NL,2030.07.01.10.00,14597
NL,2030.07.01.11.00,14378
NL,2030.07.01.12.00,14082
NL,2030.07.01.13.00,13793
NL,2030.07.01.14.00,13794
NL,2030.07.01.15.00,14228
NL,2030.07.01.16.00,14332
NL,2030.07.01.17.00,14226
NL,2030.07.01.18.00,14225
NL,2030.07.01.19.00,14166
NL,2030.07.01.20.00,14161
NL,2030.07.01.21.00,13736
NL,2030.07.01.22.00,13150
NL,2030.07.01.23.00,12640
NL,2030.10.31.00.00,11486
NL,2030.10.31.01.00,11452
NL,2030.10.31.02.00,11707
NL,2030.10.31.03.00,12023
NL,2030.10.31.04.00,12568
NL,2030.10.31.05.00,14334
NL,2030.10.31.06.00,16441
NL,2030.10.31.07.00,17351
NL,2030.10.31.08.00,17649
NL,2030.10.31.09.00,17637
NL,2030.10.31.10.00,17172
NL,2030.10.31.11.00,16794
NL,2030.10.31.12.00,16521
NL,2030.10.31.13.00,16638
NL,2030.10.31.14.00,16739
NL,2030.10.31.15.00,17545
NL,2030.10.31.16.00,18672
NL,2030.10.31.17.00,18586
NL,2030.10.31.18.00,17930
NL,2030.10.31.19.00,17088
NL,2030.10.31.20.00,15944
NL,2030.10.31.21.00,14773
NL,2030.10.31.22.00,13788
NL,2030.10.31.23.00,12655
NO,2030.01.28.00.00,20616
NO,2030.01.28.01.00,20255
NO,2030.01.28.02.00,20141
NO,2030.01.28.03.00,20435
NO,2030.01.28.04.00,20166
NO,2030.01.28.05.00,20263
NO,2030.01.28.06.00,20945
NO,2030.01.28.07.00,21633
NO,2030.01.28.08.00,22219
NO,2030.01.28.09.00,22638
NO,2030.01.28.10.00,22634
NO,2030.01.28.11.00,22376
NO,2030.01.28.12.00,22080
NO,2030.01.28.13.00,22072
NO,2030.01.28.14.00,22177
NO,2030.01.28.15.00,22369
NO,2030.01.28.16.00,22796
NO,2030.01.28.17.00,22781
NO,2030.01.28.18.00,22431
NO,2030.01.28.19.00,21803
NO,2030.01.28.20.00,21207
NO,2030.01.28.21.00,20846
NO,2030.01.28.22.00,20527
NO,2030.01.28.23.00,19855
NO,2030.04.15.00.00,17730
NO,2030.04.15.01.00,17441
NO,2030.04.15.02.00,17675
NO,2030.04.15.03.00,17533
NO,2030.04.15.04.00,17646
NO,2030.04.15.05.00,17936
NO,2030.04.15.06.00,18517
NO,2030.04.15.07.00,18902
NO,2030.04.15.08.00,19138
NO,2030.04.15.09.00,19071
NO,2030.04.15.10.00,18831
NO,2030.04.15.11.00,18597
NO,2030.04.15.12.00,18522
NO,2030.04.15.13.00,18719
NO,2030.04.15.14.00,18724
NO,2030.04.15.15.00,18630
NO,2030.04.15.16.00,18807
NO,2030.04.15.17.00,18810
NO,2030.04.15.18.00,18581
NO,2030.04.15.19.00,18408
NO,2030.04.15.20.00,18047
NO,2030.04.15.21.00,17608
NO,2030.04.15.22.00,17458
NO,2030.04.15.23.00,17331
NO,2030.07.01.00.00,12264
NO,2030.07.01.01.00,11572
NO,2030.07.01.02.00,11613
NO,2030.07.01.03.00,11660
NO,2030.07.01.04.00,11732
NO,2030.07.01.05.00,12281
NO,2030.07.01.06.00,12494
NO,2030.07.01.07.00,12879
NO,2030.07.01.08.00,13216
NO,2030.07.01.09.00,13498
NO,2030.07.01.10.00,13642
NO,2030.07.01.11.00,13587
NO,2030.07.01.12.00,13448
NO,2030.07.01.13.00,13416
NO,2030.07.01.14.00,13707
NO,2030.07.01.15.00,13608
NO,2030.07.01.16.00,13716
NO,2030.07.01.17.00,13987
NO,2030.07.01.18.00,13751
NO,2030.07.01.19.00,13603
NO,2030.07.01.20.00,13642
NO,2030.07.01.21.00,13176
NO,2030.07.01.22.00,12460
NO,2030.07.01.23.00,12370
NO,2030.10.31.00.00,20837
NO,2030.10.31.01.00,20461
NO,2030.10.31.02.00,20043
NO,2030.10.31.03.00,19987
NO,2030.10.31.04.00,20061
NO,2030.10.31.05.00,21090
NO,2030.10.31.06.00,22357
NO,2030.10.31.07.00,22013
NO,2030.10.31.08.00,21743
NO,2030.10.31.09.00,21602
NO,2030.10.31.10.00,20934
NO,2030.10.31.11.00,20774
NO,2030.10.31.12.00,21162
NO,2030.10.31.13.00,21768
NO,2030.10.31.14.00,22927
NO,2030.10.31.15.00,23884
NO,2030.10.31.16.00,23122
NO,2030.10.31.17.00,23021
NO,2030.10.31.18.00,22706
NO,2030.10.31.19.00,22681
NO,2030.10.31.20.00,22493
NO,2030.10.31.21.00,21765
NO,2030.10.31.22.00,21132
NO,2030.10.31.23.00,20368
PL,2030.01.28.00.00,21411
PL,2030.01.28.01.00,20935
PL,2030.01.28.02.00,20849
PL,2030.01.28.03.00,20788
PL,2030.01.28.04.00,21024
PL,2030.01.28.05.00,22076
PL,2030.01.28.06.00,22949
PL,2030.01.28.07.00,24620
PL,2030.01.28.08.00,26232
PL,2030.01.28.09.00,26917
PL,2030.01.28.10.00,27262
PL,2030.01.28.11.00,27098
PL,2030.01.28.12.00,27062
PL,2030.01.28.13.00,26492
PL,2030.01.28.14.00,25844
PL,2030.01.28.15.00,26006
PL,2030.01.28.16.00,26594
PL,2030.01.28.17.00,26338
PL,2030.01.28.18.00,25873
PL,2030.01.28.19.00,25146
PL,2030.01.28.20.00,23831
PL,2030.01.28.21.00,22714
PL,2030.01.28.22.00,21274
PL,2030.01.28.23.00,20064
PL,2030.04.15.00.00,18450
PL,2030.04.15.01.00,18461
PL,2030.04.15.02.00,18739
PL,2030.04.15.03.00,18541
PL,2030.04.15.04.00,19139
PL,2030.04.15.05.00,20511
PL,2030.04.15.06.00,22137
PL,2030.04.15.07.00,22924
PL,2030.04.15.08.00,22728
PL,2030.04.15.09.00,22860
PL,2030.04.15.10.00,22837
PL,2030.04.15.11.00,22828
PL,2030.04.15.12.00,21957
PL,2030.04.15.13.00,21472
PL,2030.04.15.14.00,21265
PL,2030.04.15.15.00,21564
PL,2030.04.15.16.00,21855
PL,2030.04.15.17.00,22483
PL,2030.04.15.18.00,23113
PL,2030.04.15.19.00,21806
PL,2030.04.15.20.00,20510
PL,2030.04.15.21.00,18982
PL,2030.04.15.22.00,17899
PL,2030.04.15.23.00,17171
PL,2030.07.01.00.00,17796
PL,2030.07.01.01.00,17534
PL,2030.07.01.02.00,17179
PL,2030.07.01.03.00,17070
PL,2030.07.01.04.00,18016
PL,2030.07.01.05.00,19337
PL,2030.07.01.06.00,20740
PL,2030.07.01.07.00,21737
PL,2030.07.01.08.00,21829
PL,2030.07.01.09.00,21663
PL,2030.07.01.10.00,21158
PL,2030.07.01.11.00,21289
PL,2030.07.01.12.00,20592
PL,2030.07.01.13.00,20780
PL,2030.07.01.14.00,20808
PL,2030.07.01.15.00,20739
PL,2030.07.01.16.00,20581
PL,2030.07.01.17.00,20708
PL,2030.07.01.18.00,20621
PL,2030.07.01.19.00,20372
PL,2030.07.01.20.00,19664
PL,2030.07.01.21.00,18156
PL,2030.07.01.22.00,16730
PL,2030.07.01.23.00,15959
PL,2030.10.31.00.00,18759
PL,2030.10.31.01.00,18372
PL,2030.10.31.02.00,18439
PL,2030.10.31.03.00,18812
PL,2030.10.31.04.00,20161
PL,2030.10.31.05.00,23229
PL,2030.10.31.06.00,25398
PL,2030.10.31.07.00,26415
PL,2030.10.31.08.00,26834
PL,2030.10.31.09.00,26964
PL,2030.10.31.10.00,26803
PL,2030.10.31.11.00,26747
PL,2030.10.31.12.00,26828
PL,2030.10.31.13.00,26472
PL,2030.10.31.14.00,26540
PL,2030.10.31.15.00,27080
PL,2030.10.31.16.00,27662
PL,2030.10.31.17.00,26916
PL,2030.10.31.18.00,26589
PL,2030.10.31.19.00,25627
PL,2030.10.31.20.00,23819
PL,2030.10.31.21.00,21733
PL,2030.10.31.22.00,20018
PL,2030.10.31.23.00,18708
PT,2030.01.28.00.00,7357
PT,2030.01.28.01.00,6789
PT,2030.01.28.02.00,6457
PT,2030.01.28.03.00,6228
PT,2030.01.28.04.00,6133
PT,2030.01.28.05.00,6142
PT,2030.01.28.06.00,6311
PT,2030.01.28.07.00,6628
PT,2030.01.28.08.00,7174
PT,2030.01.28.09.00,7681
PT,2030.01.28.10.00,7784
PT,2030.01.28.11.00,7831
PT,2030.01.28.12.00,7841
PT,2030.01.28.13.00,7583
PT,2030.01.28.14.00,7486
PT,2030.01.28.15.00,7400
PT,2030.01.28.16.00,7541
PT,2030.01.28.17.00,8184
PT,2030.01.28.18.00,9336
PT,2030.01.28.19.00,9679
PT,2030.01.28.20.00,9548
PT,2030.01.28.21.00,9016
PT,2030.01.28.22.00,8461
PT,2030.01.28.23.00,7715
PT,2030.04.15.00.00,5739
PT,2030.04.15.01.00,5479
PT,2030.04.15.02.00,5359
PT,2030.04.15.03.00,5272
PT,2030.04.15.04.00,5280
PT,2030.04.15.05.00,5297
PT,2030.04.15.06.00,5468
PT,2030.04.15.07.00,5936
PT,2030.04.15.08.00,6209
PT,2030.04.15.09.00,6282
PT,2030.04.15.10.00,6339
PT,2030.04.15.11.00,6390
PT,2030.04.15.12.00,6137
PT,2030.04.15.13.00,6009
PT,2030.04.15.14.00,5823
PT,2030.04.15.15.00,5806
PT,2030.04.15.16.00,5855
PT,2030.04.15.17.00,6092
PT,2030.04.15.18.00,6590
PT,2030.04.15.19.00,7188
PT,2030.04.15.20.00,7006
PT,2030.04.15.21.00,6515
PT,2030.04.15.22.00,6033
PT,2030.04.15.23.00,5600
PT,2030.07.01.00.00,6096
PT,2030.07.01.01.00,5836
PT,2030.07.01.02.00,5681
PT,2030.07.01.03.00,5576
PT,2030.07.01.04.00,5501
PT,2030.07.01.05.00,5344
PT,2030.07.01.06.00,5617
PT,2030.07.01.07.00,6017
PT,2030.07.01.08.00,6393
PT,2030.07.01.09.00,6570
PT,2030.07.01.10.00,6721
PT,2030.07.01.11.00,6825
PT,2030.07.01.12.00,6647
PT,2030.07.01.13.00,6525
PT,2030.07.01.14.00,6459
PT,2030.07.01.15.00,6441
PT,2030.07.01.16.00,6568
PT,2030.07.01.17.00,6868
PT,2030.07.01.18.00,7209
PT,2030.07.01.19.00,7287
PT,2030.07.01.20.00,7294
PT,2030.07.01.21.00,7016
PT,2030.07.01.22.00,6467
PT,2030.07.01.23.00,6044
PT,2030.10.31.00.00,6128
PT,2030.10.31.01.00,5786
PT,2030.10.31.02.00,5492
PT,2030.10.31.03.00,5346
PT,2030.10.31.04.00,5408
PT,2030.10.31.05.00,5643
PT,2030.10.31.06.00,6071
PT,2030.10.31.07.00,6852
PT,2030.10.31.08.00,7826
PT,2030.10.31.09.00,8069
PT,2030.10.31.10.00,8045
PT,2030.10.31.11.00,8153
PT,2030.10.31.12.00,7881
PT,2030.10.31.13.00,7560
PT,2030.10.31.14.00,7772
PT,2030.10.31.15.00,7838
PT,2030.10.31.16.00,8006
PT,2030.10.31.17.00,8163
PT,2030.10.31.18.00,8560
PT,2030.10.31.19.00,8642
PT,2030.10.31.20.00,8355
PT,2030.10.31.21.00,7909
PT,2030.10.31.22.00,7293
PT,2030.10.31.23.00,6696
RO,2030.01.28.00.00,6969
RO,2030.01.28.01.00,6872
RO,2030.01.28.02.00,6903
RO,2030.01.28.03.00,6960
RO,2030.01.28.04.00,7088
RO,2030.01.28.05.00,7470
RO,2030.01.28.06.00,7964
RO,2030.01.28.07.00,8450
RO,2030.01.28.08.00,8700
RO,2030.01.28.09.00,8736
RO,2030.01.28.10.00,8740
RO,2030.01.28.11.00,8684
RO,2030.01.28.12.00,8425
RO,2030.01.28.13.00,8366
RO,2030.01.28.14.00,8435
RO,2030.01.28.15.00,8834
RO,2030.01.28.16.00,9109
RO,2030.01.28.17.00,8954
RO,2030.01.28.18.00,8737
RO,2030.01.28.19.00,8346
RO,2030.01.28.20.00,7745
RO,2030.01.28.21.00,7321
RO,2030.01.28.22.00,6908
RO,2030.01.28.23.00,6697
RO,2030.04.15.00.00,5550
RO,2030.04.15.01.00,5557
RO,2030.04.15.02.00,5650
RO,2030.04.15.03.00,5744
RO,2030.04.15.04.00,6106
RO,2030.04.15.05.00,6483
RO,2030.04.15.06.00,6710
RO,2030.04.15.07.00,6742
RO,2030.04.15.08.00,6761
RO,2030.04.15.09.00,6629
RO,2030.04.15.10.00,6498
RO,2030.04.15.11.00,6409
RO,2030.04.15.12.00,6367
RO,2030.04.15.13.00,6430
RO,2030.04.15.14.00,6521
RO,2030.04.15.15.00,6619
RO,2030.04.15.16.00,6819
RO,2030.04.15.17.00,7344
RO,2030.04.15.18.00,7410
RO,2030.04.15.19.00,6919
RO,2030.04.15.20.00,6297
RO,2030.04.15.21.00,5748
RO,2030.04.15.22.00,5537
RO,2030.04.15.23.00,5327
RO,2030.07.01.00.00,5867
RO,2030.07.01.01.00,5827
RO,2030.07.01.02.00,5676
RO,2030.07.01.03.00,5771
RO,2030.07.01.04.00,6076
RO,2030.07.01.05.00,6364
RO,2030.07.01.06.00,6470
RO,2030.07.01.07.00,6487
RO,2030.07.01.08.00,6503
RO,2030.07.01.09.00,6529
RO,2030.07.01.10.00,6511
RO,2030.07.01.11.00,6432
RO,2030.07.01.12.00,6408
RO,2030.07.01.13.00,6595
RO,2030.07.01.14.00,6810
RO,2030.07.01.15.00,6989
RO,2030.07.01.16.00,7198
RO,2030.07.01.17.00,7277
RO,2030.07.01.18.00,7421
RO,2030.07.01.19.00,7226
RO,2030.07.01.20.00,6636
RO,2030.07.01.21.00,6134
RO,2030.07.01.22.00,5797
RO,2030.07.01.23.00,5621
RO,2030.10.31.00.00,6081
RO,2030.10.31.01.00,6051
RO,2030.10.31.02.00,6139
RO,2030.10.31.03.00,6374
RO,2030.10.31.04.00,6899
RO,2030.10.31.05.00,7585
RO,2030.10.31.06.00,7881
RO,2030.10.31.07.00,7714
RO,2030.10.31.08.00,7465
RO,2030.10.31.09.00,7302
RO,2030.10.31.10.00,7394
RO,2030.10.31.11.00,7567
RO,2030.10.31.12.00,7652
RO,2030.10.31.13.00,7869
RO,2030.10.31.14.00,8098
RO,2030.10.31.15.00,8547
RO,2030.10.31.16.00,8824
RO,2030.10.31.17.00,8739
RO,2030.10.31.18.00,8499
RO,2030.10.31.19.00,8031
RO,2030.10.31.20.00,7349
RO,2030.10.31.21.00,6832
RO,2030.10.31.22.00,6485
RO,2030.10.31.23.00,6231
SE,2030.01.28.00.00,19378
SE,2030.01.28.01.00,19201
SE,2030.01.28.02.00,18952
SE,2030.01.28.03.00,18706
SE,2030.01.28.04.00,19006
SE,2030.01.28.05.00,18971
SE,2030.01.28.06.00,19588
SE,2030.01.28.07.00,19881
SE,2030.01.28.08.00,20361
SE,2030.01.28.09.00,20900
SE,2030.01.28.10.00,21057
SE,2030.01.28.11.00,20741
SE,2030.01.28.12.00,20374
SE,2030.01.28.13.00,20361
SE,2030.01.28.14.00,20647
SE,2030.01.28.15.00,21562
SE,2030.01.28.16.00,21987
SE,2030.01.28.17.00,21470
SE,2030.01.28.18.00,21136
SE,2030.01.28.19.00,20392
SE,2030.01.28.20.00,19728
SE,2030.01.28.21.00,19585
SE,2030.01.28.22.00,18565
SE,2030.01.28.23.00,18089
SE,2030.04.15.00.00,16267
SE,2030.04.15.01.00,16390
SE,2030.04.15.02.00,16298
SE,2030.04.15.03.00,16222
SE,2030.04.15.04.00,16338
SE,2030.04.15.05.00,16555
SE,2030.04.15.06.00,16692
SE,2030.04.15.07.00,16774
SE,2030.04.15.08.00,16289
SE,2030.04.15.09.00,16230
SE,2030.04.15.10.00,16280
SE,2030.04.15.11.00,16310
SE,2030.04.15.12.00,16321
SE,2030.04.15.13.00,16081
SE,2030.04.15.14.00,16048
SE,2030.04.15.15.00,16788
SE,2030.04.15.16.00,17345
SE,2030.04.15.17.00,17587
SE,2030.04.15.18.00,17368
SE,2030.04.15.19.00,16890
SE,2030.04.15.20.00,16191
SE,2030.04.15.21.00,15792
SE,2030.04.15.22.00,15803
SE,2030.04.15.23.00,15656
SE,2030.07.01.00.00,11680
SE,2030.07.01.01.00,11656
SE,2030.07.01.02.00,11060
SE,2030.07.01.03.00,10540
SE,2030.07.01.04.00,11143
SE,2030.07.01.05.00,12089
SE,2030.07.01.06.00,12628
SE,2030.07.01.07.00,13588
SE,2030.07.01.08.00,13987
SE,2030.07.01.09.00,14268
SE,2030.07.01.10.00,14494
SE,2030.07.01.11.00,14510
SE,2030.07.01.12.00,14474
SE,2030.07.01.13.00,14459
SE,2030.07.01.14.00,14595
SE,2030.07.01.15.00,14518
SE,2030.07.01.16.00,14425
SE,2030.07.01.17.00,14075
SE,2030.07.01.18.00,13807
SE,2030.07.01.19.00,13549
SE,2030.07.01.20.00,13394
SE,2030.07.01.21.00,12359
SE,2030.07.01.22.00,11662
SE,2030.07.01.23.00,11774
SE,2030.10.31.00.00,17315
SE,2030.10.31.01.00,17342
SE,2030.10.31.02.00,17170
SE,2030.10.31.03.00,17236
SE,2030.10.31.04.00,17760
SE,2030.10.31.05.00,19310
SE,2030.10.31.06.00,20578
SE,2030.10.31.07.00,21234
SE,2030.10.31.08.00,21309
SE,2030.10.31.09.00,21319
SE,2030.10.31.10.00,21404
SE,2030.10.31.11.00,21377
SE,2030.10.31.12.00,21313
SE,2030.10.31.13.00,21454
SE,2030.10.31.14.00,22087
SE,2030.10.31.15.00,22460
SE,2030.10.31.16.00,22703
SE,2030.10.31.17.00,22307
SE,2030.10.31.18.00,21684
SE,2030.10.31.19.00,21374
SE,2030.10.31.20.00,20779
SE,2030.10.31.21.00,20272
SE,2030.10.31.22.00,19785
SE,2030.10.31.23.00,19654
SI,2030.01.28.00.00,1748
SI,2030.01.28.01.00,1714
SI,2030.01.28.02.00,1706
SI,2030.01.28.03.00,1708
SI,2030.01.28.04.00,1764
SI,2030.01.28.05.00,1906
SI,2030.01.28.06.00,2070
SI,2030.01.28.07.00,2215
SI,2030.01.28.08.00,2268
SI,2030.01.28.09.00,2272
SI,2030.01.28.10.00,2279
SI,2030.01.28.11.00,2278
SI,2030.01.28.12.00,2186
SI,2030.01.28.13.00,2144
SI,2030.01.28.14.00,2094
SI,2030.01.28.15.00,2104
SI,2030.01.28.16.00,2189
SI,2030.01.28.17.00,2194
SI,2030.01.28.18.00,2173
SI,2030.01.28.19.00,2096
SI,2030.01.28.20.00,1985
SI,2030.01.28.21.00,1834
SI,2030.01.28.22.00,1696
SI,2030.01.28.23.00,1633
SI,2030.04.15.00.00,1439
SI,2030.04.15.01.00,1432
SI,2030.04.15.02.00,1436
SI,2030.04.15.03.00,1469
SI,2030.04.15.04.00,1639
SI,2030.04.15.05.00,1767
SI,2030.04.15.06.00,1898
SI,2030.04.15.07.00,1893
SI,2030.04.15.08.00,1880
SI,2030.04.15.09.00,1878
SI,2030.04.15.10.00,1843
SI,2030.04.15.11.00,1750
SI,2030.04.15.12.00,1708
SI,2030.04.15.13.00,1724
SI,2030.04.15.14.00,1710
SI,2030.04.15.15.00,1720
SI,2030.04.15.16.00,1806
SI,2030.04.15.17.00,1865
SI,2030.04.15.18.00,1837
SI,2030.04.15.19.00,1750
SI,2030.04.15.20.00,1623
SI,2030.04.15.21.00,1490
SI,2030.04.15.22.00,1394
SI,2030.04.15.23.00,1342
SI,2030.07.01.00.00,1260
SI,2030.07.01.01.00,1268
SI,2030.07.01.02.00,1254
SI,2030.07.01.03.00,1258
SI,2030.07.01.04.00,1359
SI,2030.07.01.05.00,1444
SI,2030.07.01.06.00,1513
SI,2030.07.01.07.00,1489
SI,2030.07.01.08.00,1524
SI,2030.07.01.09.00,1539
SI,2030.07.01.10.00,1559
SI,2030.07.01.11.00,1440
SI,2030.07.01.12.00,1381
SI,2030.07.01.13.00,1372
SI,2030.07.01.14.00,1382
SI,2030.07.01.15.00,1407
SI,2030.07.01.16.00,1467
SI,2030.07.01.17.00,1536
SI,2030.07.01.18.00,1545
SI,2030.07.01.19.00,1511
SI,2030.07.01.20.00,1462
SI,2030.07.01.21.00,1329
SI,2030.07.01.22.00,1243
SI,2030.07.01.23.00,1205
SI,2030.10.31.00.00,1197
SI,2030.10.31.01.00,1148
SI,2030.10.31.02.00,1143
SI,2030.10.31.03.00,1165
SI,2030.10.31.04.00,1161
SI,2030.10.31.05.00,1248
SI,2030.10.31.06.00,1368
SI,2030.10.31.07.00,1535
SI,2030.10.31.08.00,1591
SI,2030.10.31.09.00,1619
SI,2030.10.31.10.00,1458
SI,2030.10.31.11.00,1416
SI,2030.10.31.12.00,1379
SI,2030.10.31.13.00,1393
SI,2030.10.31.14.00,1482
SI,2030.10.31.15.00,1543
SI,2030.10.31.16.00,1646
SI,2030.10.31.17.00,1649
SI,2030.10.31.18.00,1596
SI,2030.10.31.19.00,1472
SI,2030.10.31.20.00,1390
SI,2030.10.31.21.00,1274
SI,2030.10.31.22.00,1228
SI,2030.10.31.23.00,1118
GB,2030.01.28.00.00,34742
GB,2030.01.28.01.00,34281
GB,2030.01.28.02.00,32747
GB,2030.01.28.03.00,31812
GB,2030.01.28.04.00,31237
GB,2030.01.28.05.00,31256
GB,2030.01.28.06.00,33776
GB,2030.01.28.07.00,38258
GB,2030.01.28.08.00,40471
GB,2030.01.28.09.00,42934
GB,2030.01.28.10.00,43434
GB,2030.01.28.11.00,43094
GB,2030.01.28.12.00,43601
GB,2030.01.28.13.00,43354
GB,2030.01.28.14.00,43348
GB,2030.01.28.15.00,43835
GB,2030.01.28.16.00,46411
GB,2030.01.28.17.00,50164
GB,2030.01.28.18.00,48274
GB,2030.01.28.19.00,44803
GB,2030.01.28.20.00,42150
GB,2030.01.28.21.00,38952
GB,2030.01.28.22.00,35561
GB,2030.01.28.23.00,31893
GB,2030.04.15.00.00,29430
GB,2030.04.15.01.00,28588
GB,2030.04.15.02.00,28084
GB,2030.04.15.03.00,27279
GB,2030.04.15.04.00,27639
GB,2030.04.15.05.00,29993
GB,2030.04.15.06.00,32328
GB,2030.04.15.07.00,33291
GB,2030.04.15.08.00,33378
GB,2030.04.15.09.00,32494
GB,2030.04.15.10.00,31127
GB,2030.04.15.11.00,30065
GB,2030.04.15.12.00,28798
GB,2030.04.15.13.00,27822
GB,2030.04.15.14.00,28129
GB,2030.04.15.15.00,30396
GB,2030.04.15.16.00,33271
GB,2030.04.15.17.00,35620
GB,2030.04.15.18.00,36605
GB,2030.04.15.19.00,36671
GB,2030.04.15.20.00,34233
GB,2030.04.15.21.00,31268
GB,2030.04.15.22.00,28295
GB,2030.04.15.23.00,27122
GB,2030.07.01.00.00,24155
GB,2030.07.01.01.00,24761
GB,2030.07.01.02.00,24583
GB,2030.07.01.03.00,23876
GB,2030.07.01.04.00,23221
GB,2030.07.01.05.00,23518
GB,2030.07.01.06.00,24767
GB,2030.07.01.07.00,25549
GB,2030.07.01.08.00,26554
GB,2030.07.01.09.00,26607
GB,2030.07.01.10.00,26246
GB,2030.07.01.11.00,25097
GB,2030.07.01.12.00,24723
GB,2030.07.01.13.00,25050
GB,2030.07.01.14.00,25177
GB,2030.07.01.15.00,26462
GB,2030.07.01.16.00,27682
GB,2030.07.01.17.00,28092
GB,2030.07.01.18.00,28859
GB,2030.07.01.19.00,29117
GB,2030.07.01.20.00,29051
GB,2030.07.01.21.00,27573
GB,2030.07.01.22.00,25888
GB,2030.07.01.23.00,25569
GB,2030.10.31.00.00,29125
GB,2030.10.31.01.00,28592
GB,2030.10.31.02.00,27511
GB,2030.10.31.03.00,27071
GB,2030.10.31.04.00,27114
GB,2030.10.31.05.00,28817
GB,2030.10.31.06.00,34416
GB,2030.10.31.07.00,39493
GB,2030.10.31.08.00,41296
GB,2030.10.31.09.00,41260
GB,2030.10.31.10.00,40453
GB,2030.10.31.11.00,40340
GB,2030.10.31.12.00,40585
GB,2030.10.31.13.00,40412
GB,2030.10.31.14.00,40955
GB,2030.10.31.15.00,42629
GB,2030.10.31.16.00,44116
GB,2030.10.31.17.00,45538
GB,2030.10.31.18.00,44588
GB,2030.10.31.19.00,42304
GB,2030.10.31.20.00,39635
GB,2030.10.31.21.00,35223
GB,2030.10.31.22.00,31351
GB,2030.10.31.23.00,28352
AT,2040.01.02.00.00,9426
AT,2040.01.02.01.00,9346
AT,2040.01.02.02.00,9286
AT,2040.01.02.03.00,9589
AT,2040.01.02.04.00,10654
AT,2040.01.02.05.00,12224
AT,2040.01.02.06.00,13686
AT,2040.01.02.07.00,14581
AT,2040.01.02.08.00,15050
AT,2040.01.02.09.00,15065
AT,2040.01.02.10.00,15013
AT,2040.01.02.11.00,14684
AT,2040.01.02.12.00,14455
AT,2040.01.02.13.00,14380
AT,2040.01.02.14.00,14585
AT,2040.01.02.15.00,15036
AT,2040.01.02.16.00,15505
AT,2040.01.02.17.00,15242
AT,2040.01.02.18.00,14486
AT,2040.01.02.19.00,13464
AT,2040.01.02.20.00,12515
AT,2040.01.02.21.00,12304
AT,2040.01.02.22.00,11483
AT,2040.01.02.23.00,10922
AT,2040.04.19.00.00,9294
AT,2040.04.19.01.00,9158
AT,2040.04.19.02.00,9393
AT,2040.04.19.03.00,10587
AT,2040.04.19.04.00,12315
AT,2040.04.19.05.00,13496
AT,2040.04.19.06.00,13913
AT,2040.04.19.07.00,13814
AT,2040.04.19.08.00,13947
AT,2040.04.19.09.00,14277
AT,2040.04.19.10.00,13974
AT,2040.04.19.11.00,13924
AT,2040.04.19.12.00,13678
AT,2040.04.19.13.00,13536
AT,2040.04.19.14.00,13247
AT,2040.04.19.15.00,13212
AT,2040.04.19.16.00,13319
AT,2040.04.19.17.00,13368
AT,2040.04.19.18.00,12903
AT,2040.04.19.19.00,11970
AT,2040.04.19.20.00,11622
AT,2040.04.19.21.00,10781
AT,2040.04.19.22.00,10224
AT,2040.04.19.23.00,9778
AT,2040.07.24.00.00,7738
AT,2040.07.24.01.00,7617
AT,2040.07.24.02.00,7928
AT,2040.07.24.03.00,8810
AT,2040.07.24.04.00,10235
AT,2040.07.24.05.00,11341
AT,2040.07.24.06.00,11967
AT,2040.07.24.07.00,12083
AT,2040.07.24.08.00,12152
AT,2040.07.24.09.00,12478
AT,2040.07.24.10.00,12201
AT,2040.07.24.11.00,12438
AT,2040.07.24.12.00,12284
AT,2040.07.24.13.00,12275
AT,2040.07.24.14.00,12745
AT,2040.07.24.15.00,12703
AT,2040.07.24.16.00,12164
AT,2040.07.24.17.00,11787
AT,2040.07.24.18.00,11333
AT,2040.07.24.19.00,10730
AT,2040.07.24.20.00,10135
AT,2040.07.24.21.00,9295
AT,2040.07.24.22.00,8875
AT,2040.07.24.23.00,8427
AT,2040.10.13.00.00,9637
AT,2040.10.13.01.00,9521
AT,2040.10.13.02.00,9683
AT,2040.10.13.03.00,11093
AT,2040.10.13.04.00,13438
AT,2040.10.13.05.00,14845
AT,2040.10.13.06.00,15154
AT,2040.10.13.07.00,14633
AT,2040.10.13.08.00,14148
AT,2040.10.13.09.00,13698
AT,2040.10.13.10.00,12965
AT,2040.10.13.11.00,12615
AT,2040.10.13.12.00,12445
AT,2040.10.13.13.00,12621
AT,2040.10.13.14.00,13018
AT,2040.10.13.15.00,13767
AT,2040.10.13.16.00,14270
AT,2040.10.13.17.00,13909
AT,2040.10.13.18.00,12762
AT,2040.10.13.19.00,11704
AT,2040.10.13.20.00,11208
AT,2040.10.13.21.00,10577
AT,2040.10.13.22.00,10235
AT,2040.10.13.23.00,9730
BE,2040.01.02.00.00,12605
BE,2040.01.02.01.00,11742
BE,2040.01.02.02.00,11699
BE,2040.01.02.03.00,11909
BE,2040.01.02.04.00,12666
BE,2040.01.02.05.00,14149
BE,2040.01.02.06.00,14858
BE,2040.01.02.07.00,16219
BE,2040.01.02.08.00,16912
BE,2040.01.02.09.00,17509
BE,2040.01.02.10.00,18086
BE,2040.01.02.11.00,18121
BE,2040.01.02.12.00,17764
BE,2040.01.02.13.00,17653
BE,2040.01.02.14.00,17582
BE,2040.01.02.15.00,17705
BE,2040.01.02.16.00,18782
BE,2040.01.02.17.00,18980
BE,2040.01.02.18.00,18198
BE,2040.01.02.19.00,17300
BE,2040.01.02.20.00,16404
BE,2040.01.02.21.00,16485
BE,2040.01.02.22.00,16244
BE,2040.01.02.23.00,15301
BE,2040.04.19.00.00,12707
BE,2040.04.19.01.00,12565
BE,2040.04.19.02.00,12880
BE,2040.04.19.03.00,13498
BE,2040.04.19.04.00,14843
BE,2040.04.19.05.00,16119
BE,2040.04.19.06.00,16751
BE,2040.04.19.07.00,17398
BE,2040.04.19.08.00,17592
BE,2040.04.19.09.00,17805
BE,2040.04.19.10.00,17456
BE,2040.04.19.11.00,17643
BE,2040.04.19.12.00,18179
BE,2040.04.19.13.00,17599
BE,2040.04.19.14.00,16392
BE,2040.04.19.15.00,15673
BE,2040.04.19.16.00,15862
BE,2040.04.19.17.00,15968
BE,2040.04.19.18.00,15923
BE,2040.04.19.19.00,15542
BE,2040.04.19.20.00,15392
BE,2040.04.19.21.00,15067
BE,2040.04.19.22.00,14321
BE,2040.04.19.23.00,13903
BE,2040.07.24.00.00,10864
BE,2040.07.24.01.00,10883
BE,2040.07.24.02.00,10960
BE,2040.07.24.03.00,11376
BE,2040.07.24.04.00,12056
BE,2040.07.24.05.00,13034
BE,2040.07.24.06.00,13622
BE,2040.07.24.07.00,13873
BE,2040.07.24.08.00,14291
BE,2040.07.24.09.00,14679
BE,2040.07.24.10.00,13926
BE,2040.07.24.11.00,14457
BE,2040.07.24.12.00,14455
BE,2040.07.24.13.00,13787
BE,2040.07.24.14.00,13486
BE,2040.07.24.15.00,13795
BE,2040.07.24.16.00,14051
BE,2040.07.24.17.00,13789
BE,2040.07.24.18.00,13603
BE,2040.07.24.19.00,13282
BE,2040.07.24.20.00,13396
BE,2040.07.24.21.00,12728
BE,2040.07.24.22.00,11826
BE,2040.07.24.23.00,11581
BE,2040.10.13.00.00,13207
BE,2040.10.13.01.00,12958
BE,2040.10.13.02.00,13301
BE,2040.10.13.03.00,14159
BE,2040.10.13.04.00,15793
BE,2040.10.13.05.00,17732
BE,2040.10.13.06.00,18613
BE,2040.10.13.07.00,19044
BE,2040.10.13.08.00,18726
BE,2040.10.13.09.00,18629
BE,2040.10.13.10.00,18571
BE,2040.10.13.11.00,18332
BE,2040.10.13.12.00,18153
BE,2040.10.13.13.00,18116
BE,2040.10.13.14.00,18166
BE,2040.10.13.15.00,18563
BE,2040.10.13.16.00,18951
BE,2040.10.13.17.00,18971
BE,2040.10.13.18.00,17921
BE,2040.10.13.19.00,16450
BE,2040.10.13.20.00,16350
BE,2040.10.13.21.00,15160
BE,2040.10.13.22.00,14698
BE,2040.10.13.23.00,13491
BG,2040.01.02.00.00,6740
BG,2040.01.02.01.00,6661
BG,2040.01.02.02.00,6662
BG,2040.01.02.03.00,6812
BG,2040.01.02.04.00,7072
BG,2040.01.02.05.00,7516
BG,2040.01.02.06.00,8258
BG,2040.01.02.07.00,8731
BG,2040.01.02.08.00,8720
BG,2040.01.02.09.00,8472
BG,2040.01.02.10.00,8219
BG,2040.01.02.11.00,7898
BG,2040.01.02.12.00,7722
BG,2040.01.02.13.00,7840
BG,2040.01.02.14.00,8421
BG,2040.01.02.15.00,9470
BG,2040.01.02.16.00,9998
BG,2040.01.02.17.00,9905
BG,2040.01.02.18.00,9614
BG,2040.01.02.19.00,9244
BG,2040.01.02.20.00,8880
BG,2040.01.02.21.00,8227
BG,2040.01.02.22.00,7604
BG,2040.01.02.23.00,7203
BG,2040.04.19.00.00,5582
BG,2040.04.19.01.00,5641
BG,2040.04.19.02.00,5875
BG,2040.04.19.03.00,6566
BG,2040.04.19.04.00,7307
BG,2040.04.19.05.00,7817
BG,2040.04.19.06.00,7952
BG,2040.04.19.07.00,7772
BG,2040.04.19.08.00,7591
BG,2040.04.19.09.00,7397
BG,2040.04.19.10.00,7264
BG,2040.04.19.11.00,7132
BG,2040.04.19.12.00,7082
BG,2040.04.19.13.00,7067
BG,2040.04.19.14.00,7111
BG,2040.04.19.15.00,7459
BG,2040.04.19.16.00,7831
BG,2040.04.19.17.00,8102
BG,2040.04.19.18.00,7894
BG,2040.04.19.19.00,7482
BG,2040.04.19.20.00,6992
BG,2040.04.19.21.00,6321
BG,2040.04.19.22.00,5892
BG,2040.04.19.23.00,5691
BG,2040.07.24.00.00,5176
BG,2040.07.24.01.00,5194
BG,2040.07.24.02.00,5324
BG,2040.07.24.03.00,5722
BG,2040.07.24.04.00,6191
BG,2040.07.24.05.00,6720
BG,2040.07.24.06.00,7142
BG,2040.07.24.07.00,7274
BG,2040.07.24.08.00,7514
BG,2040.07.24.09.00,7652
BG,2040.07.24.10.00,7830
BG,2040.07.24.11.00,7780
BG,2040.07.24.12.00,7819
BG,2040.07.24.13.00,7875
BG,2040.07.24.14.00,7964
BG,2040.07.24.15.00,8030
BG,2040.07.24.16.00,8014
BG,2040.07.24.17.00,7790
BG,2040.07.24.18.00,7701
BG,2040.07.24.19.00,7325
BG,2040.07.24.20.00,6827
BG,2040.07.24.21.00,6328
BG,2040.07.24.22.00,5877
BG,2040.07.24.23.00,5649
BG,2040.10.13.00.00,5519
BG,2040.10.13.01.00,5571
BG,2040.10.13.02.00,5835
BG,2040.10.13.03.00,6546
BG,2040.10.13.04.00,7227
BG,2040.10.13.05.00,7636
BG,2040.10.13.06.00,7581
BG,2040.10.13.07.00,7251
BG,2040.10.13.08.00,7203
BG,2040.10.13.09.00,7010
BG,2040.10.13.10.00,7031
BG,2040.10.13.11.00,6986
BG,2040.10.13.12.00,7039
BG,2040.10.13.13.00,7112
BG,2040.10.13.14.00,7157
BG,2040.10.13.15.00,7546
BG,2040.10.13.16.00,8106
BG,2040.10.13.17.00,7823
BG,2040.10.13.18.00,7271
BG,2040.10.13.19.00,6996
BG,2040.10.13.20.00,6676
BG,2040.10.13.21.00,6111
BG,2040.10.13.22.00,5737
BG,2040.10.13.23.00,5556
CZ,2040.01.02.00.00,9911
CZ,2040.01.02.01.00,9678
CZ,2040.01.02.02.00,9467
CZ,2040.01.02.03.00,9795
CZ,2040.01.02.04.00,10878
CZ,2040.01.02.05.00,12785
CZ,2040.01.02.06.00,13963
CZ,2040.01.02.07.00,14516
CZ,2040.01.02.08.00,14943
CZ,2040.01.02.09.00,15096
CZ,2040.01.02.10.00,15212
CZ,2040.01.02.11.00,15310
CZ,2040.01.02.12.00,15365
CZ,2040.01.02.13.00,15117
CZ,2040.01.02.14.00,15174
CZ,2040.01.02.15.00,15394
CZ,2040.01.02.16.00,15367
CZ,2040.01.02.17.00,15177
CZ,2040.01.02.18.00,15125
CZ,2040.01.02.19.00,14497
CZ,2040.01.02.20.00,13739
CZ,2040.01.02.21.00,12926
CZ,2040.01.02.22.00,11978
CZ,2040.01.02.23.00,11366
CZ,2040.04.19.00.00,10527
CZ,2040.04.19.01.00,10389
CZ,2040.04.19.02.00,10682
CZ,2040.04.19.03.00,11600
CZ,2040.04.19.04.00,13339
CZ,2040.04.19.05.00,14317
CZ,2040.04.19.06.00,14655
CZ,2040.04.19.07.00,14923
CZ,2040.04.19.08.00,14703
CZ,2040.04.19.09.00,14583
CZ,2040.04.19.10.00,14559
CZ,2040.04.19.11.00,14462
CZ,2040.04.19.12.00,14051
CZ,2040.04.19.13.00,13990
CZ,2040.04.19.14.00,13887
CZ,2040.04.19.15.00,13820
CZ,2040.04.19.16.00,13659
CZ,2040.04.19.17.00,13748
CZ,2040.04.19.18.00,13642
CZ,2040.04.19.19.00,12962
CZ,2040.04.19.20.00,12341
CZ,2040.04.19.21.00,11563
CZ,2040.04.19.22.00,11139
CZ,2040.04.19.23.00,11200
CZ,2040.07.24.00.00,7932
CZ,2040.07.24.01.00,7794
CZ,2040.07.24.02.00,7944
CZ,2040.07.24.03.00,8353
CZ,2040.07.24.04.00,9671
CZ,2040.07.24.05.00,10593
CZ,2040.07.24.06.00,11315
CZ,2040.07.24.07.00,11785
CZ,2040.07.24.08.00,12090
CZ,2040.07.24.09.00,12422
CZ,2040.07.24.10.00,12468
CZ,2040.07.24.11.00,12430
CZ,2040.07.24.12.00,12121
CZ,2040.07.24.13.00,11865
CZ,2040.07.24.14.00,11624
CZ,2040.07.24.15.00,11292
CZ,2040.07.24.16.00,10856
CZ,2040.07.24.17.00,10684
CZ,2040.07.24.18.00,10371
CZ,2040.07.24.19.00,10197
CZ,2040.07.24.20.00,9729
CZ,2040.07.24.21.00,9044
CZ,2040.07.24.22.00,8499
CZ,2040.07.24.23.00,8386
CZ,2040.10.13.00.00,10168
CZ,2040.10.13.01.00,10053
CZ,2040.10.13.02.00,10297
CZ,2040.10.13.03.00,11221
CZ,2040.10.13.04.00,13230
CZ,2040.10.13.05.00,14133
CZ,2040.10.13.06.00,14570
CZ,2040.10.13.07.00,14829
CZ,2040.10.13.08.00,14684
CZ,2040.10.13.09.00,14778
CZ,2040.10.13.10.00,14781
CZ,2040.10.13.11.00,14549
CZ,2040.10.13.12.00,14244
CZ,2040.10.13.13.00,14146
CZ,2040.10.13.14.00,13686
CZ,2040.10.13.15.00,13388
CZ,2040.10.13.16.00,13548
CZ,2040.10.13.17.00,13695
CZ,2040.10.13.18.00,12908
CZ,2040.10.13.19.00,11985
CZ,2040.10.13.20.00,11100
CZ,2040.10.13.21.00,10437
CZ,2040.10.13.22.00,9684
CZ,2040.10.13.23.00,9492
DE,2040.01.02.00.00,66844
DE,2040.01.02.01.00,66581
DE,2040.01.02.02.00,68042
DE,2040.01.02.03.00,71319
DE,2040.01.02.04.00,77175
DE,2040.01.02.05.00,88818
DE,2040.01.02.06.00,98721
DE,2040.01.02.07.00,106107
DE,2040.01.02.08.00,108397
DE,2040.01.02.09.00,111786
DE,2040.01.02.10.00,114453
DE,2040.01.02.11.00,116185
DE,2040.01.02.12.00,114064
DE,2040.01.02.13.00,111687
DE,2040.01.02.14.00,111358
DE,2040.01.02.15.00,113003
DE,2040.01.02.16.00,115283
DE,2040.01.02.17.00,114446
DE,2040.01.02.18.00,112434
DE,2040.01.02.19.00,105672
DE,2040.01.02.20.00,100301
DE,2040.01.02.21.00,94706
DE,2040.01.02.22.00,88884
DE,2040.01.02.23.00,83477
DE,2040.04.19.00.00,73986
DE,2040.04.19.01.00,74650
DE,2040.04.19.02.00,77215
DE,2040.04.19.03.00,83264
DE,2040.04.19.04.00,93917
DE,2040.04.19.05.00,100899
DE,2040.04.19.06.00,104588
DE,2040.04.19.07.00,105788
DE,2040.04.19.08.00,107624
DE,2040.04.19.09.00,109012
DE,2040.04.19.10.00,106743
DE,2040.04.19.11.00,105179
DE,2040.04.19.12.00,102088
DE,2040.04.19.13.00,99756
DE,2040.04.19.14.00,98113
DE,2040.04.19.15.00,98959
DE,2040.04.19.16.00,99182
DE,2040.04.19.17.00,101793
DE,2040.04.19.18.00,99456
DE,2040.04.19.19.00,95198
DE,2040.04.19.20.00,89414
DE,2040.04.19.21.00,83321
DE,2040.04.19.22.00,79361
DE,2040.04.19.23.00,76414
DE,2040.07.24.00.00,63557
DE,2040.07.24.01.00,63244
DE,2040.07.24.02.00,64630
DE,2040.07.24.03.00,70911
DE,2040.07.24.04.00,82687
DE,2040.07.24.05.00,91062
DE,2040.07.24.06.00,97631
DE,2040.07.24.07.00,101447
DE,2040.07.24.08.00,103630
DE,2040.07.24.09.00,105555
DE,2040.07.24.10.00,103991
DE,2040.07.24.11.00,102491
DE,2040.07.24.12.00,100405
DE,2040.07.24.13.00,95449
DE,2040.07.24.14.00,93949
DE,2040.07.24.15.00,94048
DE,2040.07.24.16.00,93834
DE,2040.07.24.17.00,92655
DE,2040.07.24.18.00,89250
DE,2040.07.24.19.00,85738
DE,2040.07.24.20.00,81630
DE,2040.07.24.21.00,76155
DE,2040.07.24.22.00,71697
DE,2040.07.24.23.00,69615
DE,2040.10.13.00.00,76768
DE,2040.10.13.01.00,78554
DE,2040.10.13.02.00,79987
DE,2040.10.13.03.00,87356
DE,2040.10.13.04.00,102533
DE,2040.10.13.05.00,113612
DE,2040.10.13.06.00,118571
DE,2040.10.13.07.00,120413
DE,2040.10.13.08.00,120759
DE,2040.10.13.09.00,120804
DE,2040.10.13.10.00,119407
DE,2040.10.13.11.00,115399
DE,2040.10.13.12.00,111011
DE,2040.10.13.13.00,110437
DE,2040.10.13.14.00,110936
DE,2040.10.13.15.00,111727
DE,2040.10.13.16.00,113761
DE,2040.10.13.17.00,113768
DE,2040.10.13.18.00,105886
DE,2040.10.13.19.00,98092
DE,2040.10.13.20.00,92477
DE,2040.10.13.21.00,86489
DE,2040.10.13.22.00,82136
DE,2040.10.13.23.00,77567
DK,2040.01.02.00.00,5646
DK,2040.01.02.01.00,5630
DK,2040.01.02.02.00,5629
DK,2040.01.02.03.00,5682
DK,2040.01.02.04.00,6103
DK,2040.01.02.05.00,6952
DK,2040.01.02.06.00,7911
DK,2040.01.02.07.00,8405
DK,2040.01.02.08.00,8608
DK,2040.01.02.09.00,8817
DK,2040.01.02.10.00,8901
DK,2040.01.02.11.00,8776
DK,2040.01.02.12.00,8782
DK,2040.01.02.13.00,8669
DK,2040.01.02.14.00,8569
DK,2040.01.02.15.00,8857
DK,2040.01.02.16.00,9344
DK,2040.01.02.17.00,8831
DK,2040.01.02.18.00,8321
DK,2040.01.02.19.00,7770
DK,2040.01.02.20.00,7352
DK,2040.01.02.21.00,6993
DK,2040.01.02.22.00,6644
DK,2040.01.02.23.00,6531
DK,2040.04.19.00.00,5473
DK,2040.04.19.01.00,5420
DK,2040.04.19.02.00,5419
DK,2040.04.19.03.00,5645
DK,2040.04.19.04.00,6498
DK,2040.04.19.05.00,7412
DK,2040.04.19.06.00,7484
DK,2040.04.19.07.00,7507
DK,2040.04.19.08.00,7572
DK,2040.04.19.09.00,7648
DK,2040.04.19.10.00,7625
DK,2040.04.19.11.00,7622
DK,2040.04.19.12.00,7276
DK,2040.04.19.13.00,7258
DK,2040.04.19.14.00,7280
DK,2040.04.19.15.00,7431
DK,2040.04.19.16.00,7222
DK,2040.04.19.17.00,6945
DK,2040.04.19.18.00,6671
DK,2040.04.19.19.00,6426
DK,2040.04.19.20.00,6183
DK,2040.04.19.21.00,5872
DK,2040.04.19.22.00,5676
DK,2040.04.19.23.00,5634
DK,2040.07.24.00.00,4521
DK,2040.07.24.01.00,4398
DK,2040.07.24.02.00,4426
DK,2040.07.24.03.00,4526
DK,2040.07.24.04.00,5015
DK,2040.07.24.05.00,5648
DK,2040.07.24.06.00,6099
DK,2040.07.24.07.00,6320
DK,2040.07.24.08.00,6475
DK,2040.07.24.09.00,6325
DK,2040.07.24.10.00,6414
DK,2040.07.24.11.00,6341
DK,2040.07.24.12.00,6282
DK,2040.07.24.13.00,6229
DK,2040.07.24.14.00,6117
DK,2040.07.24.15.00,6393
DK,2040.07.24.16.00,6451
DK,2040.07.24.17.00,6102
DK,2040.07.24.18.00,5772
DK,2040.07.24.19.00,5520
DK,2040.07.24.20.00,5307
DK,2040.07.24.21.00,4973
DK,2040.07.24.22.00,4744
DK,2040.07.24.23.00,4697
DK,2040.10.13.00.00,6089
DK,2040.10.13.01.00,6056
DK,2040.10.13.02.00,6071
DK,2040.10.13.03.00,6401
DK,2040.10.13.04.00,7294
DK,2040.10.13.05.00,8429
DK,2040.10.13.06.00,8856
DK,2040.10.13.07.00,8880
DK,2040.10.13.08.00,9021
DK,2040.10.13.09.00,9073
DK,2040.10.13.10.00,9110
DK,2040.10.13.11.00,9165
DK,2040.10.13.12.00,8902
DK,2040.10.13.13.00,8752
DK,2040.10.13.14.00,8588
DK,2040.10.13.15.00,8656
DK,2040.10.13.16.00,8553
DK,2040.10.13.17.00,8066
DK,2040.10.13.18.00,7572
DK,2040.10.13.19.00,7251
DK,2040.10.13.20.00,6934
DK,2040.10.13.21.00,6753
DK,2040.10.13.22.00,6784
DK,2040.10.13.23.00,6537
EE,2040.01.02.00.00,1439
EE,2040.01.02.01.00,1434
EE,2040.01.02.02.00,1445
EE,2040.01.02.03.00,1492
EE,2040.01.02.04.00,1651
EE,2040.01.02.05.00,1834
EE,2040.01.02.06.00,2013
EE,2040.01.02.07.00,2132
EE,2040.01.02.08.00,2163
EE,2040.01.02.09.00,2177
EE,2040.01.02.10.00,2182
EE,2040.01.02.11.00,2190
EE,2040.01.02.12.00,2185
EE,2040.01.02.13.00,2217
EE,2040.01.02.14.00,2262
EE,2040.01.02.15.00,2225
EE,2040.01.02.16.00,2119
EE,2040.01.02.17.00,2046
EE,2040.01.02.18.00,1993
EE,2040.01.02.19.00,1909
EE,2040.01.02.20.00,1783
EE,2040.01.02.21.00,1676
EE,2040.01.02.22.00,1654
EE,2040.01.02.23.00,1612
EE,2040.04.19.00.00,1218
EE,2040.04.19.01.00,1223
EE,2040.04.19.02.00,1251
EE,2040.04.19.03.00,1406
EE,2040.04.19.04.00,1612
EE,2040.04.19.05.00,1638
EE,2040.04.19.06.00,1531
EE,2040.04.19.07.00,1406
EE,2040.04.19.08.00,1403
EE,2040.04.19.09.00,1393
EE,2040.04.19.10.00,1393
EE,2040.04.19.11.00,1367
EE,2040.04.19.12.00,1324
EE,2040.04.19.13.00,1310
EE,2040.04.19.14.00,1406
EE,2040.04.19.15.00,1509
EE,2040.04.19.16.00,1573
EE,2040.04.19.17.00,1546
EE,2040.04.19.18.00,1587
EE,2040.04.19.19.00,1503
EE,2040.04.19.20.00,1342
EE,2040.04.19.21.00,1269
EE,2040.04.19.22.00,1214
EE,2040.04.19.23.00,1212
EE,2040.07.24.00.00,959
EE,2040.07.24.01.00,932
EE,2040.07.24.02.00,929
EE,2040.07.24.03.00,1106
EE,2040.07.24.04.00,1268
EE,2040.07.24.05.00,1356
EE,2040.07.24.06.00,1405
EE,2040.07.24.07.00,1439
EE,2040.07.24.08.00,1499
EE,2040.07.24.09.00,1548
EE,2040.07.24.10.00,1583
EE,2040.07.24.11.00,1578
EE,2040.07.24.12.00,1499
EE,2040.07.24.13.00,1474
EE,2040.07.24.14.00,1449
EE,2040.07.24.15.00,1435
EE,2040.07.24.16.00,1451
EE,2040.07.24.17.00,1386
EE,2040.07.24.18.00,1289
EE,2040.07.24.19.00,1249
EE,2040.07.24.20.00,1169
EE,2040.07.24.21.00,1078
EE,2040.07.24.22.00,1028
EE,2040.07.24.23.00,1013
EE,2040.10.13.00.00,1378
EE,2040.10.13.01.00,1380
EE,2040.10.13.02.00,1442
EE,2040.10.13.03.00,1644
EE,2040.10.13.04.00,1853
EE,2040.10.13.05.00,1934
EE,2040.10.13.06.00,1943
EE,2040.10.13.07.00,1769
EE,2040.10.13.08.00,1551
EE,2040.10.13.09.00,1525
EE,2040.10.13.10.00,1560
EE,2040.10.13.11.00,1587
EE,2040.10.13.12.00,1618
EE,2040.10.13.13.00,1668
EE,2040.10.13.14.00,1779
EE,2040.10.13.15.00,1883
EE,2040.10.13.16.00,1891
EE,2040.10.13.17.00,1833
EE,2040.10.13.18.00,1733
EE,2040.10.13.19.00,1706
EE,2040.10.13.20.00,1580
EE,2040.10.13.21.00,1523
EE,2040.10.13.22.00,1488
EE,2040.10.13.23.00,1462
ES,2040.01.02.00.00,34981
ES,2040.01.02.01.00,33311
ES,2040.01.02.02.00,32507
ES,2040.01.02.03.00,32473
ES,2040.01.02.04.00,33641
ES,2040.01.02.05.00,37767
ES,2040.01.02.06.00,42444
ES,2040.01.02.07.00,45974
ES,2040.01.02.08.00,48678
ES,2040.01.02.09.00,50749
ES,2040.01.02.10.00,51251
ES,2040.01.02.11.00,51409
ES,2040.01.02.12.00,52171
ES,2040.01.02.13.00,52115
ES,2040.01.02.14.00,50905
ES,2040.01.02.15.00,50571
ES,2040.01.02.16.00,50758
ES,2040.01.02.17.00,52994
ES,2040.01.02.18.00,54139
ES,2040.01.02.19.00,55466
ES,2040.01.02.20.00,54679
ES,2040.01.02.21.00,50633
ES,2040.01.02.22.00,46029
ES,2040.01.02.23.00,43003
ES,2040.04.19.00.00,35483
ES,2040.04.19.01.00,34826
ES,2040.04.19.02.00,34553
ES,2040.04.19.03.00,35144
ES,2040.04.19.04.00,38460
ES,2040.04.19.05.00,43639
ES,2040.04.19.06.00,45787
ES,2040.04.19.07.00,46194
ES,2040.04.19.08.00,45456
ES,2040.04.19.09.00,44956
ES,2040.04.19.10.00,44982
ES,2040.04.19.11.00,44858
ES,2040.04.19.12.00,44065
ES,2040.04.19.13.00,43102
ES,2040.04.19.14.00,42619
ES,2040.04.19.15.00,42726
ES,2040.04.19.16.00,43050
ES,2040.04.19.17.00,44003
ES,2040.04.19.18.00,46209
ES,2040.04.19.19.00,49294
ES,2040.04.19.20.00,46424
ES,2040.04.19.21.00,42035
ES,2040.04.19.22.00,39000
ES,2040.04.19.23.00,37029
ES,2040.07.24.00.00,40450
ES,2040.07.24.01.00,38861
ES,2040.07.24.02.00,38214
ES,2040.07.24.03.00,38588
ES,2040.07.24.04.00,41499
ES,2040.07.24.05.00,45155
ES,2040.07.24.06.00,48377
ES,2040.07.24.07.00,50767
ES,2040.07.24.08.00,52545
ES,2040.07.24.09.00,53660
ES,2040.07.24.10.00,54612
ES,2040.07.24.11.00,56042
ES,2040.07.24.12.00,56459
ES,2040.07.24.13.00,55515
ES,2040.07.24.14.00,54863
ES,2040.07.24.15.00,54829
ES,2040.07.24.16.00,54436
ES,2040.07.24.17.00,54451
ES,2040.07.24.18.00,54254
ES,2040.07.24.19.00,54095
ES,2040.07.24.20.00,53046
ES,2040.07.24.21.00,49621
ES,2040.07.24.22.00,46571
ES,2040.07.24.23.00,44035
ES,2040.10.13.00.00,36517
ES,2040.10.13.01.00,35658
ES,2040.10.13.02.00,35220
ES,2040.10.13.03.00,35783
ES,2040.10.13.04.00,38394
ES,2040.10.13.05.00,42653
ES,2040.10.13.06.00,45352
ES,2040.10.13.07.00,46407
ES,2040.10.13.08.00,46537
ES,2040.10.13.09.00,46163
ES,2040.10.13.10.00,46599
ES,2040.10.13.11.00,47356
ES,2040.10.13.12.00,48048
ES,2040.10.13.13.00,46500
ES,2040.10.13.14.00,46100
ES,2040.10.13.15.00,47297
ES,2040.10.13.16.00,48380
ES,2040.10.13.17.00,49487
ES,2040.10.13.18.00,52171
ES,2040.10.13.19.00,51717
ES,2040.10.13.20.00,47589
ES,2040.10.13.21.00,43861
ES,2040.10.13.22.00,41249
ES,2040.10.13.23.00,39090
FR,2040.01.02.00.00,79128
FR,2040.01.02.01.00,77873
FR,2040.01.02.02.00,73725
FR,2040.01.02.03.00,72560
FR,2040.01.02.04.00,76034
FR,2040.01.02.05.00,82887
FR,2040.01.02.06.00,89332
FR,2040.01.02.07.00,94047
FR,2040.01.02.08.00,96921
FR,2040.01.02.09.00,99457
FR,2040.01.02.10.00,101329
FR,2040.01.02.11.00,102357
FR,2040.01.02.12.00,99831
FR,2040.01.02.13.00,99270
FR,2040.01.02.14.00,97596
FR,2040.01.02.15.00,96481
FR,2040.01.02.16.00,101708
FR,2040.01.02.17.00,108437
FR,2040.01.02.18.00,109528
FR,2040.01.02.19.00,103389
FR,2040.01.02.20.00,97655
FR,2040.01.02.21.00,97777
FR,2040.01.02.22.00,98262
FR,2040.01.02.23.00,93947
FR,2040.04.19.00.00,74108
FR,2040.04.19.01.00,70988
FR,2040.04.19.02.00,69574
FR,2040.04.19.03.00,73086
FR,2040.04.19.04.00,80170
FR,2040.04.19.05.00,86329
FR,2040.04.19.06.00,89589
FR,2040.04.19.07.00,89632
FR,2040.04.19.08.00,88338
FR,2040.04.19.09.00,87929
FR,2040.04.19.10.00,87822
FR,2040.04.19.11.00,84976
FR,2040.04.19.12.00,82866
FR,2040.04.19.13.00,80709
FR,2040.04.19.14.00,77396
FR,2040.04.19.15.00,75652
FR,2040.04.19.16.00,77978
FR,2040.04.19.17.00,80825
FR,2040.04.19.18.00,80636
FR,2040.04.19.19.00,78722
FR,2040.04.19.20.00,78939
FR,2040.04.19.21.00,79352
FR,2040.04.19.22.00,75328
FR,2040.04.19.23.00,72774
FR,2040.07.24.00.00,62084
FR,2040.07.24.01.00,59602
FR,2040.07.24.02.00,56903
FR,2040.07.24.03.00,56106
FR,2040.07.24.04.00,59191
FR,2040.07.24.05.00,63085
FR,2040.07.24.06.00,68362
FR,2040.07.24.07.00,74147
FR,2040.07.24.08.00,77794
FR,2040.07.24.09.00,80260
FR,2040.07.24.10.00,81701
FR,2040.07.24.11.00,83611
FR,2040.07.24.12.00,82270
FR,2040.07.24.13.00,80851
FR,2040.07.24.14.00,79803
FR,2040.07.24.15.00,77786
FR,2040.07.24.16.00,77300
FR,2040.07.24.17.00,78574
FR,2040.07.24.18.00,79654
FR,2040.07.24.19.00,76136
FR,2040.07.24.20.00,73949
FR,2040.07.24.21.00,76185
FR,2040.07.24.22.00,75147
FR,2040.07.24.23.00,69345
FR,2040.10.13.00.00,70039
FR,2040.10.13.01.00,67752
FR,2040.10.13.02.00,64218
FR,2040.10.13.03.00,62774
FR,2040.10.13.04.00,65689
FR,2040.10.13.05.00,73394
FR,2040.10.13.06.00,81457
FR,2040.10.13.07.00,84113
FR,2040.10.13.08.00,85850
FR,2040.10.13.09.00,87418
FR,2040.10.13.10.00,88951
FR,2040.10.13.11.00,90796
FR,2040.10.13.12.00,89044
FR,2040.10.13.13.00,86948
FR,2040.10.13.14.00,84591
FR,2040.10.13.15.00,82207
FR,2040.10.13.16.00,81895
FR,2040.10.13.17.00,83893
FR,2040.10.13.18.00,87969
FR,2040.10.13.19.00,84046
FR,2040.10.13.20.00,78737
FR,2040.10.13.21.00,79472
FR,2040.10.13.22.00,79293
FR,2040.10.13.23.00,73243
HR,2040.01.02.00.00,2577
HR,2040.01.02.01.00,2447
HR,2040.01.02.02.00,2399
HR,2040.01.02.03.00,2451
HR,2040.01.02.04.00,2681
HR,2040.01.02.05.00,3158
HR,2040.01.02.06.00,3458
HR,2040.01.02.07.00,3725
HR,2040.01.02.08.00,3875
HR,2040.01.02.09.00,3873
HR,2040.01.02.10.00,3878
HR,2040.01.02.11.00,3828
HR,2040.01.02.12.00,3759
HR,2040.01.02.13.00,3660
HR,2040.01.02.14.00,3621
HR,2040.01.02.15.00,3846
HR,2040.01.02.16.00,4129
HR,2040.01.02.17.00,4108
HR,2040.01.02.18.00,4108
HR,2040.01.02.19.00,4013
HR,2040.01.02.20.00,3985
HR,2040.01.02.21.00,3699
HR,2040.01.02.22.00,3335
HR,2040.01.02.23.00,2969
HR,2040.04.19.00.00,2560
HR,2040.04.19.01.00,2511
HR,2040.04.19.02.00,2557
HR,2040.04.19.03.00,2785
HR,2040.04.19.04.00,3307
HR,2040.04.19.05.00,3749
HR,2040.04.19.06.00,3835
HR,2040.04.19.07.00,3766
HR,2040.04.19.08.00,3630
HR,2040.04.19.09.00,3699
HR,2040.04.19.10.00,3682
HR,2040.04.19.11.00,3635
HR,2040.04.19.12.00,3516
HR,2040.04.19.13.00,3398
HR,2040.04.19.14.00,3330
HR,2040.04.19.15.00,3364
HR,2040.04.19.16.00,3507
HR,2040.04.19.17.00,3760
HR,2040.04.19.18.00,4029
HR,2040.04.19.19.00,3869
HR,2040.04.19.20.00,3696
HR,2040.04.19.21.00,3275
HR,2040.04.19.22.00,2891
HR,2040.04.19.23.00,2664
HR,2040.07.24.00.00,2834
HR,2040.07.24.01.00,2783
HR,2040.07.24.02.00,2772
HR,2040.07.24.03.00,2827
HR,2040.07.24.04.00,3233
HR,2040.07.24.05.00,3685
HR,2040.07.24.06.00,4053
HR,2040.07.24.07.00,4295
HR,2040.07.24.08.00,4435
HR,2040.07.24.09.00,4675
HR,2040.07.24.10.00,4853
HR,2040.07.24.11.00,4918
HR,2040.07.24.12.00,4953
HR,2040.07.24.13.00,4894
HR,2040.07.24.14.00,4876
HR,2040.07.24.15.00,4832
HR,2040.07.24.16.00,4826
HR,2040.07.24.17.00,4872
HR,2040.07.24.18.00,4886
HR,2040.07.24.19.00,4888
HR,2040.07.24.20.00,4695
HR,2040.07.24.21.00,4180
HR,2040.07.24.22.00,3742
HR,2040.07.24.23.00,3418
HR,2040.10.13.00.00,2706
HR,2040.10.13.01.00,2704
HR,2040.10.13.02.00,2754
HR,2040.10.13.03.00,2956
HR,2040.10.13.04.00,3536
HR,2040.10.13.05.00,3921
HR,2040.10.13.06.00,4043
HR,2040.10.13.07.00,4003
HR,2040.10.13.08.00,3925
HR,2040.10.13.09.00,3999
HR,2040.10.13.10.00,3972
HR,2040.10.13.11.00,3887
HR,2040.10.13.12.00,3813
HR,2040.10.13.13.00,3759
HR,2040.10.13.14.00,3796
HR,2040.10.13.15.00,3860
HR,2040.10.13.16.00,4121
HR,2040.10.13.17.00,4397
HR,2040.10.13.18.00,4200
HR,2040.10.13.19.00,3900
HR,2040.10.13.20.00,3674
HR,2040.10.13.21.00,3344
HR,2040.10.13.22.00,3033
HR,2040.10.13.23.00,2778
HU,2040.01.02.00.00,6634
HU,2040.01.02.01.00,6326
HU,2040.01.02.02.00,6231
HU,2040.01.02.03.00,6461
HU,2040.01.02.04.00,7068
HU,2040.01.02.05.00,8079
HU,2040.01.02.06.00,8699
HU,2040.01.02.07.00,9024
HU,2040.01.02.08.00,9153
HU,2040.01.02.09.00,9222
HU,2040.01.02.10.00,9385
HU,2040.01.02.11.00,9451
HU,2040.01.02.12.00,9392
HU,2040.01.02.13.00,9513
HU,2040.01.02.14.00,9848
HU,2040.01.02.15.00,10271
HU,2040.01.02.16.00,10291
HU,2040.01.02.17.00,10151
HU,2040.01.02.18.00,10049
HU,2040.01.02.19.00,9744
HU,2040.01.02.20.00,9488
HU,2040.01.02.21.00,9141
HU,2040.01.02.22.00,8690
HU,2040.01.02.23.00,8107
HU,2040.04.19.00.00,6969
HU,2040.04.19.01.00,6901
HU,2040.04.19.02.00,7078
HU,2040.04.19.03.00,7581
HU,2040.04.19.04.00,8541
HU,2040.04.19.05.00,8821
HU,2040.04.19.06.00,8404
HU,2040.04.19.07.00,8008
HU,2040.04.19.08.00,7760
HU,2040.04.19.09.00,7765
HU,2040.04.19.10.00,7826
HU,2040.04.19.11.00,7865
HU,2040.04.19.12.00,8026
HU,2040.04.19.13.00,8147
HU,2040.04.19.14.00,8246
HU,2040.04.19.15.00,8462
HU,2040.04.19.16.00,8846
HU,2040.04.19.17.00,9403
HU,2040.04.19.18.00,9661
HU,2040.04.19.19.00,9111
HU,2040.04.19.20.00,8641
HU,2040.04.19.21.00,8324
HU,2040.04.19.22.00,7827
HU,2040.04.19.23.00,7458
HU,2040.07.24.00.00,6270
HU,2040.07.24.01.00,6218
HU,2040.07.24.02.00,6365
HU,2040.07.24.03.00,6603
HU,2040.07.24.04.00,7351
HU,2040.07.24.05.00,7670
HU,2040.07.24.06.00,7676
HU,2040.07.24.07.00,7678
HU,2040.07.24.08.00,7697
HU,2040.07.24.09.00,7714
HU,2040.07.24.10.00,7891
HU,2040.07.24.11.00,7957
HU,2040.07.24.12.00,8148
HU,2040.07.24.13.00,8536
HU,2040.07.24.14.00,9029
HU,2040.07.24.15.00,9253
HU,2040.07.24.16.00,9477
HU,2040.07.24.17.00,9562
HU,2040.07.24.18.00,9584
HU,2040.07.24.19.00,9405
HU,2040.07.24.20.00,8848
HU,2040.07.24.21.00,8337
HU,2040.07.24.22.00,7732
HU,2040.07.24.23.00,7277
HU,2040.10.13.00.00,7457
HU,2040.10.13.01.00,7429
HU,2040.10.13.02.00,7610
HU,2040.10.13.03.00,8220
HU,2040.10.13.04.00,9496
HU,2040.10.13.05.00,10030
HU,2040.10.13.06.00,9917
HU,2040.10.13.07.00,9630
HU,2040.10.13.08.00,9081
HU,2040.10.13.09.00,8545
HU,2040.10.13.10.00,8253
HU,2040.10.13.11.00,8333
HU,2040.10.13.12.00,8597
HU,2040.10.13.13.00,9000
HU,2040.10.13.14.00,9619
HU,2040.10.13.15.00,10024
HU,2040.10.13.16.00,10618
HU,2040.10.13.17.00,10624
HU,2040.10.13.18.00,10126
HU,2040.10.13.19.00,9513
HU,2040.10.13.20.00,9062
HU,2040.10.13.21.00,8773
HU,2040.10.13.22.00,8214
HU,2040.10.13.23.00,7763
IT,2040.01.02.00.00,33901
IT,2040.01.02.01.00,32626
IT,2040.01.02.02.00,32084
IT,2040.01.02.03.00,32637
IT,2040.01.02.04.00,35405
IT,2040.01.02.05.00,41759
IT,2040.01.02.06.00,48482
IT,2040.01.02.07.00,54475
IT,2040.01.02.08.00,58424
IT,2040.01.02.09.00,58889
IT,2040.01.02.10.00,58885
IT,2040.01.02.11.00,57654
IT,2040.01.02.12.00,57006
IT,2040.01.02.13.00,57690
IT,2040.01.02.14.00,57966
IT,2040.01.02.15.00,59094
IT,2040.01.02.16.00,62389
IT,2040.01.02.17.00,62351
IT,2040.01.02.18.00,62282
IT,2040.01.02.19.00,59181
IT,2040.01.02.20.00,54686
IT,2040.01.02.21.00,49506
IT,2040.01.02.22.00,44618
IT,2040.01.02.23.00,39878
IT,2040.04.19.00.00,41769
IT,2040.04.19.01.00,41103
IT,2040.04.19.02.00,41491
IT,2040.04.19.03.00,44117
IT,2040.04.19.04.00,50604
IT,2040.04.19.05.00,59428
IT,2040.04.19.06.00,66358
IT,2040.04.19.07.00,67580
IT,2040.04.19.08.00,65363
IT,2040.04.19.09.00,63664
IT,2040.04.19.10.00,60152
IT,2040.04.19.11.00,59966
IT,2040.04.19.12.00,62215
IT,2040.04.19.13.00,62558
IT,2040.04.19.14.00,63196
IT,2040.04.19.15.00,62001
IT,2040.04.19.16.00,60823
IT,2040.04.19.17.00,62097
IT,2040.04.19.18.00,63949
IT,2040.04.19.19.00,59988
IT,2040.04.19.20.00,54286
IT,2040.04.19.21.00,49385
IT,2040.04.19.22.00,45382
IT,2040.04.19.23.00,42418
IT,2040.07.24.00.00,47736
IT,2040.07.24.01.00,46655
IT,2040.07.24.02.00,46818
IT,2040.07.24.03.00,49409
IT,2040.07.24.04.00,55894
IT,2040.07.24.05.00,64708
IT,2040.07.24.06.00,73672
IT,2040.07.24.07.00,78782
IT,2040.07.24.08.00,81522
IT,2040.07.24.09.00,82600
IT,2040.07.24.10.00,81045
IT,2040.07.24.11.00,83045
IT,2040.07.24.12.00,83290
IT,2040.07.24.13.00,83575
IT,2040.07.24.14.00,82767
IT,2040.07.24.15.00,80679
IT,2040.07.24.16.00,78422
IT,2040.07.24.17.00,77085
IT,2040.07.24.18.00,75456
IT,2040.07.24.19.00,73007
IT,2040.07.24.20.00,67908
IT,2040.07.24.21.00,63018
IT,2040.07.24.22.00,58902
IT,2040.07.24.23.00,55370
IT,2040.10.13.00.00,46510
IT,2040.10.13.01.00,45939
IT,2040.10.13.02.00,45961
IT,2040.10.13.03.00,48737
IT,2040.10.13.04.00,57670
IT,2040.10.13.05.00,66922
IT,2040.10.13.06.00,73752
IT,2040.10.13.07.00,76677
IT,2040.10.13.08.00,75645
IT,2040.10.13.09.00,73626
IT,2040.10.13.10.00,69675
IT,2040.10.13.11.00,69329
IT,2040.10.13.12.00,71145
IT,2040.10.13.13.00,72348
IT,2040.10.13.14.00,72843
IT,2040.10.13.15.00,70748
IT,2040.10.13.16.00,71192
IT,2040.10.13.17.00,73785
IT,2040.10.13.18.00,69095
IT,2040.10.13.19.00,63984
IT,2040.10.13.20.00,58220
IT,2040.10.13.21.00,53590
IT,2040.10.13.22.00,49757
IT,2040.10.13.23.00,47127
LT,2040.01.02.00.00,1713
LT,2040.01.02.01.00,1697
LT,2040.01.02.02.00,1737
LT,2040.01.02.03.00,1822
LT,2040.01.02.04.00,2136
LT,2040.01.02.05.00,2453
LT,2040.01.02.06.00,2693
LT,2040.01.02.07.00,2777
LT,2040.01.02.08.00,2828
LT,2040.01.02.09.00,2889
LT,2040.01.02.10.00,2897
LT,2040.01.02.11.00,2956
LT,2040.01.02.12.00,2939
LT,2040.01.02.13.00,2930
LT,2040.01.02.14.00,2972
LT,2040.01.02.15.00,2967
LT,2040.01.02.16.00,2905
LT,2040.01.02.17.00,2814
LT,2040.01.02.18.00,2654
LT,2040.01.02.19.00,2540
LT,2040.01.02.20.00,2332
LT,2040.01.02.21.00,2150
LT,2040.01.02.22.00,1994
LT,2040.01.02.23.00,1922
LT,2040.04.19.00.00,1728
LT,2040.04.19.01.00,1742
LT,2040.04.19.02.00,1864
LT,2040.04.19.03.00,2173
LT,2040.04.19.04.00,2440
LT,2040.04.19.05.00,2599
LT,2040.04.19.06.00,2550
LT,2040.04.19.07.00,2374
LT,2040.04.19.08.00,2284
LT,2040.04.19.09.00,2218
LT,2040.04.19.10.00,2231
LT,2040.04.19.11.00,2182
LT,2040.04.19.12.00,2174
LT,2040.04.19.13.00,2171
LT,2040.04.19.14.00,2196
LT,2040.04.19.15.00,2217
LT,2040.04.19.16.00,2291
LT,2040.04.19.17.00,2356
LT,2040.04.19.18.00,2367
LT,2040.04.19.19.00,2140
LT,2040.04.19.20.00,1931
LT,2040.04.19.21.00,1812
LT,2040.04.19.22.00,1749
LT,2040.04.19.23.00,1719
LT,2040.07.24.00.00,1536
LT,2040.07.24.01.00,1549
LT,2040.07.24.02.00,1608
LT,2040.07.24.03.00,1853
LT,2040.07.24.04.00,2083
LT,2040.07.24.05.00,2306
LT,2040.07.24.06.00,2411
LT,2040.07.24.07.00,2420
LT,2040.07.24.08.00,2434
LT,2040.07.24.09.00,2372
LT,2040.07.24.10.00,2460
LT,2040.07.24.11.00,2437
LT,2040.07.24.12.00,2397
LT,2040.07.24.13.00,2348
LT,2040.07.24.14.00,2271
LT,2040.07.24.15.00,2299
LT,2040.07.24.16.00,2274
LT,2040.07.24.17.00,2258
LT,2040.07.24.18.00,2231
LT,2040.07.24.19.00,2162
LT,2040.07.24.20.00,1976
LT,2040.07.24.21.00,1800
LT,2040.07.24.22.00,1720
LT,2040.07.24.23.00,1638
LT,2040.10.13.00.00,1947
LT,2040.10.13.01.00,1974
LT,2040.10.13.02.00,2111
LT,2040.10.13.03.00,2502
LT,2040.10.13.04.00,2850
LT,2040.10.13.05.00,3090
LT,2040.10.13.06.00,3060
LT,2040.10.13.07.00,2920
LT,2040.10.13.08.00,2778
LT,2040.10.13.09.00,2748
LT,2040.10.13.10.00,2753
LT,2040.10.13.11.00,2637
LT,2040.10.13.12.00,2670
LT,2040.10.13.13.00,2702
LT,2040.10.13.14.00,2771
LT,2040.10.13.15.00,2878
LT,2040.10.13.16.00,2891
LT,2040.10.13.17.00,2778
LT,2040.10.13.18.00,2601
LT,2040.10.13.19.00,2378
LT,2040.10.13.20.00,2184
LT,2040.10.13.21.00,2041
LT,2040.10.13.22.00,1961
LT,2040.10.13.23.00,1885
LU,2040.01.02.00.00,671
LU,2040.01.02.01.00,655
LU,2040.01.02.02.00,654
LU,2040.01.02.03.00,676
LU,2040.01.02.04.00,737
LU,2040.01.02.05.00,838
LU,2040.01.02.06.00,942
LU,2040.01.02.07.00,1014
LU,2040.01.02.08.00,1050
LU,2040.01.02.09.00,1084
LU,2040.01.02.10.00,1130
LU,2040.01.02.11.00,1138
LU,2040.01.02.12.00,1114
LU,2040.01.02.13.00,1085
LU,2040.01.02.14.00,1064
LU,2040.01.02.15.00,1063
LU,2040.01.02.16.00,1120
LU,2040.01.02.17.00,1133
LU,2040.01.02.18.00,1104
LU,2040.01.02.19.00,1026
LU,2040.01.02.20.00,951
LU,2040.01.02.21.00,927
LU,2040.01.02.22.00,870
LU,2040.01.02.23.00,807
LU,2040.04.19.00.00,751
LU,2040.04.19.01.00,754
LU,2040.04.19.02.00,769
LU,2040.04.19.03.00,814
LU,2040.04.19.04.00,924
LU,2040.04.19.05.00,1021
LU,2040.04.19.06.00,1097
LU,2040.04.19.07.00,1124
LU,2040.04.19.08.00,1136
LU,2040.04.19.09.00,1148
LU,2040.04.19.10.00,1130
LU,2040.04.19.11.00,1101
LU,2040.04.19.12.00,1082
LU,2040.04.19.13.00,1055
LU,2040.04.19.14.00,1036
LU,2040.04.19.15.00,1031
LU,2040.04.19.16.00,1052
LU,2040.04.19.17.00,1041
LU,2040.04.19.18.00,1019
LU,2040.04.19.19.00,979
LU,2040.04.19.20.00,936
LU,2040.04.19.21.00,877
LU,2040.04.19.22.00,818
LU,2040.04.19.23.00,774
LU,2040.07.24.00.00,646
LU,2040.07.24.01.00,641
LU,2040.07.24.02.00,657
LU,2040.07.24.03.00,708
LU,2040.07.24.04.00,803
LU,2040.07.24.05.00,895
LU,2040.07.24.06.00,979
LU,2040.07.24.07.00,1011
LU,2040.07.24.08.00,1035
LU,2040.07.24.09.00,1057
LU,2040.07.24.10.00,1064
LU,2040.07.24.11.00,1031
LU,2040.07.24.12.00,1002
LU,2040.07.24.13.00,986
LU,2040.07.24.14.00,968
LU,2040.07.24.15.00,960
LU,2040.07.24.16.00,967
LU,2040.07.24.17.00,952
LU,2040.07.24.18.00,903
LU,2040.07.24.19.00,870
LU,2040.07.24.20.00,827
LU,2040.07.24.21.00,770
LU,2040.07.24.22.00,732
LU,2040.07.24.23.00,700
LU,2040.10.13.00.00,782
LU,2040.10.13.01.00,776
LU,2040.10.13.02.00,789
LU,2040.10.13.03.00,848
LU,2040.10.13.04.00,986
LU,2040.10.13.05.00,1128
LU,2040.10.13.06.00,1198
LU,2040.10.13.07.00,1220
LU,2040.10.13.08.00,1239
LU,2040.10.13.09.00,1259
LU,2040.10.13.10.00,1234
LU,2040.10.13.11.00,1210
LU,2040.10.13.12.00,1174
LU,2040.10.13.13.00,1151
LU,2040.10.13.14.00,1141
LU,2040.10.13.15.00,1148
LU,2040.10.13.16.00,1158
LU,2040.10.13.17.00,1181
LU,2040.10.13.18.00,1099
LU,2040.10.13.19.00,1005
LU,2040.10.13.20.00,950
LU,2040.10.13.21.00,898
LU,2040.10.13.22.00,843
LU,2040.10.13.23.00,795
LV,2040.01.02.00.00,953
LV,2040.01.02.01.00,932
LV,2040.01.02.02.00,953
LV,2040.01.02.03.00,1011
LV,2040.01.02.04.00,1160
LV,2040.01.02.05.00,1345
LV,2040.01.02.06.00,1508
LV,2040.01.02.07.00,1576
LV,2040.01.02.08.00,1636
LV,2040.01.02.09.00,1650
LV,2040.01.02.10.00,1641
LV,2040.01.02.11.00,1681
LV,2040.01.02.12.00,1688
LV,2040.01.02.13.00,1688
LV,2040.01.02.14.00,1749
LV,2040.01.02.15.00,1726
LV,2040.01.02.16.00,1681
LV,2040.01.02.17.00,1614
LV,2040.01.02.18.00,1553
LV,2040.01.02.19.00,1458
LV,2040.01.02.20.00,1335
LV,2040.01.02.21.00,1212
LV,2040.01.02.22.00,1096
LV,2040.01.02.23.00,1042
LV,2040.04.19.00.00,910
LV,2040.04.19.01.00,919
LV,2040.04.19.02.00,990
LV,2040.04.19.03.00,1135
LV,2040.04.19.04.00,1320
LV,2040.04.19.05.00,1452
LV,2040.04.19.06.00,1467
LV,2040.04.19.07.00,1453
LV,2040.04.19.08.00,1392
LV,2040.04.19.09.00,1340
LV,2040.04.19.10.00,1378
LV,2040.04.19.11.00,1400
LV,2040.04.19.12.00,1362
LV,2040.04.19.13.00,1313
LV,2040.04.19.14.00,1301
LV,2040.04.19.15.00,1320
LV,2040.04.19.16.00,1352
LV,2040.04.19.17.00,1340
LV,2040.04.19.18.00,1390
LV,2040.04.19.19.00,1248
LV,2040.04.19.20.00,1120
LV,2040.04.19.21.00,998
LV,2040.04.19.22.00,970
LV,2040.04.19.23.00,946
LV,2040.07.24.00.00,778
LV,2040.07.24.01.00,769
LV,2040.07.24.02.00,790
LV,2040.07.24.03.00,917
LV,2040.07.24.04.00,1071
LV,2040.07.24.05.00,1226
LV,2040.07.24.06.00,1315
LV,2040.07.24.07.00,1320
LV,2040.07.24.08.00,1321
LV,2040.07.24.09.00,1302
LV,2040.07.24.10.00,1347
LV,2040.07.24.11.00,1360
LV,2040.07.24.12.00,1354
LV,2040.07.24.13.00,1315
LV,2040.07.24.14.00,1245
LV,2040.07.24.15.00,1248
LV,2040.07.24.16.00,1212
LV,2040.07.24.17.00,1183
LV,2040.07.24.18.00,1159
LV,2040.07.24.19.00,1148
LV,2040.07.24.20.00,1054
LV,2040.07.24.21.00,941
LV,2040.07.24.22.00,883
LV,2040.07.24.23.00,857
LV,2040.10.13.00.00,1036
LV,2040.10.13.01.00,1049
LV,2040.10.13.02.00,1120
LV,2040.10.13.03.00,1336
LV,2040.10.13.04.00,1555
LV,2040.10.13.05.00,1693
LV,2040.10.13.06.00,1695
LV,2040.10.13.07.00,1604
LV,2040.10.13.08.00,1538
LV,2040.10.13.09.00,1453
LV,2040.10.13.10.00,1475
LV,2040.10.13.11.00,1515
LV,2040.10.13.12.00,1510
LV,2040.10.13.13.00,1510
LV,2040.10.13.14.00,1523
LV,2040.10.13.15.00,1602
LV,2040.10.13.16.00,1631
LV,2040.10.13.17.00,1600
LV,2040.10.13.18.00,1504
LV,2040.10.13.19.00,1430
LV,2040.10.13.20.00,1309
LV,2040.10.13.21.00,1176
LV,2040.10.13.22.00,1113
LV,2040.10.13.23.00,1075
ME,2040.01.02.00.00,536
ME,2040.01.02.01.00,497
ME,2040.01.02.02.00,481
ME,2040.01.02.03.00,479
ME,2040.01.02.04.00,480
ME,2040.01.02.05.00,498
ME,2040.01.02.06.00,541
ME,2040.01.02.07.00,624
ME,2040.01.02.08.00,701
ME,2040.01.02.09.00,741
ME,2040.01.02.10.00,754
ME,2040.01.02.11.00,726
ME,2040.01.02.12.00,706
ME,2040.01.02.13.00,705
ME,2040.01.02.14.00,708
ME,2040.01.02.15.00,733
ME,2040.01.02.16.00,783
ME,2040.01.02.17.00,784
ME,2040.01.02.18.00,793
ME,2040.01.02.19.00,794
ME,2040.01.02.20.00,763
ME,2040.01.02.21.00,719
ME,2040.01.02.22.00,697
ME,2040.01.02.23.00,642
ME,2040.04.19.00.00,310
ME,2040.04.19.01.00,268
ME,2040.04.19.02.00,274
ME,2040.04.19.03.00,291
ME,2040.04.19.04.00,373
ME,2040.04.19.05.00,495
ME,2040.04.19.06.00,548
ME,2040.04.19.07.00,563
ME,2040.04.19.08.00,554
ME,2040.04.19.09.00,532
ME,2040.04.19.10.00,547
ME,2040.04.19.11.00,526
ME,2040.04.19.12.00,520
ME,2040.04.19.13.00,496
ME,2040.04.19.14.00,529
ME,2040.04.19.15.00,523
ME,2040.04.19.16.00,521
ME,2040.04.19.17.00,571
ME,2040.04.19.18.00,615
ME,2040.04.19.19.00,605
ME,2040.04.19.20.00,573
ME,2040.04.19.21.00,532
ME,2040.04.19.22.00,460
ME,2040.04.19.23.00,390
ME,2040.07.24.00.00,525
ME,2040.07.24.01.00,504
ME,2040.07.24.02.00,475
ME,2040.07.24.03.00,461
ME,2040.07.24.04.00,517
ME,2040.07.24.05.00,614
ME,2040.07.24.06.00,707
ME,2040.07.24.07.00,780
ME,2040.07.24.08.00,816
ME,2040.07.24.09.00,864
ME,2040.07.24.10.00,913
ME,2040.07.24.11.00,951
ME,2040.07.24.12.00,962
ME,2040.07.24.13.00,971
ME,2040.07.24.14.00,961
ME,2040.07.24.15.00,954
ME,2040.07.24.16.00,957
ME,2040.07.24.17.00,951
ME,2040.07.24.18.00,945
ME,2040.07.24.19.00,931
ME,2040.07.24.20.00,881
ME,2040.07.24.21.00,803
ME,2040.07.24.22.00,702
ME,2040.07.24.23.00,601
ME,2040.10.13.00.00,376
ME,2040.10.13.01.00,358
ME,2040.10.13.02.00,357
ME,2040.10.13.03.00,375
ME,2040.10.13.04.00,463
ME,2040.10.13.05.00,543
ME,2040.10.13.06.00,592
ME,2040.10.13.07.00,620
ME,2040.10.13.08.00,588
ME,2040.10.13.09.00,575
ME,2040.10.13.10.00,575
ME,2040.10.13.11.00,585
ME,2040.10.13.12.00,583
ME,2040.10.13.13.00,588
ME,2040.10.13.14.00,591
ME,2040.10.13.15.00,587
ME,2040.10.13.16.00,625
ME,2040.10.13.17.00,656
ME,2040.10.13.18.00,648
ME,2040.10.13.19.00,617
ME,2040.10.13.20.00,570
ME,2040.10.13.21.00,533
ME,2040.10.13.22.00,470
ME,2040.10.13.23.00,417
NL,2040.01.02.00.00,17910
NL,2040.01.02.01.00,17309
NL,2040.01.02.02.00,17323
NL,2040.01.02.03.00,17601
NL,2040.01.02.04.00,18383
NL,2040.01.02.05.00,20204
NL,2040.01.02.06.00,22387
NL,2040.01.02.07.00,24376
NL,2040.01.02.08.00,25498
NL,2040.01.02.09.00,25590
NL,2040.01.02.10.00,25370
NL,2040.01.02.11.00,24943
NL,2040.01.02.12.00,25417
NL,2040.01.02.13.00,25792
NL,2040.01.02.14.00,26009
NL,2040.01.02.15.00,26912
NL,2040.01.02.16.00,28762
NL,2040.01.02.17.00,27907
NL,2040.01.02.18.00,26819
NL,2040.01.02.19.00,25604
NL,2040.01.02.20.00,24345
NL,2040.01.02.21.00,22817
NL,2040.01.02.22.00,21460
NL,2040.01.02.23.00,20415
NL,2040.04.19.00.00,17562
NL,2040.04.19.01.00,17342
NL,2040.04.19.02.00,17344
NL,2040.04.19.03.00,17990
NL,2040.04.19.04.00,19837
NL,2040.04.19.05.00,21879
NL,2040.04.19.06.00,22801
NL,2040.04.19.07.00,22739
NL,2040.04.19.08.00,22461
NL,2040.04.19.09.00,22469
NL,2040.04.19.10.00,22883
NL,2040.04.19.11.00,23170
NL,2040.04.19.12.00,22881
NL,2040.04.19.13.00,22433
NL,2040.04.19.14.00,21772
NL,2040.04.19.15.00,22259
NL,2040.04.19.16.00,22288
NL,2040.04.19.17.00,22516
NL,2040.04.19.18.00,23305
NL,2040.04.19.19.00,23165
NL,2040.04.19.20.00,21783
NL,2040.04.19.21.00,20510
NL,2040.04.19.22.00,19304
NL,2040.04.19.23.00,18459
NL,2040.07.24.00.00,17349
NL,2040.07.24.01.00,17144
NL,2040.07.24.02.00,17195
NL,2040.07.24.03.00,17739
NL,2040.07.24.04.00,19052
NL,2040.07.24.05.00,20382
NL,2040.07.24.06.00,21533
NL,2040.07.24.07.00,22032
NL,2040.07.24.08.00,22154
NL,2040.07.24.09.00,22272
NL,2040.07.24.10.00,22483
NL,2040.07.24.11.00,22371
NL,2040.07.24.12.00,22330
NL,2040.07.24.13.00,22236
NL,2040.07.24.14.00,22208
NL,2040.07.24.15.00,22757
NL,2040.07.24.16.00,22056
NL,2040.07.24.17.00,21609
NL,2040.07.24.18.00,21540
NL,2040.07.24.19.00,21442
NL,2040.07.24.20.00,21101
NL,2040.07.24.21.00,20032
NL,2040.07.24.22.00,18923
NL,2040.07.24.23.00,18089
NL,2040.10.13.00.00,20463
NL,2040.10.13.01.00,20055
NL,2040.10.13.02.00,20583
NL,2040.10.13.03.00,21767
NL,2040.10.13.04.00,24157
NL,2040.10.13.05.00,27210
NL,2040.10.13.06.00,28681
NL,2040.10.13.07.00,29192
NL,2040.10.13.08.00,28921
NL,2040.10.13.09.00,28979
NL,2040.10.13.10.00,28710
NL,2040.10.13.11.00,28624
NL,2040.10.13.12.00,28202
NL,2040.10.13.13.00,27807
NL,2040.10.13.14.00,27490
NL,2040.10.13.15.00,27707
NL,2040.10.13.16.00,27741
NL,2040.10.13.17.00,27309
NL,2040.10.13.18.00,26143
NL,2040.10.13.19.00,24823
NL,2040.10.13.20.00,23806
NL,2040.10.13.21.00,21059
NL,2040.10.13.22.00,20030
NL,2040.10.13.23.00,19191
NO,2040.01.02.00.00,33732
NO,2040.01.02.01.00,33398
NO,2040.01.02.02.00,33091
NO,2040.01.02.03.00,33100
NO,2040.01.02.04.00,33729
NO,2040.01.02.05.00,35838
NO,2040.01.02.06.00,38477
NO,2040.01.02.07.00,38729
NO,2040.01.02.08.00,38837
NO,2040.01.02.09.00,38900
NO,2040.01.02.10.00,39179
NO,2040.01.02.11.00,39013
NO,2040.01.02.12.00,38743
NO,2040.01.02.13.00,38659
NO,2040.01.02.14.00,38962
NO,2040.01.02.15.00,39071
NO,2040.01.02.16.00,38634
NO,2040.01.02.17.00,38410
NO,2040.01.02.18.00,37888
NO,2040.01.02.19.00,37522
NO,2040.01.02.20.00,37246
NO,2040.01.02.21.00,36506
NO,2040.01.02.22.00,35749
NO,2040.01.02.23.00,34863
NO,2040.04.19.00.00,22195
NO,2040.04.19.01.00,22371
NO,2040.04.19.02.00,22364
NO,2040.04.19.03.00,22770
NO,2040.04.19.04.00,24924
NO,2040.04.19.05.00,26435
NO,2040.04.19.06.00,26230
NO,2040.04.19.07.00,25631
NO,2040.04.19.08.00,24904
NO,2040.04.19.09.00,24653
NO,2040.04.19.10.00,24218
NO,2040.04.19.11.00,23927
NO,2040.04.19.12.00,24057
NO,2040.04.19.13.00,24012
NO,2040.04.19.14.00,24074
NO,2040.04.19.15.00,23850
NO,2040.04.19.16.00,23675
NO,2040.04.19.17.00,24303
NO,2040.04.19.18.00,24647
NO,2040.04.19.19.00,24535
NO,2040.04.19.20.00,24277
NO,2040.04.19.21.00,23586
NO,2040.04.19.22.00,22781
NO,2040.04.19.23.00,22144
NO,2040.07.24.00.00,18383
NO,2040.07.24.01.00,18478
NO,2040.07.24.02.00,18279
NO,2040.07.24.03.00,18265
NO,2040.07.24.04.00,19229
NO,2040.07.24.05.00,20288
NO,2040.07.24.06.00,21711
NO,2040.07.24.07.00,21907
NO,2040.07.24.08.00,21823
NO,2040.07.24.09.00,21861
NO,2040.07.24.10.00,22139
NO,2040.07.24.11.00,21974
NO,2040.07.24.12.00,21844
NO,2040.07.24.13.00,21518
NO,2040.07.24.14.00,21664
NO,2040.07.24.15.00,21330
NO,2040.07.24.16.00,20944
NO,2040.07.24.17.00,21047
NO,2040.07.24.18.00,21231
NO,2040.07.24.19.00,21076
NO,2040.07.24.20.00,20673
NO,2040.07.24.21.00,20158
NO,2040.07.24.22.00,19243
NO,2040.07.24.23.00,18416
NO,2040.10.13.00.00,25724
NO,2040.10.13.01.00,25902
NO,2040.10.13.02.00,25671
NO,2040.10.13.03.00,25759
NO,2040.10.13.04.00,26929
NO,2040.10.13.05.00,29300
NO,2040.10.13.06.00,30180
NO,2040.10.13.07.00,30822
NO,2040.10.13.08.00,30738
NO,2040.10.13.09.00,30918
NO,2040.10.13.10.00,30583
NO,2040.10.13.11.00,30104
NO,2040.10.13.12.00,30130
NO,2040.10.13.13.00,30031
NO,2040.10.13.14.00,30006
NO,2040.10.13.15.00,30069
NO,2040.10.13.16.00,30013
NO,2040.10.13.17.00,29593
NO,2040.10.13.18.00,29169
NO,2040.10.13.19.00,28308
NO,2040.10.13.20.00,27687
NO,2040.10.13.21.00,26876
NO,2040.10.13.22.00,27200
NO,2040.10.13.23.00,26104
PL,2040.01.02.00.00,23909
PL,2040.01.02.01.00,23518
PL,2040.01.02.02.00,23583
PL,2040.01.02.03.00,24419
PL,2040.01.02.04.00,26481
PL,2040.01.02.05.00,32192
PL,2040.01.02.06.00,36180
PL,2040.01.02.07.00,38259
PL,2040.01.02.08.00,39436
PL,2040.01.02.09.00,39497
PL,2040.01.02.10.00,39617
PL,2040.01.02.11.00,39785
PL,2040.01.02.12.00,39843
PL,2040.01.02.13.00,39284
PL,2040.01.02.14.00,39890
PL,2040.01.02.15.00,41544
PL,2040.01.02.16.00,41675
PL,2040.01.02.17.00,41144
PL,2040.01.02.18.00,40720
PL,2040.01.02.19.00,39877
PL,2040.01.02.20.00,37445
PL,2040.01.02.21.00,34734
PL,2040.01.02.22.00,32252
PL,2040.01.02.23.00,30568
PL,2040.04.19.00.00,26605
PL,2040.04.19.01.00,26686
PL,2040.04.19.02.00,27220
PL,2040.04.19.03.00,28306
PL,2040.04.19.04.00,32566
PL,2040.04.19.05.00,36337
PL,2040.04.19.06.00,38007
PL,2040.04.19.07.00,38302
PL,2040.04.19.08.00,38094
PL,2040.04.19.09.00,38362
PL,2040.04.19.10.00,38853
PL,2040.04.19.11.00,38402
PL,2040.04.19.12.00,38143
PL,2040.04.19.13.00,37534
PL,2040.04.19.14.00,36846
PL,2040.04.19.15.00,36799
PL,2040.04.19.16.00,36987
PL,2040.04.19.17.00,37833
PL,2040.04.19.18.00,38454
PL,2040.04.19.19.00,36110
PL,2040.04.19.20.00,33057
PL,2040.04.19.21.00,30667
PL,2040.04.19.22.00,28607
PL,2040.04.19.23.00,27592
PL,2040.07.24.00.00,22336
PL,2040.07.24.01.00,22220
PL,2040.07.24.02.00,22435
PL,2040.07.24.03.00,23286
PL,2040.07.24.04.00,27460
PL,2040.07.24.05.00,30890
PL,2040.07.24.06.00,33122
PL,2040.07.24.07.00,34113
PL,2040.07.24.08.00,33912
PL,2040.07.24.09.00,34106
PL,2040.07.24.10.00,34753
PL,2040.07.24.11.00,34750
PL,2040.07.24.12.00,34351
PL,2040.07.24.13.00,34802
PL,2040.07.24.14.00,35113
PL,2040.07.24.15.00,35199
PL,2040.07.24.16.00,34843
PL,2040.07.24.17.00,35077
PL,2040.07.24.18.00,34628
PL,2040.07.24.19.00,33684
PL,2040.07.24.20.00,31216
PL,2040.07.24.21.00,28823
PL,2040.07.24.22.00,26844
PL,2040.07.24.23.00,25864
PL,2040.10.13.00.00,29514
PL,2040.10.13.01.00,29554
PL,2040.10.13.02.00,30156
PL,2040.10.13.03.00,32006
PL,2040.10.13.04.00,36924
PL,2040.10.13.05.00,39982
PL,2040.10.13.06.00,41539
PL,2040.10.13.07.00,41749
PL,2040.10.13.08.00,40262
PL,2040.10.13.09.00,40098
PL,2040.10.13.10.00,39737
PL,2040.10.13.11.00,39144
PL,2040.10.13.12.00,39320
PL,2040.10.13.13.00,40114
PL,2040.10.13.14.00,40107
PL,2040.10.13.15.00,40257
PL,2040.10.13.16.00,41362
PL,2040.10.13.17.00,41886
PL,2040.10.13.18.00,40626
PL,2040.10.13.19.00,37748
PL,2040.10.13.20.00,34890
PL,2040.10.13.21.00,32535
PL,2040.10.13.22.00,30409
PL,2040.10.13.23.00,29247
PT,2040.01.02.00.00,8211
PT,2040.01.02.01.00,7590
PT,2040.01.02.02.00,7244
PT,2040.01.02.03.00,7091
PT,2040.01.02.04.00,7060
PT,2040.01.02.05.00,7296
PT,2040.01.02.06.00,7971
PT,2040.01.02.07.00,8955
PT,2040.01.02.08.00,10392
PT,2040.01.02.09.00,11587
PT,2040.01.02.10.00,11924
PT,2040.01.02.11.00,12077
PT,2040.01.02.12.00,11975
PT,2040.01.02.13.00,11826
PT,2040.01.02.14.00,12012
PT,2040.01.02.15.00,11977
PT,2040.01.02.16.00,12143
PT,2040.01.02.17.00,12740
PT,2040.01.02.18.00,13625
PT,2040.01.02.19.00,14082
PT,2040.01.02.20.00,13873
PT,2040.01.02.21.00,13110
PT,2040.01.02.22.00,12111
PT,2040.01.02.23.00,11010
PT,2040.04.19.00.00,8147
PT,2040.04.19.01.00,7880
PT,2040.04.19.02.00,7761
PT,2040.04.19.03.00,7686
PT,2040.04.19.04.00,7819
PT,2040.04.19.05.00,8294
PT,2040.04.19.06.00,9163
PT,2040.04.19.07.00,10312
PT,2040.04.19.08.00,10588
PT,2040.04.19.09.00,10442
PT,2040.04.19.10.00,10555
PT,2040.04.19.11.00,10127
PT,2040.04.19.12.00,9948
PT,2040.04.19.13.00,10140
PT,2040.04.19.14.00,10168
PT,2040.04.19.15.00,10153
PT,2040.04.19.16.00,10076
PT,2040.04.19.17.00,10296
PT,2040.04.19.18.00,11030
PT,2040.04.19.19.00,11454
PT,2040.04.19.20.00,11079
PT,2040.04.19.21.00,10339
PT,2040.04.19.22.00,9374
PT,2040.04.19.23.00,8688
PT,2040.07.24.00.00,7801
PT,2040.07.24.01.00,7572
PT,2040.07.24.02.00,7458
PT,2040.07.24.03.00,7411
PT,2040.07.24.04.00,7616
PT,2040.07.24.05.00,7906
PT,2040.07.24.06.00,8754
PT,2040.07.24.07.00,10124
PT,2040.07.24.08.00,10688
PT,2040.07.24.09.00,10763
PT,2040.07.24.10.00,10891
PT,2040.07.24.11.00,10654
PT,2040.07.24.12.00,10398
PT,2040.07.24.13.00,10664
PT,2040.07.24.14.00,10679
PT,2040.07.24.15.00,10656
PT,2040.07.24.16.00,10501
PT,2040.07.24.17.00,10611
PT,2040.07.24.18.00,11138
PT,2040.07.24.19.00,11226
PT,2040.07.24.20.00,11173
PT,2040.07.24.21.00,10532
PT,2040.07.24.22.00,9605
PT,2040.07.24.23.00,8944
PT,2040.10.13.00.00,9254
PT,2040.10.13.01.00,9000
PT,2040.10.13.02.00,8826
PT,2040.10.13.03.00,8768
PT,2040.10.13.04.00,8958
PT,2040.10.13.05.00,9717
PT,2040.10.13.06.00,10899
PT,2040.10.13.07.00,12297
PT,2040.10.13.08.00,12794
PT,2040.10.13.09.00,12989
PT,2040.10.13.10.00,13164
PT,2040.10.13.11.00,12818
PT,2040.10.13.12.00,12563
PT,2040.10.13.13.00,12913
PT,2040.10.13.14.00,12781
PT,2040.10.13.15.00,12460
PT,2040.10.13.16.00,12194
PT,2040.10.13.17.00,12246
PT,2040.10.13.18.00,13087
PT,2040.10.13.19.00,12699
PT,2040.10.13.20.00,11765
PT,2040.10.13.21.00,10988
PT,2040.10.13.22.00,10141
PT,2040.10.13.23.00,9536
RO,2040.01.02.00.00,8196
RO,2040.01.02.01.00,8113
RO,2040.01.02.02.00,8138
RO,2040.01.02.03.00,8279
RO,2040.01.02.04.00,8523
RO,2040.01.02.05.00,8833
RO,2040.01.02.06.00,9297
RO,2040.01.02.07.00,9645
RO,2040.01.02.08.00,9784
RO,2040.01.02.09.00,9734
RO,2040.01.02.10.00,9602
RO,2040.01.02.11.00,9518
RO,2040.01.02.12.00,9483
RO,2040.01.02.13.00,9705
RO,2040.01.02.14.00,10176
RO,2040.01.02.15.00,11186
RO,2040.01.02.16.00,11430
RO,2040.01.02.17.00,11340
RO,2040.01.02.18.00,11159
RO,2040.01.02.19.00,10697
RO,2040.01.02.20.00,10050
RO,2040.01.02.21.00,9450
RO,2040.01.02.22.00,9001
RO,2040.01.02.23.00,8678
RO,2040.04.19.00.00,8415
RO,2040.04.19.01.00,8565
RO,2040.04.19.02.00,8874
RO,2040.04.19.03.00,9606
RO,2040.04.19.04.00,10915
RO,2040.04.19.05.00,11889
RO,2040.04.19.06.00,12118
RO,2040.04.19.07.00,11715
RO,2040.04.19.08.00,11338
RO,2040.04.19.09.00,11158
RO,2040.04.19.10.00,11272
RO,2040.04.19.11.00,11041
RO,2040.04.19.12.00,11010
RO,2040.04.19.13.00,11108
RO,2040.04.19.14.00,11231
RO,2040.04.19.15.00,11422
RO,2040.04.19.16.00,11660
RO,2040.04.19.17.00,12236
RO,2040.04.19.18.00,12095
RO,2040.04.19.19.00,11081
RO,2040.04.19.20.00,10197
RO,2040.04.19.21.00,9528
RO,2040.04.19.22.00,9168
RO,2040.04.19.23.00,8978
RO,2040.07.24.00.00,8128
RO,2040.07.24.01.00,8150
RO,2040.07.24.02.00,8277
RO,2040.07.24.03.00,8901
RO,2040.07.24.04.00,10027
RO,2040.07.24.05.00,10835
RO,2040.07.24.06.00,11123
RO,2040.07.24.07.00,11208
RO,2040.07.24.08.00,11290
RO,2040.07.24.09.00,11409
RO,2040.07.24.10.00,11673
RO,2040.07.24.11.00,11651
RO,2040.07.24.12.00,11696
RO,2040.07.24.13.00,11715
RO,2040.07.24.14.00,11886
RO,2040.07.24.15.00,12153
RO,2040.07.24.16.00,12338
RO,2040.07.24.17.00,12415
RO,2040.07.24.18.00,12579
RO,2040.07.24.19.00,11933
RO,2040.07.24.20.00,10909
RO,2040.07.24.21.00,10048
RO,2040.07.24.22.00,9633
RO,2040.07.24.23.00,9320
RO,2040.10.13.00.00,9442
RO,2040.10.13.01.00,9564
RO,2040.10.13.02.00,9889
RO,2040.10.13.03.00,10902
RO,2040.10.13.04.00,12042
RO,2040.10.13.05.00,12700
RO,2040.10.13.06.00,12792
RO,2040.10.13.07.00,12458
RO,2040.10.13.08.00,12120
RO,2040.10.13.09.00,11908
RO,2040.10.13.10.00,11855
RO,2040.10.13.11.00,11649
RO,2040.10.13.12.00,11551
RO,2040.10.13.13.00,11752
RO,2040.10.13.14.00,12128
RO,2040.10.13.15.00,12734
RO,2040.10.13.16.00,13741
RO,2040.10.13.17.00,13687
RO,2040.10.13.18.00,12948
RO,2040.10.13.19.00,11742
RO,2040.10.13.20.00,10815
RO,2040.10.13.21.00,10065
RO,2040.10.13.22.00,9745
RO,2040.10.13.23.00,9482
SE,2040.01.02.00.00,27895
SE,2040.01.02.01.00,27695
SE,2040.01.02.02.00,27351
SE,2040.01.02.03.00,27897
SE,2040.01.02.04.00,28809
SE,2040.01.02.05.00,30499
SE,2040.01.02.06.00,33226
SE,2040.01.02.07.00,34204
SE,2040.01.02.08.00,34623
SE,2040.01.02.09.00,34784
SE,2040.01.02.10.00,34749
SE,2040.01.02.11.00,35577
SE,2040.01.02.12.00,35526
SE,2040.01.02.13.00,35674
SE,2040.01.02.14.00,36188
SE,2040.01.02.15.00,36335
SE,2040.01.02.16.00,36219
SE,2040.01.02.17.00,35675
SE,2040.01.02.18.00,34154
SE,2040.01.02.19.00,33192
SE,2040.01.02.20.00,32048
SE,2040.01.02.21.00,30805
SE,2040.01.02.22.00,30667
SE,2040.01.02.23.00,30029
SE,2040.04.19.00.00,21799
SE,2040.04.19.01.00,21791
SE,2040.04.19.02.00,22202
SE,2040.04.19.03.00,22936
SE,2040.04.19.04.00,25124
SE,2040.04.19.05.00,27295
SE,2040.04.19.06.00,27496
SE,2040.04.19.07.00,26290
SE,2040.04.19.08.00,24805
SE,2040.04.19.09.00,23553
SE,2040.04.19.10.00,23215
SE,2040.04.19.11.00,23157
SE,2040.04.19.12.00,23221
SE,2040.04.19.13.00,23229
SE,2040.04.19.14.00,23296
SE,2040.04.19.15.00,23857
SE,2040.04.19.16.00,24425
SE,2040.04.19.17.00,25411
SE,2040.04.19.18.00,26078
SE,2040.04.19.19.00,24960
SE,2040.04.19.20.00,23793
SE,2040.04.19.21.00,23106
SE,2040.04.19.22.00,22135
SE,2040.04.19.23.00,22283
SE,2040.07.24.00.00,16127
SE,2040.07.24.01.00,15775
SE,2040.07.24.02.00,15665
SE,2040.07.24.03.00,15951
SE,2040.07.24.04.00,17105
SE,2040.07.24.05.00,18533
SE,2040.07.24.06.00,19178
SE,2040.07.24.07.00,19833
SE,2040.07.24.08.00,20223
SE,2040.07.24.09.00,20472
SE,2040.07.24.10.00,20456
SE,2040.07.24.11.00,20622
SE,2040.07.24.12.00,20360
SE,2040.07.24.13.00,20238
SE,2040.07.24.14.00,20038
SE,2040.07.24.15.00,20328
SE,2040.07.24.16.00,20378
SE,2040.07.24.17.00,20100
SE,2040.07.24.18.00,19893
SE,2040.07.24.19.00,19300
SE,2040.07.24.20.00,19103
SE,2040.07.24.21.00,18398
SE,2040.07.24.22.00,17687
SE,2040.07.24.23.00,16697
SE,2040.10.13.00.00,24155
SE,2040.10.13.01.00,23895
SE,2040.10.13.02.00,23386
SE,2040.10.13.03.00,26004
SE,2040.10.13.04.00,29446
SE,2040.10.13.05.00,31373
SE,2040.10.13.06.00,31721
SE,2040.10.13.07.00,30779
SE,2040.10.13.08.00,30696
SE,2040.10.13.09.00,30156
SE,2040.10.13.10.00,29595
SE,2040.10.13.11.00,29238
SE,2040.10.13.12.00,28850
SE,2040.10.13.13.00,29070
SE,2040.10.13.14.00,29629
SE,2040.10.13.15.00,29680
SE,2040.10.13.16.00,29582
SE,2040.10.13.17.00,28314
SE,2040.10.13.18.00,27474
SE,2040.10.13.19.00,26454
SE,2040.10.13.20.00,25391
SE,2040.10.13.21.00,24380
SE,2040.10.13.22.00,23280
SE,2040.10.13.23.00,22735
SI,2040.01.02.00.00,1637
SI,2040.01.02.01.00,1578
SI,2040.01.02.02.00,1589
SI,2040.01.02.03.00,1629
SI,2040.01.02.04.00,1699
SI,2040.01.02.05.00,1759
SI,2040.01.02.06.00,1905
SI,2040.01.02.07.00,2067
SI,2040.01.02.08.00,2166
SI,2040.01.02.09.00,2165
SI,2040.01.02.10.00,2199
SI,2040.01.02.11.00,2169
SI,2040.01.02.12.00,2138
SI,2040.01.02.13.00,2106
SI,2040.01.02.14.00,2174
SI,2040.01.02.15.00,2312
SI,2040.01.02.16.00,2450
SI,2040.01.02.17.00,2522
SI,2040.01.02.18.00,2548
SI,2040.01.02.19.00,2455
SI,2040.01.02.20.00,2305
SI,2040.01.02.21.00,2128
SI,2040.01.02.22.00,1966
SI,2040.01.02.23.00,1874
SI,2040.04.19.00.00,1967
SI,2040.04.19.01.00,1993
SI,2040.04.19.02.00,2055
SI,2040.04.19.03.00,2239
SI,2040.04.19.04.00,2711
SI,2040.04.19.05.00,2906
SI,2040.04.19.06.00,2845
SI,2040.04.19.07.00,2632
SI,2040.04.19.08.00,2531
SI,2040.04.19.09.00,2497
SI,2040.04.19.10.00,2607
SI,2040.04.19.11.00,2574
SI,2040.04.19.12.00,2535
SI,2040.04.19.13.00,2572
SI,2040.04.19.14.00,2710
SI,2040.04.19.15.00,2731
SI,2040.04.19.16.00,2798
SI,2040.04.19.17.00,2941
SI,2040.04.19.18.00,2995
SI,2040.04.19.19.00,2750
SI,2040.04.19.20.00,2556
SI,2040.04.19.21.00,2333
SI,2040.04.19.22.00,2197
SI,2040.04.19.23.00,2100
SI,2040.07.24.00.00,1674
SI,2040.07.24.01.00,1622
SI,2040.07.24.02.00,1703
SI,2040.07.24.03.00,1760
SI,2040.07.24.04.00,2085
SI,2040.07.24.05.00,2177
SI,2040.07.24.06.00,2176
SI,2040.07.24.07.00,2139
SI,2040.07.24.08.00,2098
SI,2040.07.24.09.00,2078
SI,2040.07.24.10.00,2280
SI,2040.07.24.11.00,2386
SI,2040.07.24.12.00,2200
SI,2040.07.24.13.00,2198
SI,2040.07.24.14.00,2276
SI,2040.07.24.15.00,2350
SI,2040.07.24.16.00,2370
SI,2040.07.24.17.00,2395
SI,2040.07.24.18.00,2452
SI,2040.07.24.19.00,2327
SI,2040.07.24.20.00,2124
SI,2040.07.24.21.00,1952
SI,2040.07.24.22.00,1833
SI,2040.07.24.23.00,1743
SI,2040.10.13.00.00,2143
SI,2040.10.13.01.00,2093
SI,2040.10.13.02.00,2168
SI,2040.10.13.03.00,2310
SI,2040.10.13.04.00,2900
SI,2040.10.13.05.00,3142
SI,2040.10.13.06.00,3092
SI,2040.10.13.07.00,2874
SI,2040.10.13.08.00,2832
SI,2040.10.13.09.00,2724
SI,2040.10.13.10.00,2729
SI,2040.10.13.11.00,2629
SI,2040.10.13.12.00,2482
SI,2040.10.13.13.00,2503
SI,2040.10.13.14.00,2679
SI,2040.10.13.15.00,2769
SI,2040.10.13.16.00,3037
SI,2040.10.13.17.00,3065
SI,2040.10.13.18.00,2902
SI,2040.10.13.19.00,2739
SI,2040.10.13.20.00,2521
SI,2040.10.13.21.00,2365
SI,2040.10.13.22.00,2229
SI,2040.10.13.23.00,2105
GB,2040.01.02.00.00,43967
GB,2040.01.02.01.00,42468
GB,2040.01.02.02.00,41604
GB,2040.01.02.03.00,40061
GB,2040.01.02.04.00,39320
GB,2040.01.02.05.00,39330
GB,2040.01.02.06.00,42338
GB,2040.01.02.07.00,46097
GB,2040.01.02.08.00,50491
GB,2040.01.02.09.00,53438
GB,2040.01.02.10.00,54113
GB,2040.01.02.11.00,53765
GB,2040.01.02.12.00,54958
GB,2040.01.02.13.00,54918
GB,2040.01.02.14.00,57636
GB,2040.01.02.15.00,62199
GB,2040.01.02.16.00,69954
GB,2040.01.02.17.00,72907
GB,2040.01.02.18.00,69750
GB,2040.01.02.19.00,65797
GB,2040.01.02.20.00,61075
GB,2040.01.02.21.00,56189
GB,2040.01.02.22.00,50193
GB,2040.01.02.23.00,45321
GB,2040.04.19.00.00,38402
GB,2040.04.19.01.00,37616
GB,2040.04.19.02.00,37015
GB,2040.04.19.03.00,35830
GB,2040.04.19.04.00,38736
GB,2040.04.19.05.00,46489
GB,2040.04.19.06.00,50902
GB,2040.04.19.07.00,51880
GB,2040.04.19.08.00,51119
GB,2040.04.19.09.00,49912
GB,2040.04.19.10.00,46305
GB,2040.04.19.11.00,44290
GB,2040.04.19.12.00,42770
GB,2040.04.19.13.00,41354
GB,2040.04.19.14.00,41516
GB,2040.04.19.15.00,44505
GB,2040.04.19.16.00,48578
GB,2040.04.19.17.00,51570
GB,2040.04.19.18.00,52620
GB,2040.04.19.19.00,52701
GB,2040.04.19.20.00,49762
GB,2040.04.19.21.00,44022
GB,2040.04.19.22.00,38859
GB,2040.04.19.23.00,36522
GB,2040.07.24.00.00,32324
GB,2040.07.24.01.00,32078
GB,2040.07.24.02.00,32320
GB,2040.07.24.03.00,32024
GB,2040.07.24.04.00,33831
GB,2040.07.24.05.00,38584
GB,2040.07.24.06.00,42905
GB,2040.07.24.07.00,46429
GB,2040.07.24.08.00,47315
GB,2040.07.24.09.00,47163
GB,2040.07.24.10.00,47550
GB,2040.07.24.11.00,47301
GB,2040.07.24.12.00,45379
GB,2040.07.24.13.00,45511
GB,2040.07.24.14.00,45311
GB,2040.07.24.15.00,46258
GB,2040.07.24.16.00,49274
GB,2040.07.24.17.00,50225
GB,2040.07.24.18.00,49970
GB,2040.07.24.19.00,48845
GB,2040.07.24.20.00,46644
GB,2040.07.24.21.00,42176
GB,2040.07.24.22.00,38205
GB,2040.07.24.23.00,36102
GB,2040.10.13.00.00,39869
GB,2040.10.13.01.00,39041
GB,2040.10.13.02.00,39843
GB,2040.10.13.03.00,39732
GB,2040.10.13.04.00,40113
GB,2040.10.13.05.00,46649
GB,2040.10.13.06.00,55032
GB,2040.10.13.07.00,58279
GB,2040.10.13.08.00,59749
GB,2040.10.13.09.00,57908
GB,2040.10.13.10.00,55813
GB,2040.10.13.11.00,56425
GB,2040.10.13.12.00,54792
GB,2040.10.13.13.00,53196
GB,2040.10.13.14.00,53788
GB,2040.10.13.15.00,55968
GB,2040.10.13.16.00,59089
GB,2040.10.13.17.00,59884
GB,2040.10.13.18.00,58202
GB,2040.10.13.19.00,53160
GB,2040.10.13.20.00,50786
GB,2040.10.13.21.00,46942
GB,2040.10.13.22.00,41318
GB,2040.10.13.23.00,40072
AT,2050.01.04.00.00,12279
AT,2050.01.04.01.00,11974
AT,2050.01.04.02.00,11831
AT,2050.01.04.03.00,12143
AT,2050.01.04.04.00,13390
AT,2050.01.04.05.00,15100
AT,2050.01.04.06.00,16702
AT,2050.01.04.07.00,17831
AT,2050.01.04.08.00,18137
AT,2050.01.04.09.00,17924
AT,2050.01.04.10.00,17773
AT,2050.01.04.11.00,17338
AT,2050.01.04.12.00,17153
AT,2050.01.04.13.00,17149
AT,2050.01.04.14.00,17372
AT,2050.01.04.15.00,17790
AT,2050.01.04.16.00,18288
AT,2050.01.04.17.00,17868
AT,2050.01.04.18.00,16982
AT,2050.01.04.19.00,15891
AT,2050.01.04.20.00,14787
AT,2050.01.04.21.00,14495
AT,2050.01.04.22.00,13494
AT,2050.01.04.23.00,12740
AT,2050.04.29.00.00,12773
AT,2050.04.29.01.00,12373
AT,2050.04.29.02.00,12408
AT,2050.04.29.03.00,13016
AT,2050.04.29.04.00,13619
AT,2050.04.29.05.00,14299
AT,2050.04.29.06.00,14881
AT,2050.04.29.07.00,15161
AT,2050.04.29.08.00,15353
AT,2050.04.29.09.00,15513
AT,2050.04.29.10.00,14703
AT,2050.04.29.11.00,13976
AT,2050.04.29.12.00,13797
AT,2050.04.29.13.00,13801
AT,2050.04.29.14.00,13914
AT,2050.04.29.15.00,14301
AT,2050.04.29.16.00,14586
AT,2050.04.29.17.00,14943
AT,2050.04.29.18.00,15050
AT,2050.04.29.19.00,14383
AT,2050.04.29.20.00,14079
AT,2050.04.29.21.00,13107
AT,2050.04.29.22.00,12462
AT,2050.04.29.23.00,11773
AT,2050.07.23.00.00,10916
AT,2050.07.23.01.00,10594
AT,2050.07.23.02.00,10493
AT,2050.07.23.03.00,10716
AT,2050.07.23.04.00,11030
AT,2050.07.23.05.00,11523
AT,2050.07.23.06.00,12118
AT,2050.07.23.07.00,12557
AT,2050.07.23.08.00,12677
AT,2050.07.23.09.00,12744
AT,2050.07.23.10.00,12248
AT,2050.07.23.11.00,11931
AT,2050.07.23.12.00,11730
AT,2050.07.23.13.00,11905
AT,2050.07.23.14.00,12288
AT,2050.07.23.15.00,12964
AT,2050.07.23.16.00,13745
AT,2050.07.23.17.00,14069
AT,2050.07.23.18.00,14045
AT,2050.07.23.19.00,13918
AT,2050.07.23.20.00,13804
AT,2050.07.23.21.00,12893
AT,2050.07.23.22.00,12405
AT,2050.07.23.23.00,11737
AT,2050.10.22.00.00,12193
AT,2050.10.22.01.00,11859
AT,2050.10.22.02.00,11934
AT,2050.10.22.03.00,12386
AT,2050.10.22.04.00,13175
AT,2050.10.22.05.00,14284
AT,2050.10.22.06.00,15156
AT,2050.10.22.07.00,15769
AT,2050.10.22.08.00,16120
AT,2050.10.22.09.00,16191
AT,2050.10.22.10.00,15120
AT,2050.10.22.11.00,14067
AT,2050.10.22.12.00,13799
AT,2050.10.22.13.00,13806
AT,2050.10.22.14.00,14648
AT,2050.10.22.15.00,15763
AT,2050.10.22.16.00,16983
AT,2050.10.22.17.00,16799
AT,2050.10.22.18.00,16001
AT,2050.10.22.19.00,15036
AT,2050.10.22.20.00,14950
AT,2050.10.22.21.00,14108
AT,2050.10.22.22.00,13556
AT,2050.10.22.23.00,13063
BE,2050.01.04.00.00,17761
BE,2050.01.04.01.00,17249
BE,2050.01.04.02.00,16985
BE,2050.01.04.03.00,17076
BE,2050.01.04.04.00,17912
BE,2050.01.04.05.00,19518
BE,2050.01.04.06.00,20959
BE,2050.01.04.07.00,22327
BE,2050.01.04.08.00,22930
BE,2050.01.04.09.00,23421
BE,2050.01.04.10.00,23948
BE,2050.01.04.11.00,23895
BE,2050.01.04.12.00,23621
BE,2050.01.04.13.00,23408
BE,2050.01.04.14.00,23238
BE,2050.01.04.15.00,23422
BE,2050.01.04.16.00,24178
BE,2050.01.04.17.00,24215
BE,2050.01.04.18.00,23248
BE,2050.01.04.19.00,22076
BE,2050.01.04.20.00,20902
BE,2050.01.04.21.00,20722
BE,2050.01.04.22.00,20517
BE,2050.01.04.23.00,18984
BE,2050.04.29.00.00,18055
BE,2050.04.29.01.00,18155
BE,2050.04.29.02.00,18005
BE,2050.04.29.03.00,18125
BE,2050.04.29.04.00,18673
BE,2050.04.29.05.00,19551
BE,2050.04.29.06.00,20682
BE,2050.04.29.07.00,21788
BE,2050.04.29.08.00,22729
BE,2050.04.29.09.00,23008
BE,2050.04.29.10.00,22717
BE,2050.04.29.11.00,22349
BE,2050.04.29.12.00,21574
BE,2050.04.29.13.00,20987
BE,2050.04.29.14.00,20518
BE,2050.04.29.15.00,20951
BE,2050.04.29.16.00,21629
BE,2050.04.29.17.00,21592
BE,2050.04.29.18.00,21311
BE,2050.04.29.19.00,21140
BE,2050.04.29.20.00,20805
BE,2050.04.29.21.00,20288
BE,2050.04.29.22.00,18996
BE,2050.04.29.23.00,18242
BE,2050.07.23.00.00,16568
BE,2050.07.23.01.00,15915
BE,2050.07.23.02.00,15725
BE,2050.07.23.03.00,15876
BE,2050.07.23.04.00,15902
BE,2050.07.23.05.00,16408
BE,2050.07.23.06.00,17125
BE,2050.07.23.07.00,17927
BE,2050.07.23.08.00,18605
BE,2050.07.23.09.00,19170
BE,2050.07.23.10.00,19284
BE,2050.07.23.11.00,18618
BE,2050.07.23.12.00,18534
BE,2050.07.23.13.00,18453
BE,2050.07.23.14.00,18402
BE,2050.07.23.15.00,18653
BE,2050.07.23.16.00,18775
BE,2050.07.23.17.00,19282
BE,2050.07.23.18.00,19178
BE,2050.07.23.19.00,18594
BE,2050.07.23.20.00,18663
BE,2050.07.23.21.00,17892
BE,2050.07.23.22.00,16995
BE,2050.07.23.23.00,16589
BE,2050.10.22.00.00,18680
BE,2050.10.22.01.00,18297
BE,2050.10.22.02.00,18172
BE,2050.10.22.03.00,18563
BE,2050.10.22.04.00,19269
BE,2050.10.22.05.00,19844
BE,2050.10.22.06.00,20888
BE,2050.10.22.07.00,21896
BE,2050.10.22.08.00,22599
BE,2050.10.22.09.00,23472
BE,2050.10.22.10.00,23342
BE,2050.10.22.11.00,22983
BE,2050.10.22.12.00,21920
BE,2050.10.22.13.00,21545
BE,2050.10.22.14.00,21482
BE,2050.10.22.15.00,22442
BE,2050.10.22.16.00,24056
BE,2050.10.22.17.00,24990
BE,2050.10.22.18.00,24135
BE,2050.10.22.19.00,23032
BE,2050.10.22.20.00,22601
BE,2050.10.22.21.00,21710
BE,2050.10.22.22.00,20700
BE,2050.10.22.23.00,19176
BG,2050.01.04.00.00,8737
BG,2050.01.04.01.00,8690
BG,2050.01.04.02.00,8787
BG,2050.01.04.03.00,9096
BG,2050.01.04.04.00,10142
BG,2050.01.04.05.00,11273
BG,2050.01.04.06.00,12082
BG,2050.01.04.07.00,12341
BG,2050.01.04.08.00,12047
BG,2050.01.04.09.00,11908
BG,2050.01.04.10.00,11668
BG,2050.01.04.11.00,11543
BG,2050.01.04.12.00,11443
BG,2050.01.04.13.00,11599
BG,2050.01.04.14.00,11871
BG,2050.01.04.15.00,12500
BG,2050.01.04.16.00,12929
BG,2050.01.04.17.00,12699
BG,2050.01.04.18.00,12184
BG,2050.01.04.19.00,11591
BG,2050.01.04.20.00,11190
BG,2050.01.04.21.00,10344
BG,2050.01.04.22.00,9489
BG,2050.01.04.23.00,9041
BG,2050.04.29.00.00,7859
BG,2050.04.29.01.00,7845
BG,2050.04.29.02.00,7922
BG,2050.04.29.03.00,8192
BG,2050.04.29.04.00,8753
BG,2050.04.29.05.00,8979
BG,2050.04.29.06.00,8469
BG,2050.04.29.07.00,7696
BG,2050.04.29.08.00,7196
BG,2050.04.29.09.00,7075
BG,2050.04.29.10.00,6911
BG,2050.04.29.11.00,6958
BG,2050.04.29.12.00,7128
BG,2050.04.29.13.00,7576
BG,2050.04.29.14.00,8402
BG,2050.04.29.15.00,8998
BG,2050.04.29.16.00,9949
BG,2050.04.29.17.00,10362
BG,2050.04.29.18.00,10098
BG,2050.04.29.19.00,9745
BG,2050.04.29.20.00,9044
BG,2050.04.29.21.00,8627
BG,2050.04.29.22.00,7852
BG,2050.04.29.23.00,7485
BG,2050.07.23.00.00,8190
BG,2050.07.23.01.00,8030
BG,2050.07.23.02.00,7904
BG,2050.07.23.03.00,7948
BG,2050.07.23.04.00,8304
BG,2050.07.23.05.00,9018
BG,2050.07.23.06.00,9804
BG,2050.07.23.07.00,10287
BG,2050.07.23.08.00,10622
BG,2050.07.23.09.00,10743
BG,2050.07.23.10.00,10767
BG,2050.07.23.11.00,10642
BG,2050.07.23.12.00,10597
BG,2050.07.23.13.00,10714
BG,2050.07.23.14.00,10913
BG,2050.07.23.15.00,11071
BG,2050.07.23.16.00,10872
BG,2050.07.23.17.00,10652
BG,2050.07.23.18.00,10680
BG,2050.07.23.19.00,10239
BG,2050.07.23.20.00,9599
BG,2050.07.23.21.00,8773
BG,2050.07.23.22.00,8162
BG,2050.07.23.23.00,7858
BG,2050.10.22.00.00,7509
BG,2050.10.22.01.00,7389
BG,2050.10.22.02.00,7503
BG,2050.10.22.03.00,7901
BG,2050.10.22.04.00,8192
BG,2050.10.22.05.00,8917
BG,2050.10.22.06.00,9689
BG,2050.10.22.07.00,10071
BG,2050.10.22.08.00,9917
BG,2050.10.22.09.00,9655
BG,2050.10.22.10.00,9575
BG,2050.10.22.11.00,9303
BG,2050.10.22.12.00,9213
BG,2050.10.22.13.00,9427
BG,2050.10.22.14.00,9857
BG,2050.10.22.15.00,10495
BG,2050.10.22.16.00,11230
BG,2050.10.22.17.00,10749
BG,2050.10.22.18.00,10010
BG,2050.10.22.19.00,9484
BG,2050.10.22.20.00,8873
BG,2050.10.22.21.00,8150
BG,2050.10.22.22.00,7614
BG,2050.10.22.23.00,7294
CZ,2050.01.04.00.00,14774
CZ,2050.01.04.01.00,14639
CZ,2050.01.04.02.00,14354
CZ,2050.01.04.03.00,14713
CZ,2050.01.04.04.00,16022
CZ,2050.01.04.05.00,18500
CZ,2050.01.04.06.00,19657
CZ,2050.01.04.07.00,19848
CZ,2050.01.04.08.00,20027
CZ,2050.01.04.09.00,19863
CZ,2050.01.04.10.00,19772
CZ,2050.01.04.11.00,19914
CZ,2050.01.04.12.00,20008
CZ,2050.01.04.13.00,19666
CZ,2050.01.04.14.00,19750
CZ,2050.01.04.15.00,19579
CZ,2050.01.04.16.00,19296
CZ,2050.01.04.17.00,18877
CZ,2050.01.04.18.00,18685
CZ,2050.01.04.19.00,18028
CZ,2050.01.04.20.00,16975
CZ,2050.01.04.21.00,16217
CZ,2050.01.04.22.00,15208
CZ,2050.01.04.23.00,14496
CZ,2050.04.29.00.00,13720
CZ,2050.04.29.01.00,13853
CZ,2050.04.29.02.00,13919
CZ,2050.04.29.03.00,13933
CZ,2050.04.29.04.00,14534
CZ,2050.04.29.05.00,15599
CZ,2050.04.29.06.00,16485
CZ,2050.04.29.07.00,17119
CZ,2050.04.29.08.00,17721
CZ,2050.04.29.09.00,17989
CZ,2050.04.29.10.00,17555
CZ,2050.04.29.11.00,17180
CZ,2050.04.29.12.00,16643
CZ,2050.04.29.13.00,16665
CZ,2050.04.29.14.00,16378
CZ,2050.04.29.15.00,16051
CZ,2050.04.29.16.00,15865
CZ,2050.04.29.17.00,15972
CZ,2050.04.29.18.00,16292
CZ,2050.04.29.19.00,15677
CZ,2050.04.29.20.00,15056
CZ,2050.04.29.21.00,14309
CZ,2050.04.29.22.00,13392
CZ,2050.04.29.23.00,13096
CZ,2050.07.23.00.00,10838
CZ,2050.07.23.01.00,10757
CZ,2050.07.23.02.00,10756
CZ,2050.07.23.03.00,10325
CZ,2050.07.23.04.00,10723
CZ,2050.07.23.05.00,11766
CZ,2050.07.23.06.00,13126
CZ,2050.07.23.07.00,14432
CZ,2050.07.23.08.00,15492
CZ,2050.07.23.09.00,15979
CZ,2050.07.23.10.00,15590
CZ,2050.07.23.11.00,15412
CZ,2050.07.23.12.00,15078
CZ,2050.07.23.13.00,14967
CZ,2050.07.23.14.00,14647
CZ,2050.07.23.15.00,14247
CZ,2050.07.23.16.00,14105
CZ,2050.07.23.17.00,14074
CZ,2050.07.23.18.00,13960
CZ,2050.07.23.19.00,13932
CZ,2050.07.23.20.00,13655
CZ,2050.07.23.21.00,12764
CZ,2050.07.23.22.00,12342
CZ,2050.07.23.23.00,12274
CZ,2050.10.22.00.00,12686
CZ,2050.10.22.01.00,12625
CZ,2050.10.22.02.00,12821
CZ,2050.10.22.03.00,12832
CZ,2050.10.22.04.00,13378
CZ,2050.10.22.05.00,14304
CZ,2050.10.22.06.00,15357
CZ,2050.10.22.07.00,16737
CZ,2050.10.22.08.00,17954
CZ,2050.10.22.09.00,18668
CZ,2050.10.22.10.00,18222
CZ,2050.10.22.11.00,17943
CZ,2050.10.22.12.00,17459
CZ,2050.10.22.13.00,17239
CZ,2050.10.22.14.00,16832
CZ,2050.10.22.15.00,16315
CZ,2050.10.22.16.00,17416
CZ,2050.10.22.17.00,17481
CZ,2050.10.22.18.00,17026
CZ,2050.10.22.19.00,16169
CZ,2050.10.22.20.00,16011
CZ,2050.10.22.21.00,15206
CZ,2050.10.22.22.00,14665
CZ,2050.10.22.23.00,14795
DE,2050.01.04.00.00,99353
DE,2050.01.04.01.00,98282
DE,2050.01.04.02.00,100258
DE,2050.01.04.03.00,104201
DE,2050.01.04.04.00,110515
DE,2050.01.04.05.00,123689
DE,2050.01.04.06.00,133422
DE,2050.01.04.07.00,140223
DE,2050.01.04.08.00,142521
DE,2050.01.04.09.00,145576
DE,2050.01.04.10.00,148538
DE,2050.01.04.11.00,148995
DE,2050.01.04.12.00,146413
DE,2050.01.04.13.00,144355
DE,2050.01.04.14.00,143039
DE,2050.01.04.15.00,143492
DE,2050.01.04.16.00,147904
DE,2050.01.04.17.00,146886
DE,2050.01.04.18.00,142130
DE,2050.01.04.19.00,134040
DE,2050.01.04.20.00,127111
DE,2050.01.04.21.00,121209
DE,2050.01.04.22.00,114217
DE,2050.01.04.23.00,103654
DE,2050.04.29.00.00,98771
DE,2050.04.29.01.00,98592
DE,2050.04.29.02.00,98950
DE,2050.04.29.03.00,100363
DE,2050.04.29.04.00,103779
DE,2050.04.29.05.00,110118
DE,2050.04.29.06.00,118833
DE,2050.04.29.07.00,127632
DE,2050.04.29.08.00,131601
DE,2050.04.29.09.00,132945
DE,2050.04.29.10.00,130124
DE,2050.04.29.11.00,125595
DE,2050.04.29.12.00,121172
DE,2050.04.29.13.00,119544
DE,2050.04.29.14.00,117900
DE,2050.04.29.15.00,120398
DE,2050.04.29.16.00,123064
DE,2050.04.29.17.00,123842
DE,2050.04.29.18.00,123328
DE,2050.04.29.19.00,120601
DE,2050.04.29.20.00,116389
DE,2050.04.29.21.00,108679
DE,2050.04.29.22.00,100318
DE,2050.04.29.23.00,95590
DE,2050.07.23.00.00,87527
DE,2050.07.23.01.00,85667
DE,2050.07.23.02.00,86612
DE,2050.07.23.03.00,85984
DE,2050.07.23.04.00,87805
DE,2050.07.23.05.00,93503
DE,2050.07.23.06.00,100226
DE,2050.07.23.07.00,107468
DE,2050.07.23.08.00,111852
DE,2050.07.23.09.00,115459
DE,2050.07.23.10.00,116073
DE,2050.07.23.11.00,113386
DE,2050.07.23.12.00,111386
DE,2050.07.23.13.00,110246
DE,2050.07.23.14.00,110857
DE,2050.07.23.15.00,113960
DE,2050.07.23.16.00,116892
DE,2050.07.23.17.00,115734
DE,2050.07.23.18.00,113480
DE,2050.07.23.19.00,110585
DE,2050.07.23.20.00,108678
DE,2050.07.23.21.00,103786
DE,2050.07.23.22.00,98961
DE,2050.07.23.23.00,96473
DE,2050.10.22.00.00,98529
DE,2050.10.22.01.00,98627
DE,2050.10.22.02.00,99236
DE,2050.10.22.03.00,99881
DE,2050.10.22.04.00,101832
DE,2050.10.22.05.00,107297
DE,2050.10.22.06.00,115345
DE,2050.10.22.07.00,123141
DE,2050.10.22.08.00,129382
DE,2050.10.22.09.00,134880
DE,2050.10.22.10.00,135783
DE,2050.10.22.11.00,130004
DE,2050.10.22.12.00,125542
DE,2050.10.22.13.00,122657
DE,2050.10.22.14.00,123470
DE,2050.10.22.15.00,128841
DE,2050.10.22.16.00,139171
DE,2050.10.22.17.00,139147
DE,2050.10.22.18.00,131656
DE,2050.10.22.19.00,127063
DE,2050.10.22.20.00,124800
DE,2050.10.22.21.00,118803
DE,2050.10.22.22.00,114646
DE,2050.10.22.23.00,111064
DK,2050.01.04.00.00,7966
DK,2050.01.04.01.00,7994
DK,2050.01.04.02.00,8181
DK,2050.01.04.03.00,8245
DK,2050.01.04.04.00,8520
DK,2050.01.04.05.00,9443
DK,2050.01.04.06.00,10650
DK,2050.01.04.07.00,11248
DK,2050.01.04.08.00,11169
DK,2050.01.04.09.00,11572
DK,2050.01.04.10.00,11601
DK,2050.01.04.11.00,11383
DK,2050.01.04.12.00,11299
DK,2050.01.04.13.00,11148
DK,2050.01.04.14.00,10942
DK,2050.01.04.15.00,11246
DK,2050.01.04.16.00,11725
DK,2050.01.04.17.00,11226
DK,2050.01.04.18.00,10481
DK,2050.01.04.19.00,9972
DK,2050.01.04.20.00,9567
DK,2050.01.04.21.00,8975
DK,2050.01.04.22.00,8598
DK,2050.01.04.23.00,8546
DK,2050.04.29.00.00,7613
DK,2050.04.29.01.00,7498
DK,2050.04.29.02.00,7398
DK,2050.04.29.03.00,7368
DK,2050.04.29.04.00,7619
DK,2050.04.29.05.00,8186
DK,2050.04.29.06.00,8613
DK,2050.04.29.07.00,8785
DK,2050.04.29.08.00,8575
DK,2050.04.29.09.00,8676
DK,2050.04.29.10.00,9287
DK,2050.04.29.11.00,9263
DK,2050.04.29.12.00,9155
DK,2050.04.29.13.00,8816
DK,2050.04.29.14.00,8853
DK,2050.04.29.15.00,9515
DK,2050.04.29.16.00,9703
DK,2050.04.29.17.00,9315
DK,2050.04.29.18.00,9127
DK,2050.04.29.19.00,8518
DK,2050.04.29.20.00,8120
DK,2050.04.29.21.00,7766
DK,2050.04.29.22.00,7592
DK,2050.04.29.23.00,7423
DK,2050.07.23.00.00,6334
DK,2050.07.23.01.00,6274
DK,2050.07.23.02.00,6385
DK,2050.07.23.03.00,6324
DK,2050.07.23.04.00,6630
DK,2050.07.23.05.00,7132
DK,2050.07.23.06.00,7821
DK,2050.07.23.07.00,8398
DK,2050.07.23.08.00,8822
DK,2050.07.23.09.00,9051
DK,2050.07.23.10.00,9190
DK,2050.07.23.11.00,9176
DK,2050.07.23.12.00,9155
DK,2050.07.23.13.00,9132
DK,2050.07.23.14.00,9269
DK,2050.07.23.15.00,9642
DK,2050.07.23.16.00,9305
DK,2050.07.23.17.00,8540
DK,2050.07.23.18.00,8198
DK,2050.07.23.19.00,7962
DK,2050.07.23.20.00,7694
DK,2050.07.23.21.00,7213
DK,2050.07.23.22.00,7038
DK,2050.07.23.23.00,6848
DK,2050.10.22.00.00,9044
DK,2050.10.22.01.00,8954
DK,2050.10.22.02.00,8665
DK,2050.10.22.03.00,8447
DK,2050.10.22.04.00,8562
DK,2050.10.22.05.00,8973
DK,2050.10.22.06.00,9582
DK,2050.10.22.07.00,10212
DK,2050.10.22.08.00,10452
DK,2050.10.22.09.00,10433
DK,2050.10.22.10.00,10505
DK,2050.10.22.11.00,10731
DK,2050.10.22.12.00,10662
DK,2050.10.22.13.00,10506
DK,2050.10.22.14.00,10767
DK,2050.10.22.15.00,11605
DK,2050.10.22.16.00,11401
DK,2050.10.22.17.00,11019
DK,2050.10.22.18.00,10499
DK,2050.10.22.19.00,10082
DK,2050.10.22.20.00,9609
DK,2050.10.22.21.00,9210
DK,2050.10.22.22.00,8896
DK,2050.10.22.23.00,8797
EE,2050.01.04.00.00,1871
EE,2050.01.04.01.00,1838
EE,2050.01.04.02.00,1884
EE,2050.01.04.03.00,1979
EE,2050.01.04.04.00,2171
EE,2050.01.04.05.00,2398
EE,2050.01.04.06.00,2618
EE,2050.01.04.07.00,2683
EE,2050.01.04.08.00,2776
EE,2050.01.04.09.00,2757
EE,2050.01.04.10.00,2735
EE,2050.01.04.11.00,2762
EE,2050.01.04.12.00,2726
EE,2050.01.04.13.00,2737
EE,2050.01.04.14.00,2774
EE,2050.01.04.15.00,2747
EE,2050.01.04.16.00,2707
EE,2050.01.04.17.00,2647
EE,2050.01.04.18.00,2560
EE,2050.01.04.19.00,2473
EE,2050.01.04.20.00,2333
EE,2050.01.04.21.00,2180
EE,2050.01.04.22.00,2086
EE,2050.01.04.23.00,2030
EE,2050.04.29.00.00,1786
EE,2050.04.29.01.00,1792
EE,2050.04.29.02.00,1765
EE,2050.04.29.03.00,1831
EE,2050.04.29.04.00,1932
EE,2050.04.29.05.00,1988
EE,2050.04.29.06.00,2017
EE,2050.04.29.07.00,1946
EE,2050.04.29.08.00,1968
EE,2050.04.29.09.00,2040
EE,2050.04.29.10.00,1925
EE,2050.04.29.11.00,1857
EE,2050.04.29.12.00,1879
EE,2050.04.29.13.00,1820
EE,2050.04.29.14.00,1897
EE,2050.04.29.15.00,2022
EE,2050.04.29.16.00,2101
EE,2050.04.29.17.00,2068
EE,2050.04.29.18.00,2106
EE,2050.04.29.19.00,2020
EE,2050.04.29.20.00,1904
EE,2050.04.29.21.00,1833
EE,2050.04.29.22.00,1752
EE,2050.04.29.23.00,1697
EE,2050.07.23.00.00,1403
EE,2050.07.23.01.00,1361
EE,2050.07.23.02.00,1337
EE,2050.07.23.03.00,1497
EE,2050.07.23.04.00,1630
EE,2050.07.23.05.00,1742
EE,2050.07.23.06.00,1736
EE,2050.07.23.07.00,1717
EE,2050.07.23.08.00,1943
EE,2050.07.23.09.00,2103
EE,2050.07.23.10.00,2023
EE,2050.07.23.11.00,1909
EE,2050.07.23.12.00,1847
EE,2050.07.23.13.00,2076
EE,2050.07.23.14.00,2181
EE,2050.07.23.15.00,2169
EE,2050.07.23.16.00,2046
EE,2050.07.23.17.00,1910
EE,2050.07.23.18.00,1796
EE,2050.07.23.19.00,1764
EE,2050.07.23.20.00,1675
EE,2050.07.23.21.00,1557
EE,2050.07.23.22.00,1474
EE,2050.07.23.23.00,1438
EE,2050.10.22.00.00,2100
EE,2050.10.22.01.00,2099
EE,2050.10.22.02.00,2107
EE,2050.10.22.03.00,2167
EE,2050.10.22.04.00,2255
EE,2050.10.22.05.00,2358
EE,2050.10.22.06.00,2485
EE,2050.10.22.07.00,2769
EE,2050.10.22.08.00,2859
EE,2050.10.22.09.00,2870
EE,2050.10.22.10.00,2812
EE,2050.10.22.11.00,2708
EE,2050.10.22.12.00,2659
EE,2050.10.22.13.00,2550
EE,2050.10.22.14.00,2613
EE,2050.10.22.15.00,2737
EE,2050.10.22.16.00,2711
EE,2050.10.22.17.00,2622
EE,2050.10.22.18.00,2501
EE,2050.10.22.19.00,2335
EE,2050.10.22.20.00,2198
EE,2050.10.22.21.00,2108
EE,2050.10.22.22.00,2038
EE,2050.10.22.23.00,1991
ES,2050.01.04.00.00,49284
ES,2050.01.04.01.00,46905
ES,2050.01.04.02.00,45744
ES,2050.01.04.03.00,45622
ES,2050.01.04.04.00,46872
ES,2050.01.04.05.00,52142
ES,2050.01.04.06.00,58956
ES,2050.01.04.07.00,63928
ES,2050.01.04.08.00,66831
ES,2050.01.04.09.00,67061
ES,2050.01.04.10.00,65673
ES,2050.01.04.11.00,64947
ES,2050.01.04.12.00,64899
ES,2050.01.04.13.00,63908
ES,2050.01.04.14.00,62074
ES,2050.01.04.15.00,62176
ES,2050.01.04.16.00,63795
ES,2050.01.04.17.00,67518
ES,2050.01.04.18.00,68856
ES,2050.01.04.19.00,70228
ES,2050.01.04.20.00,69271
ES,2050.01.04.21.00,63640
ES,2050.01.04.22.00,58061
ES,2050.01.04.23.00,54084
ES,2050.04.29.00.00,52574
ES,2050.04.29.01.00,50755
ES,2050.04.29.02.00,49697
ES,2050.04.29.03.00,49551
ES,2050.04.29.04.00,50180
ES,2050.04.29.05.00,51352
ES,2050.04.29.06.00,53312
ES,2050.04.29.07.00,57170
ES,2050.04.29.08.00,59564
ES,2050.04.29.09.00,60741
ES,2050.04.29.10.00,61553
ES,2050.04.29.11.00,61244
ES,2050.04.29.12.00,61175
ES,2050.04.29.13.00,58644
ES,2050.04.29.14.00,57347
ES,2050.04.29.15.00,56718
ES,2050.04.29.16.00,57073
ES,2050.04.29.17.00,58364
ES,2050.04.29.18.00,59448
ES,2050.04.29.19.00,63270
ES,2050.04.29.20.00,61713
ES,2050.04.29.21.00,57139
ES,2050.04.29.22.00,53477
ES,2050.04.29.23.00,50803
ES,2050.07.23.00.00,58530
ES,2050.07.23.01.00,56059
ES,2050.07.23.02.00,54742
ES,2050.07.23.03.00,54012
ES,2050.07.23.04.00,53941
ES,2050.07.23.05.00,53246
ES,2050.07.23.06.00,54390
ES,2050.07.23.07.00,56634
ES,2050.07.23.08.00,59139
ES,2050.07.23.09.00,60487
ES,2050.07.23.10.00,62352
ES,2050.07.23.11.00,64518
ES,2050.07.23.12.00,66980
ES,2050.07.23.13.00,67052
ES,2050.07.23.14.00,65827
ES,2050.07.23.15.00,66826
ES,2050.07.23.16.00,68096
ES,2050.07.23.17.00,69855
ES,2050.07.23.18.00,71194
ES,2050.07.23.19.00,73083
ES,2050.07.23.20.00,75866
ES,2050.07.23.21.00,72650
ES,2050.07.23.22.00,67970
ES,2050.07.23.23.00,63511
ES,2050.10.22.00.00,49629
ES,2050.10.22.01.00,48135
ES,2050.10.22.02.00,47109
ES,2050.10.22.03.00,46965
ES,2050.10.22.04.00,47569
ES,2050.10.22.05.00,49472
ES,2050.10.22.06.00,51370
ES,2050.10.22.07.00,53698
ES,2050.10.22.08.00,57225
ES,2050.10.22.09.00,58524
ES,2050.10.22.10.00,58900
ES,2050.10.22.11.00,60039
ES,2050.10.22.12.00,61413
ES,2050.10.22.13.00,58791
ES,2050.10.22.14.00,57416
ES,2050.10.22.15.00,57925
ES,2050.10.22.16.00,59192
ES,2050.10.22.17.00,62474
ES,2050.10.22.18.00,67424
ES,2050.10.22.19.00,68319
ES,2050.10.22.20.00,64780
ES,2050.10.22.21.00,60430
ES,2050.10.22.22.00,56196
ES,2050.10.22.23.00,53093
FR,2050.01.04.00.00,113497
FR,2050.01.04.01.00,111958
FR,2050.01.04.02.00,106587
FR,2050.01.04.03.00,104658
FR,2050.01.04.04.00,109212
FR,2050.01.04.05.00,119900
FR,2050.01.04.06.00,130064
FR,2050.01.04.07.00,135051
FR,2050.01.04.08.00,135735
FR,2050.01.04.09.00,135742
FR,2050.01.04.10.00,136554
FR,2050.01.04.11.00,134437
FR,2050.01.04.12.00,129648
FR,2050.01.04.13.00,128897
FR,2050.01.04.14.00,126584
FR,2050.01.04.15.00,124095
FR,2050.01.04.16.00,128911
FR,2050.01.04.17.00,136521
FR,2050.01.04.18.00,136909
FR,2050.01.04.19.00,128920
FR,2050.01.04.20.00,121226
FR,2050.01.04.21.00,119853
FR,2050.01.04.22.00,119469
FR,2050.01.04.23.00,114086
FR,2050.04.29.00.00,97229
FR,2050.04.29.01.00,91168
FR,2050.04.29.02.00,87837
FR,2050.04.29.03.00,88515
FR,2050.04.29.04.00,90729
FR,2050.04.29.05.00,94140
FR,2050.04.29.06.00,100621
FR,2050.04.29.07.00,106521
FR,2050.04.29.08.00,109414
FR,2050.04.29.09.00,112830
FR,2050.04.29.10.00,117599
FR,2050.04.29.11.00,113199
FR,2050.04.29.12.00,107362
FR,2050.04.29.13.00,103201
FR,2050.04.29.14.00,99910
FR,2050.04.29.15.00,98789
FR,2050.04.29.16.00,101529
FR,2050.04.29.17.00,104542
FR,2050.04.29.18.00,104562
FR,2050.04.29.19.00,105463
FR,2050.04.29.20.00,108062
FR,2050.04.29.21.00,109160
FR,2050.04.29.22.00,103117
FR,2050.04.29.23.00,98716
FR,2050.07.23.00.00,90997
FR,2050.07.23.01.00,87073
FR,2050.07.23.02.00,81897
FR,2050.07.23.03.00,78904
FR,2050.07.23.04.00,78554
FR,2050.07.23.05.00,78067
FR,2050.07.23.06.00,79815
FR,2050.07.23.07.00,84345
FR,2050.07.23.08.00,90567
FR,2050.07.23.09.00,96783
FR,2050.07.23.10.00,100834
FR,2050.07.23.11.00,108087
FR,2050.07.23.12.00,104699
FR,2050.07.23.13.00,100834
FR,2050.07.23.14.00,97917
FR,2050.07.23.15.00,96428
FR,2050.07.23.16.00,96421
FR,2050.07.23.17.00,100243
FR,2050.07.23.18.00,103958
FR,2050.07.23.19.00,102624
FR,2050.07.23.20.00,103243
FR,2050.07.23.21.00,107228
FR,2050.07.23.22.00,106241
FR,2050.07.23.23.00,97671
FR,2050.10.22.00.00,100667
FR,2050.10.22.01.00,96509
FR,2050.10.22.02.00,90724
FR,2050.10.22.03.00,87738
FR,2050.10.22.04.00,88327
FR,2050.10.22.05.00,90676
FR,2050.10.22.06.00,94096
FR,2050.10.22.07.00,97476
FR,2050.10.22.08.00,103026
FR,2050.10.22.09.00,108214
FR,2050.10.22.10.00,111915
FR,2050.10.22.11.00,118235
FR,2050.10.22.12.00,114011
FR,2050.10.22.13.00,106845
FR,2050.10.22.14.00,101981
FR,2050.10.22.15.00,99936
FR,2050.10.22.16.00,101231
FR,2050.10.22.17.00,109274
FR,2050.10.22.18.00,120763
FR,2050.10.22.19.00,116863
FR,2050.10.22.20.00,111908
FR,2050.10.22.21.00,112750
FR,2050.10.22.22.00,113223
FR,2050.10.22.23.00,106608
HR,2050.01.04.00.00,3221
HR,2050.01.04.01.00,3053
HR,2050.01.04.02.00,3014
HR,2050.01.04.03.00,3061
HR,2050.01.04.04.00,3307
HR,2050.01.04.05.00,3880
HR,2050.01.04.06.00,4290
HR,2050.01.04.07.00,4584
HR,2050.01.04.08.00,4718
HR,2050.01.04.09.00,4666
HR,2050.01.04.10.00,4665
HR,2050.01.04.11.00,4599
HR,2050.01.04.12.00,4475
HR,2050.01.04.13.00,4367
HR,2050.01.04.14.00,4327
HR,2050.01.04.15.00,4600
HR,2050.01.04.16.00,5007
HR,2050.01.04.17.00,4991
HR,2050.01.04.18.00,5007
HR,2050.01.04.19.00,4888
HR,2050.01.04.20.00,4815
HR,2050.01.04.21.00,4475
HR,2050.01.04.22.00,4013
HR,2050.01.04.23.00,3555
HR,2050.04.29.00.00,3624
HR,2050.04.29.01.00,3619
HR,2050.04.29.02.00,3618
HR,2050.04.29.03.00,3735
HR,2050.04.29.04.00,4018
HR,2050.04.29.05.00,4479
HR,2050.04.29.06.00,4831
HR,2050.04.29.07.00,4966
HR,2050.04.29.08.00,4894
HR,2050.04.29.09.00,4834
HR,2050.04.29.10.00,4797
HR,2050.04.29.11.00,4617
HR,2050.04.29.12.00,4440
HR,2050.04.29.13.00,4363
HR,2050.04.29.14.00,4364
HR,2050.04.29.15.00,4427
HR,2050.04.29.16.00,4563
HR,2050.04.29.17.00,4825
HR,2050.04.29.18.00,5328
HR,2050.04.29.19.00,5203
HR,2050.04.29.20.00,5022
HR,2050.04.29.21.00,4447
HR,2050.04.29.22.00,3899
HR,2050.04.29.23.00,3549
HR,2050.07.23.00.00,4185
HR,2050.07.23.01.00,4064
HR,2050.07.23.02.00,4004
HR,2050.07.23.03.00,3929
HR,2050.07.23.04.00,4080
HR,2050.07.23.05.00,4452
HR,2050.07.23.06.00,4865
HR,2050.07.23.07.00,5349
HR,2050.07.23.08.00,5720
HR,2050.07.23.09.00,5985
HR,2050.07.23.10.00,6041
HR,2050.07.23.11.00,5893
HR,2050.07.23.12.00,5720
HR,2050.07.23.13.00,5611
HR,2050.07.23.14.00,5625
HR,2050.07.23.15.00,5727
HR,2050.07.23.16.00,5878
HR,2050.07.23.17.00,6036
HR,2050.07.23.18.00,6187
HR,2050.07.23.19.00,6374
HR,2050.07.23.20.00,6187
HR,2050.07.23.21.00,5560
HR,2050.07.23.22.00,4901
HR,2050.07.23.23.00,4468
HR,2050.10.22.00.00,3503
HR,2050.10.22.01.00,3424
HR,2050.10.22.02.00,3410
HR,2050.10.22.03.00,3501
HR,2050.10.22.04.00,3805
HR,2050.10.22.05.00,3953
HR,2050.10.22.06.00,4239
HR,2050.10.22.07.00,4544
HR,2050.10.22.08.00,4773
HR,2050.10.22.09.00,4871
HR,2050.10.22.10.00,4815
HR,2050.10.22.11.00,4574
HR,2050.10.22.12.00,4313
HR,2050.10.22.13.00,4208
HR,2050.10.22.14.00,4272
HR,2050.10.22.15.00,4424
HR,2050.10.22.16.00,4963
HR,2050.10.22.17.00,5193
HR,2050.10.22.18.00,5142
HR,2050.10.22.19.00,4873
HR,2050.10.22.20.00,4713
HR,2050.10.22.21.00,4305
HR,2050.10.22.22.00,3813
HR,2050.10.22.23.00,3553
HU,2050.01.04.00.00,9252
HU,2050.01.04.01.00,8833
HU,2050.01.04.02.00,8721
HU,2050.01.04.03.00,9004
HU,2050.01.04.04.00,9675
HU,2050.01.04.05.00,10935
HU,2050.01.04.06.00,11647
HU,2050.01.04.07.00,11800
HU,2050.01.04.08.00,11592
HU,2050.01.04.09.00,11165
HU,2050.01.04.10.00,10954
HU,2050.01.04.11.00,10986
HU,2050.01.04.12.00,11054
HU,2050.01.04.13.00,11417
HU,2050.01.04.14.00,12048
HU,2050.01.04.15.00,12680
HU,2050.01.04.16.00,12783
HU,2050.01.04.17.00,12654
HU,2050.01.04.18.00,12525
HU,2050.01.04.19.00,12159
HU,2050.01.04.20.00,11779
HU,2050.01.04.21.00,11266
HU,2050.01.04.22.00,10770
HU,2050.01.04.23.00,9997
HU,2050.04.29.00.00,9947
HU,2050.04.29.01.00,9723
HU,2050.04.29.02.00,9751
HU,2050.04.29.03.00,9769
HU,2050.04.29.04.00,10155
HU,2050.04.29.05.00,10797
HU,2050.04.29.06.00,11064
HU,2050.04.29.07.00,11033
HU,2050.04.29.08.00,10746
HU,2050.04.29.09.00,10373
HU,2050.04.29.10.00,9810
HU,2050.04.29.11.00,9428
HU,2050.04.29.12.00,9364
HU,2050.04.29.13.00,9471
HU,2050.04.29.14.00,10120
HU,2050.04.29.15.00,10542
HU,2050.04.29.16.00,11168
HU,2050.04.29.17.00,11826
HU,2050.04.29.18.00,12502
HU,2050.04.29.19.00,12110
HU,2050.04.29.20.00,11400
HU,2050.04.29.21.00,10711
HU,2050.04.29.22.00,9922
HU,2050.04.29.23.00,9453
HU,2050.07.23.00.00,9134
HU,2050.07.23.01.00,8961
HU,2050.07.23.02.00,8942
HU,2050.07.23.03.00,8712
HU,2050.07.23.04.00,8847
HU,2050.07.23.05.00,8907
HU,2050.07.23.06.00,8856
HU,2050.07.23.07.00,8907
HU,2050.07.23.08.00,8972
HU,2050.07.23.09.00,8916
HU,2050.07.23.10.00,8907
HU,2050.07.23.11.00,8824
HU,2050.07.23.12.00,8988
HU,2050.07.23.13.00,9383
HU,2050.07.23.14.00,10014
HU,2050.07.23.15.00,10682
HU,2050.07.23.16.00,11422
HU,2050.07.23.17.00,11931
HU,2050.07.23.18.00,12301
HU,2050.07.23.19.00,12396
HU,2050.07.23.20.00,11593
HU,2050.07.23.21.00,10743
HU,2050.07.23.22.00,10064
HU,2050.07.23.23.00,9593
HU,2050.10.22.00.00,9792
HU,2050.10.22.01.00,9617
HU,2050.10.22.02.00,9678
HU,2050.10.22.03.00,9895
HU,2050.10.22.04.00,10431
HU,2050.10.22.05.00,10901
HU,2050.10.22.06.00,11332
HU,2050.10.22.07.00,11348
HU,2050.10.22.08.00,11293
HU,2050.10.22.09.00,11180
HU,2050.10.22.10.00,10890
HU,2050.10.22.11.00,10192
HU,2050.10.22.12.00,10181
HU,2050.10.22.13.00,10436
HU,2050.10.22.14.00,11517
HU,2050.10.22.15.00,12234
HU,2050.10.22.16.00,13166
HU,2050.10.22.17.00,13195
HU,2050.10.22.18.00,12780
HU,2050.10.22.19.00,12040
HU,2050.10.22.20.00,11414
HU,2050.10.22.21.00,10795
HU,2050.10.22.22.00,10122
HU,2050.10.22.23.00,9660
IT,2050.01.04.00.00,44316
IT,2050.01.04.01.00,42642
IT,2050.01.04.02.00,42076
IT,2050.01.04.03.00,42615
IT,2050.01.04.04.00,45690
IT,2050.01.04.05.00,53263
IT,2050.01.04.06.00,61470
IT,2050.01.04.07.00,69691
IT,2050.01.04.08.00,73368
IT,2050.01.04.09.00,72200
IT,2050.01.04.10.00,70730
IT,2050.01.04.11.00,68292
IT,2050.01.04.12.00,66091
IT,2050.01.04.13.00,67867
IT,2050.01.04.14.00,69248
IT,2050.01.04.15.00,72109
IT,2050.01.04.16.00,77167
IT,2050.01.04.17.00,77530
IT,2050.01.04.18.00,77014
IT,2050.01.04.19.00,72738
IT,2050.01.04.20.00,66646
IT,2050.01.04.21.00,59975
IT,2050.01.04.22.00,54046
IT,2050.01.04.23.00,49847
IT,2050.04.29.00.00,56491
IT,2050.04.29.01.00,55413
IT,2050.04.29.02.00,55257
IT,2050.04.29.03.00,56338
IT,2050.04.29.04.00,58709
IT,2050.04.29.05.00,65702
IT,2050.04.29.06.00,71587
IT,2050.04.29.07.00,73882
IT,2050.04.29.08.00,71564
IT,2050.04.29.09.00,69081
IT,2050.04.29.10.00,65157
IT,2050.04.29.11.00,63321
IT,2050.04.29.12.00,63650
IT,2050.04.29.13.00,64736
IT,2050.04.29.14.00,65520
IT,2050.04.29.15.00,67110
IT,2050.04.29.16.00,68946
IT,2050.04.29.17.00,71757
IT,2050.04.29.18.00,74480
IT,2050.04.29.19.00,70829
IT,2050.04.29.20.00,65464
IT,2050.04.29.21.00,60340
IT,2050.04.29.22.00,55539
IT,2050.04.29.23.00,52024
IT,2050.07.23.00.00,71397
IT,2050.07.23.01.00,68944
IT,2050.07.23.02.00,67990
IT,2050.07.23.03.00,66796
IT,2050.07.23.04.00,65646
IT,2050.07.23.05.00,68528
IT,2050.07.23.06.00,72385
IT,2050.07.23.07.00,77147
IT,2050.07.23.08.00,79495
IT,2050.07.23.09.00,81161
IT,2050.07.23.10.00,82757
IT,2050.07.23.11.00,83048
IT,2050.07.23.12.00,83862
IT,2050.07.23.13.00,84618
IT,2050.07.23.14.00,85945
IT,2050.07.23.15.00,89390
IT,2050.07.23.16.00,91340
IT,2050.07.23.17.00,92626
IT,2050.07.23.18.00,93146
IT,2050.07.23.19.00,94196
IT,2050.07.23.20.00,90396
IT,2050.07.23.21.00,84860
IT,2050.07.23.22.00,78473
IT,2050.07.23.23.00,73915
IT,2050.10.22.00.00,55137
IT,2050.10.22.01.00,53402
IT,2050.10.22.02.00,53343
IT,2050.10.22.03.00,54156
IT,2050.10.22.04.00,57347
IT,2050.10.22.05.00,59767
IT,2050.10.22.06.00,63735
IT,2050.10.22.07.00,69022
IT,2050.10.22.08.00,70788
IT,2050.10.22.09.00,69821
IT,2050.10.22.10.00,69643
IT,2050.10.22.11.00,66751
IT,2050.10.22.12.00,64005
IT,2050.10.22.13.00,64234
IT,2050.10.22.14.00,65213
IT,2050.10.22.15.00,67488
IT,2050.10.22.16.00,74687
IT,2050.10.22.17.00,79686
IT,2050.10.22.18.00,77300
IT,2050.10.22.19.00,73147
IT,2050.10.22.20.00,67694
IT,2050.10.22.21.00,62511
IT,2050.10.22.22.00,57232
IT,2050.10.22.23.00,53884
LT,2050.01.04.00.00,2383
LT,2050.01.04.01.00,2316
LT,2050.01.04.02.00,2343
LT,2050.01.04.03.00,2480
LT,2050.01.04.04.00,2873
LT,2050.01.04.05.00,3288
LT,2050.01.04.06.00,3584
LT,2050.01.04.07.00,3743
LT,2050.01.04.08.00,3836
LT,2050.01.04.09.00,3880
LT,2050.01.04.10.00,3847
LT,2050.01.04.11.00,3846
LT,2050.01.04.12.00,3797
LT,2050.01.04.13.00,3780
LT,2050.01.04.14.00,3821
LT,2050.01.04.15.00,3818
LT,2050.01.04.16.00,3734
LT,2050.01.04.17.00,3642
LT,2050.01.04.18.00,3501
LT,2050.01.04.19.00,3318
LT,2050.01.04.20.00,3084
LT,2050.01.04.21.00,2822
LT,2050.01.04.22.00,2680
LT,2050.01.04.23.00,2592
LT,2050.04.29.00.00,2556
LT,2050.04.29.01.00,2564
LT,2050.04.29.02.00,2608
LT,2050.04.29.03.00,2741
LT,2050.04.29.04.00,2892
LT,2050.04.29.05.00,3056
LT,2050.04.29.06.00,3158
LT,2050.04.29.07.00,3112
LT,2050.04.29.08.00,2993
LT,2050.04.29.09.00,2935
LT,2050.04.29.10.00,2766
LT,2050.04.29.11.00,2700
LT,2050.04.29.12.00,2629
LT,2050.04.29.13.00,2640
LT,2050.04.29.14.00,2698
LT,2050.04.29.15.00,2773
LT,2050.04.29.16.00,2929
LT,2050.04.29.17.00,3025
LT,2050.04.29.18.00,3098
LT,2050.04.29.19.00,2931
LT,2050.04.29.20.00,2695
LT,2050.04.29.21.00,2511
LT,2050.04.29.22.00,2396
LT,2050.04.29.23.00,2324
LT,2050.07.23.00.00,2257
LT,2050.07.23.01.00,2250
LT,2050.07.23.02.00,2245
LT,2050.07.23.03.00,2387
LT,2050.07.23.04.00,2545
LT,2050.07.23.05.00,2679
LT,2050.07.23.06.00,2803
LT,2050.07.23.07.00,2897
LT,2050.07.23.08.00,2924
LT,2050.07.23.09.00,2929
LT,2050.07.23.10.00,2951
LT,2050.07.23.11.00,3139
LT,2050.07.23.12.00,3052
LT,2050.07.23.13.00,3082
LT,2050.07.23.14.00,3159
LT,2050.07.23.15.00,3167
LT,2050.07.23.16.00,3143
LT,2050.07.23.17.00,3104
LT,2050.07.23.18.00,2995
LT,2050.07.23.19.00,2897
LT,2050.07.23.20.00,2624
LT,2050.07.23.21.00,2450
LT,2050.07.23.22.00,2347
LT,2050.07.23.23.00,2310
LT,2050.10.22.00.00,3106
LT,2050.10.22.01.00,3102
LT,2050.10.22.02.00,3149
LT,2050.10.22.03.00,3309
LT,2050.10.22.04.00,3467
LT,2050.10.22.05.00,3371
LT,2050.10.22.06.00,3503
LT,2050.10.22.07.00,3696
LT,2050.10.22.08.00,3776
LT,2050.10.22.09.00,3765
LT,2050.10.22.10.00,3777
LT,2050.10.22.11.00,3776
LT,2050.10.22.12.00,3793
LT,2050.10.22.13.00,3820
LT,2050.10.22.14.00,3911
LT,2050.10.22.15.00,4068
LT,2050.10.22.16.00,4511
LT,2050.10.22.17.00,4365
LT,2050.10.22.18.00,4121
LT,2050.10.22.19.00,3800
LT,2050.10.22.20.00,3540
LT,2050.10.22.21.00,3377
LT,2050.10.22.22.00,3249
LT,2050.10.22.23.00,3180
LU,2050.01.04.00.00,971
LU,2050.01.04.01.00,944
LU,2050.01.04.02.00,930
LU,2050.01.04.03.00,952
LU,2050.01.04.04.00,1014
LU,2050.01.04.05.00,1137
LU,2050.01.04.06.00,1264
LU,2050.01.04.07.00,1357
LU,2050.01.04.08.00,1388
LU,2050.01.04.09.00,1430
LU,2050.01.04.10.00,1464
LU,2050.01.04.11.00,1463
LU,2050.01.04.12.00,1431
LU,2050.01.04.13.00,1394
LU,2050.01.04.14.00,1374
LU,2050.01.04.15.00,1375
LU,2050.01.04.16.00,1427
LU,2050.01.04.17.00,1429
LU,2050.01.04.18.00,1380
LU,2050.01.04.19.00,1286
LU,2050.01.04.20.00,1198
LU,2050.01.04.21.00,1160
LU,2050.01.04.22.00,1093
LU,2050.01.04.23.00,1013
LU,2050.04.29.00.00,1076
LU,2050.04.29.01.00,1056
LU,2050.04.29.02.00,1061
LU,2050.04.29.03.00,1078
LU,2050.04.29.04.00,1103
LU,2050.04.29.05.00,1156
LU,2050.04.29.06.00,1245
LU,2050.04.29.07.00,1320
LU,2050.04.29.08.00,1377
LU,2050.04.29.09.00,1417
LU,2050.04.29.10.00,1407
LU,2050.04.29.11.00,1372
LU,2050.04.29.12.00,1328
LU,2050.04.29.13.00,1287
LU,2050.04.29.14.00,1272
LU,2050.04.29.15.00,1288
LU,2050.04.29.16.00,1317
LU,2050.04.29.17.00,1315
LU,2050.04.29.18.00,1281
LU,2050.04.29.19.00,1263
LU,2050.04.29.20.00,1234
LU,2050.04.29.21.00,1161
LU,2050.04.29.22.00,1089
LU,2050.04.29.23.00,1037
LU,2050.07.23.00.00,953
LU,2050.07.23.01.00,941
LU,2050.07.23.02.00,940
LU,2050.07.23.03.00,947
LU,2050.07.23.04.00,944
LU,2050.07.23.05.00,977
LU,2050.07.23.06.00,1023
LU,2050.07.23.07.00,1079
LU,2050.07.23.08.00,1141
LU,2050.07.23.09.00,1207
LU,2050.07.23.10.00,1227
LU,2050.07.23.11.00,1188
LU,2050.07.23.12.00,1152
LU,2050.07.23.13.00,1130
LU,2050.07.23.14.00,1118
LU,2050.07.23.15.00,1142
LU,2050.07.23.16.00,1167
LU,2050.07.23.17.00,1168
LU,2050.07.23.18.00,1149
LU,2050.07.23.19.00,1139
LU,2050.07.23.20.00,1121
LU,2050.07.23.21.00,1066
LU,2050.07.23.22.00,1024
LU,2050.07.23.23.00,982
LU,2050.10.22.00.00,1069
LU,2050.10.22.01.00,1061
LU,2050.10.22.02.00,1056
LU,2050.10.22.03.00,1067
LU,2050.10.22.04.00,1104
LU,2050.10.22.05.00,1163
LU,2050.10.22.06.00,1200
LU,2050.10.22.07.00,1263
LU,2050.10.22.08.00,1349
LU,2050.10.22.09.00,1428
LU,2050.10.22.10.00,1441
LU,2050.10.22.11.00,1377
LU,2050.10.22.12.00,1328
LU,2050.10.22.13.00,1301
LU,2050.10.22.14.00,1299
LU,2050.10.22.15.00,1322
LU,2050.10.22.16.00,1386
LU,2050.10.22.17.00,1426
LU,2050.10.22.18.00,1372
LU,2050.10.22.19.00,1299
LU,2050.10.22.20.00,1259
LU,2050.10.22.21.00,1183
LU,2050.10.22.22.00,1107
LU,2050.10.22.23.00,1057
LV,2050.01.04.00.00,1270
LV,2050.01.04.01.00,1237
LV,2050.01.04.02.00,1259
LV,2050.01.04.03.00,1346
LV,2050.01.04.04.00,1552
LV,2050.01.04.05.00,1816
LV,2050.01.04.06.00,2049
LV,2050.01.04.07.00,2121
LV,2050.01.04.08.00,2152
LV,2050.01.04.09.00,2152
LV,2050.01.04.10.00,2130
LV,2050.01.04.11.00,2161
LV,2050.01.04.12.00,2167
LV,2050.01.04.13.00,2148
LV,2050.01.04.14.00,2205
LV,2050.01.04.15.00,2176
LV,2050.01.04.16.00,2138
LV,2050.01.04.17.00,2072
LV,2050.01.04.18.00,2036
LV,2050.01.04.19.00,1939
LV,2050.01.04.20.00,1790
LV,2050.01.04.21.00,1657
LV,2050.01.04.22.00,1534
LV,2050.01.04.23.00,1451
LV,2050.04.29.00.00,1319
LV,2050.04.29.01.00,1341
LV,2050.04.29.02.00,1329
LV,2050.04.29.03.00,1403
LV,2050.04.29.04.00,1524
LV,2050.04.29.05.00,1646
LV,2050.04.29.06.00,1687
LV,2050.04.29.07.00,1689
LV,2050.04.29.08.00,1662
LV,2050.04.29.09.00,1609
LV,2050.04.29.10.00,1593
LV,2050.04.29.11.00,1593
LV,2050.04.29.12.00,1568
LV,2050.04.29.13.00,1575
LV,2050.04.29.14.00,1628
LV,2050.04.29.15.00,1715
LV,2050.04.29.16.00,1742
LV,2050.04.29.17.00,1737
LV,2050.04.29.18.00,1752
LV,2050.04.29.19.00,1659
LV,2050.04.29.20.00,1515
LV,2050.04.29.21.00,1380
LV,2050.04.29.22.00,1286
LV,2050.04.29.23.00,1256
LV,2050.07.23.00.00,1205
LV,2050.07.23.01.00,1162
LV,2050.07.23.02.00,1152
LV,2050.07.23.03.00,1197
LV,2050.07.23.04.00,1273
LV,2050.07.23.05.00,1377
LV,2050.07.23.06.00,1464
LV,2050.07.23.07.00,1532
LV,2050.07.23.08.00,1580
LV,2050.07.23.09.00,1633
LV,2050.07.23.10.00,1641
LV,2050.07.23.11.00,1704
LV,2050.07.23.12.00,1737
LV,2050.07.23.13.00,1720
LV,2050.07.23.14.00,1717
LV,2050.07.23.15.00,1735
LV,2050.07.23.16.00,1672
LV,2050.07.23.17.00,1669
LV,2050.07.23.18.00,1614
LV,2050.07.23.19.00,1578
LV,2050.07.23.20.00,1448
LV,2050.07.23.21.00,1312
LV,2050.07.23.22.00,1225
LV,2050.07.23.23.00,1194
LV,2050.10.22.00.00,1494
LV,2050.10.22.01.00,1499
LV,2050.10.22.02.00,1515
LV,2050.10.22.03.00,1616
LV,2050.10.22.04.00,1728
LV,2050.10.22.05.00,1829
LV,2050.10.22.06.00,1979
LV,2050.10.22.07.00,2045
LV,2050.10.22.08.00,2048
LV,2050.10.22.09.00,2042
LV,2050.10.22.10.00,2009
LV,2050.10.22.11.00,2011
LV,2050.10.22.12.00,2035
LV,2050.10.22.13.00,2058
LV,2050.10.22.14.00,2112
LV,2050.10.22.15.00,2210
LV,2050.10.22.16.00,2184
LV,2050.10.22.17.00,2112
LV,2050.10.22.18.00,1994
LV,2050.10.22.19.00,1849
LV,2050.10.22.20.00,1689
LV,2050.10.22.21.00,1560
LV,2050.10.22.22.00,1494
LV,2050.10.22.23.00,1454
ME,2050.01.04.00.00,660
ME,2050.01.04.01.00,580
ME,2050.01.04.02.00,545
ME,2050.01.04.03.00,543
ME,2050.01.04.04.00,538
ME,2050.01.04.05.00,614
ME,2050.01.04.06.00,723
ME,2050.01.04.07.00,848
ME,2050.01.04.08.00,885
ME,2050.01.04.09.00,892
ME,2050.01.04.10.00,839
ME,2050.01.04.11.00,829
ME,2050.01.04.12.00,838
ME,2050.01.04.13.00,825
ME,2050.01.04.14.00,892
ME,2050.01.04.15.00,904
ME,2050.01.04.16.00,947
ME,2050.01.04.17.00,970
ME,2050.01.04.18.00,969
ME,2050.01.04.19.00,958
ME,2050.01.04.20.00,942
ME,2050.01.04.21.00,903
ME,2050.01.04.22.00,865
ME,2050.01.04.23.00,787
ME,2050.04.29.00.00,468
ME,2050.04.29.01.00,419
ME,2050.04.29.02.00,423
ME,2050.04.29.03.00,445
ME,2050.04.29.04.00,504
ME,2050.04.29.05.00,589
ME,2050.04.29.06.00,713
ME,2050.04.29.07.00,777
ME,2050.04.29.08.00,783
ME,2050.04.29.09.00,782
ME,2050.04.29.10.00,780
ME,2050.04.29.11.00,755
ME,2050.04.29.12.00,773
ME,2050.04.29.13.00,758
ME,2050.04.29.14.00,775
ME,2050.04.29.15.00,766
ME,2050.04.29.16.00,766
ME,2050.04.29.17.00,777
ME,2050.04.29.18.00,848
ME,2050.04.29.19.00,830
ME,2050.04.29.20.00,785
ME,2050.04.29.21.00,750
ME,2050.04.29.22.00,654
ME,2050.04.29.23.00,558
ME,2050.07.23.00.00,793
ME,2050.07.23.01.00,735
ME,2050.07.23.02.00,705
ME,2050.07.23.03.00,690
ME,2050.07.23.04.00,699
ME,2050.07.23.05.00,813
ME,2050.07.23.06.00,967
ME,2050.07.23.07.00,1082
ME,2050.07.23.08.00,1167
ME,2050.07.23.09.00,1227
ME,2050.07.23.10.00,1289
ME,2050.07.23.11.00,1312
ME,2050.07.23.12.00,1318
ME,2050.07.23.13.00,1281
ME,2050.07.23.14.00,1267
ME,2050.07.23.15.00,1276
ME,2050.07.23.16.00,1269
ME,2050.07.23.17.00,1295
ME,2050.07.23.18.00,1330
ME,2050.07.23.19.00,1341
ME,2050.07.23.20.00,1289
ME,2050.07.23.21.00,1167
ME,2050.07.23.22.00,1016
ME,2050.07.23.23.00,879
ME,2050.10.22.00.00,527
ME,2050.10.22.01.00,498
ME,2050.10.22.02.00,497
ME,2050.10.22.03.00,515
ME,2050.10.22.04.00,542
ME,2050.10.22.05.00,534
ME,2050.10.22.06.00,697
ME,2050.10.22.07.00,835
ME,2050.10.22.08.00,860
ME,2050.10.22.09.00,862
ME,2050.10.22.10.00,853
ME,2050.10.22.11.00,848
ME,2050.10.22.12.00,819
ME,2050.10.22.13.00,811
ME,2050.10.22.14.00,764
ME,2050.10.22.15.00,824
ME,2050.10.22.16.00,914
ME,2050.10.22.17.00,945
ME,2050.10.22.18.00,945
ME,2050.10.22.19.00,900
ME,2050.10.22.20.00,844
ME,2050.10.22.21.00,760
ME,2050.10.22.22.00,659
ME,2050.10.22.23.00,586
NL,2050.01.04.00.00,23449
NL,2050.01.04.01.00,22968
NL,2050.01.04.02.00,22833
NL,2050.01.04.03.00,22856
NL,2050.01.04.04.00,23561
NL,2050.01.04.05.00,25787
NL,2050.01.04.06.00,28467
NL,2050.01.04.07.00,30414
NL,2050.01.04.08.00,31852
NL,2050.01.04.09.00,32498
NL,2050.01.04.10.00,32233
NL,2050.01.04.11.00,32093
NL,2050.01.04.12.00,31777
NL,2050.01.04.13.00,31636
NL,2050.01.04.14.00,31968
NL,2050.01.04.15.00,32809
NL,2050.01.04.16.00,34696
NL,2050.01.04.17.00,33434
NL,2050.01.04.18.00,32018
NL,2050.01.04.19.00,30600
NL,2050.01.04.20.00,28920
NL,2050.01.04.21.00,27338
NL,2050.01.04.22.00,25831
NL,2050.01.04.23.00,24591
NL,2050.04.29.00.00,25938
NL,2050.04.29.01.00,25536
NL,2050.04.29.02.00,25357
NL,2050.04.29.03.00,25626
NL,2050.04.29.04.00,26371
NL,2050.04.29.05.00,27258
NL,2050.04.29.06.00,28192
NL,2050.04.29.07.00,28925
NL,2050.04.29.08.00,29287
NL,2050.04.29.09.00,29140
NL,2050.04.29.10.00,28872
NL,2050.04.29.11.00,28515
NL,2050.04.29.12.00,27977
NL,2050.04.29.13.00,27768
NL,2050.04.29.14.00,27810
NL,2050.04.29.15.00,28946
NL,2050.04.29.16.00,29464
NL,2050.04.29.17.00,29764
NL,2050.04.29.18.00,30352
NL,2050.04.29.19.00,30940
NL,2050.04.29.20.00,29873
NL,2050.04.29.21.00,28375
NL,2050.04.29.22.00,26948
NL,2050.04.29.23.00,25804
NL,2050.07.23.00.00,25371
NL,2050.07.23.01.00,25004
NL,2050.07.23.02.00,24890
NL,2050.07.23.03.00,24870
NL,2050.07.23.04.00,24520
NL,2050.07.23.05.00,24780
NL,2050.07.23.06.00,25763
NL,2050.07.23.07.00,27043
NL,2050.07.23.08.00,28234
NL,2050.07.23.09.00,28487
NL,2050.07.23.10.00,28715
NL,2050.07.23.11.00,28376
NL,2050.07.23.12.00,27810
NL,2050.07.23.13.00,27670
NL,2050.07.23.14.00,27649
NL,2050.07.23.15.00,28967
NL,2050.07.23.16.00,29266
NL,2050.07.23.17.00,29056
NL,2050.07.23.18.00,29628
NL,2050.07.23.19.00,30110
NL,2050.07.23.20.00,29992
NL,2050.07.23.21.00,28708
NL,2050.07.23.22.00,27404
NL,2050.07.23.23.00,26330
NL,2050.10.22.00.00,29152
NL,2050.10.22.01.00,29161
NL,2050.10.22.02.00,28999
NL,2050.10.22.03.00,28485
NL,2050.10.22.04.00,28844
NL,2050.10.22.05.00,28924
NL,2050.10.22.06.00,28789
NL,2050.10.22.07.00,29852
NL,2050.10.22.08.00,31058
NL,2050.10.22.09.00,32536
NL,2050.10.22.10.00,33267
NL,2050.10.22.11.00,32967
NL,2050.10.22.12.00,32512
NL,2050.10.22.13.00,31522
NL,2050.10.22.14.00,30860
NL,2050.10.22.15.00,32719
NL,2050.10.22.16.00,34318
NL,2050.10.22.17.00,34152
NL,2050.10.22.18.00,33083
NL,2050.10.22.19.00,31796
NL,2050.10.22.20.00,29924
NL,2050.10.22.21.00,28193
NL,2050.10.22.22.00,26290
NL,2050.10.22.23.00,24866
NO,2050.01.04.00.00,40595
NO,2050.01.04.01.00,40049
NO,2050.01.04.02.00,40004
NO,2050.01.04.03.00,40292
NO,2050.01.04.04.00,40903
NO,2050.01.04.05.00,43252
NO,2050.01.04.06.00,45985
NO,2050.01.04.07.00,46897
NO,2050.01.04.08.00,47453
NO,2050.01.04.09.00,46967
NO,2050.01.04.10.00,47124
NO,2050.01.04.11.00,47120
NO,2050.01.04.12.00,47324
NO,2050.01.04.13.00,47107
NO,2050.01.04.14.00,47351
NO,2050.01.04.15.00,47472
NO,2050.01.04.16.00,46946
NO,2050.01.04.17.00,46416
NO,2050.01.04.18.00,45862
NO,2050.01.04.19.00,45239
NO,2050.01.04.20.00,44394
NO,2050.01.04.21.00,43570
NO,2050.01.04.22.00,42454
NO,2050.01.04.23.00,41379
NO,2050.04.29.00.00,35515
NO,2050.04.29.01.00,35325
NO,2050.04.29.02.00,34452
NO,2050.04.29.03.00,33953
NO,2050.04.29.04.00,34411
NO,2050.04.29.05.00,35767
NO,2050.04.29.06.00,37476
NO,2050.04.29.07.00,38002
NO,2050.04.29.08.00,37784
NO,2050.04.29.09.00,37233
NO,2050.04.29.10.00,36870
NO,2050.04.29.11.00,36313
NO,2050.04.29.12.00,36177
NO,2050.04.29.13.00,36232
NO,2050.04.29.14.00,35709
NO,2050.04.29.15.00,36122
NO,2050.04.29.16.00,36574
NO,2050.04.29.17.00,37038
NO,2050.04.29.18.00,37400
NO,2050.04.29.19.00,37734
NO,2050.04.29.20.00,37184
NO,2050.04.29.21.00,36390
NO,2050.04.29.22.00,36064
NO,2050.04.29.23.00,35665
NO,2050.07.23.00.00,27322
NO,2050.07.23.01.00,26654
NO,2050.07.23.02.00,26719
NO,2050.07.23.03.00,26213
NO,2050.07.23.04.00,26426
NO,2050.07.23.05.00,26906
NO,2050.07.23.06.00,27380
NO,2050.07.23.07.00,28052
NO,2050.07.23.08.00,28478
NO,2050.07.23.09.00,28484
NO,2050.07.23.10.00,28533
NO,2050.07.23.11.00,28425
NO,2050.07.23.12.00,28693
NO,2050.07.23.13.00,28710
NO,2050.07.23.14.00,29002
NO,2050.07.23.15.00,29513
NO,2050.07.23.16.00,29858
NO,2050.07.23.17.00,30163
NO,2050.07.23.18.00,30264
NO,2050.07.23.19.00,29903
NO,2050.07.23.20.00,29877
NO,2050.07.23.21.00,29328
NO,2050.07.23.22.00,28631
NO,2050.07.23.23.00,27778
NO,2050.10.22.00.00,40185
NO,2050.10.22.01.00,40038
NO,2050.10.22.02.00,39802
NO,2050.10.22.03.00,39797
NO,2050.10.22.04.00,40305
NO,2050.10.22.05.00,41068
NO,2050.10.22.06.00,41505
NO,2050.10.22.07.00,42773
NO,2050.10.22.08.00,43377
NO,2050.10.22.09.00,43350
NO,2050.10.22.10.00,43006
NO,2050.10.22.11.00,43256
NO,2050.10.22.12.00,43047
NO,2050.10.22.13.00,43744
NO,2050.10.22.14.00,43891
NO,2050.10.22.15.00,44573
NO,2050.10.22.16.00,45549
NO,2050.10.22.17.00,45126
NO,2050.10.22.18.00,44692
NO,2050.10.22.19.00,44059
NO,2050.10.22.20.00,42872
NO,2050.10.22.21.00,41416
NO,2050.10.22.22.00,39854
NO,2050.10.22.23.00,38558
PL,2050.01.04.00.00,36475
PL,2050.01.04.01.00,35719
PL,2050.01.04.02.00,35756
PL,2050.01.04.03.00,36823
PL,2050.01.04.04.00,38808
PL,2050.01.04.05.00,44690
PL,2050.01.04.06.00,49063
PL,2050.01.04.07.00,50566
PL,2050.01.04.08.00,50873
PL,2050.01.04.09.00,49977
PL,2050.01.04.10.00,50037
PL,2050.01.04.11.00,50700
PL,2050.01.04.12.00,51386
PL,2050.01.04.13.00,50930
PL,2050.01.04.14.00,50820
PL,2050.01.04.15.00,52281
PL,2050.01.04.16.00,51756
PL,2050.01.04.17.00,50997
PL,2050.01.04.18.00,50448
PL,2050.01.04.19.00,49286
PL,2050.01.04.20.00,46042
PL,2050.01.04.21.00,42490
PL,2050.01.04.22.00,39469
PL,2050.01.04.23.00,37077
PL,2050.04.29.00.00,38540
PL,2050.04.29.01.00,38411
PL,2050.04.29.02.00,38200
PL,2050.04.29.03.00,37399
PL,2050.04.29.04.00,39455
PL,2050.04.29.05.00,42248
PL,2050.04.29.06.00,44835
PL,2050.04.29.07.00,45878
PL,2050.04.29.08.00,45113
PL,2050.04.29.09.00,45470
PL,2050.04.29.10.00,44826
PL,2050.04.29.11.00,44274
PL,2050.04.29.12.00,44262
PL,2050.04.29.13.00,45117
PL,2050.04.29.14.00,45521
PL,2050.04.29.15.00,44695
PL,2050.04.29.16.00,44530
PL,2050.04.29.17.00,45296
PL,2050.04.29.18.00,45678
PL,2050.04.29.19.00,44215
PL,2050.04.29.20.00,41471
PL,2050.04.29.21.00,38262
PL,2050.04.29.22.00,35860
PL,2050.04.29.23.00,34169
PL,2050.07.23.00.00,31920
PL,2050.07.23.01.00,31671
PL,2050.07.23.02.00,30638
PL,2050.07.23.03.00,29914
PL,2050.07.23.04.00,31005
PL,2050.07.23.05.00,32873
PL,2050.07.23.06.00,35312
PL,2050.07.23.07.00,37923
PL,2050.07.23.08.00,38402
PL,2050.07.23.09.00,38463
PL,2050.07.23.10.00,38807
PL,2050.07.23.11.00,39051
PL,2050.07.23.12.00,38757
PL,2050.07.23.13.00,38704
PL,2050.07.23.14.00,38615
PL,2050.07.23.15.00,39341
PL,2050.07.23.16.00,40816
PL,2050.07.23.17.00,41280
PL,2050.07.23.18.00,41905
PL,2050.07.23.19.00,42453
PL,2050.07.23.20.00,40338
PL,2050.07.23.21.00,37626
PL,2050.07.23.22.00,35189
PL,2050.07.23.23.00,33682
PL,2050.10.22.00.00,37357
PL,2050.10.22.01.00,37013
PL,2050.10.22.02.00,37342
PL,2050.10.22.03.00,37901
PL,2050.10.22.04.00,39212
PL,2050.10.22.05.00,39746
PL,2050.10.22.06.00,42437
PL,2050.10.22.07.00,45619
PL,2050.10.22.08.00,47622
PL,2050.10.22.09.00,48350
PL,2050.10.22.10.00,48887
PL,2050.10.22.11.00,49313
PL,2050.10.22.12.00,48550
PL,2050.10.22.13.00,47142
PL,2050.10.22.14.00,46382
PL,2050.10.22.15.00,47824
PL,2050.10.22.16.00,50127
PL,2050.10.22.17.00,50462
PL,2050.10.22.18.00,49569
PL,2050.10.22.19.00,46962
PL,2050.10.22.20.00,44541
PL,2050.10.22.21.00,41662
PL,2050.10.22.22.00,39659
PL,2050.10.22.23.00,38819
PT,2050.01.04.00.00,12505
PT,2050.01.04.01.00,11593
PT,2050.01.04.02.00,11071
PT,2050.01.04.03.00,10840
PT,2050.01.04.04.00,10761
PT,2050.01.04.05.00,10992
PT,2050.01.04.06.00,11936
PT,2050.01.04.07.00,13716
PT,2050.01.04.08.00,15525
PT,2050.01.04.09.00,16463
PT,2050.01.04.10.00,16281
PT,2050.01.04.11.00,16185
PT,2050.01.04.12.00,15624
PT,2050.01.04.13.00,15172
PT,2050.01.04.14.00,15403
PT,2050.01.04.15.00,15383
PT,2050.01.04.16.00,15669
PT,2050.01.04.17.00,16521
PT,2050.01.04.18.00,17682
PT,2050.01.04.19.00,18339
PT,2050.01.04.20.00,18046
PT,2050.01.04.21.00,17055
PT,2050.01.04.22.00,15780
PT,2050.01.04.23.00,14217
PT,2050.04.29.00.00,11990
PT,2050.04.29.01.00,11401
PT,2050.04.29.02.00,11106
PT,2050.04.29.03.00,10989
PT,2050.04.29.04.00,11000
PT,2050.04.29.05.00,10948
PT,2050.04.29.06.00,11401
PT,2050.04.29.07.00,12281
PT,2050.04.29.08.00,12907
PT,2050.04.29.09.00,13297
PT,2050.04.29.10.00,13572
PT,2050.04.29.11.00,13913
PT,2050.04.29.12.00,13431
PT,2050.04.29.13.00,12848
PT,2050.04.29.14.00,12552
PT,2050.04.29.15.00,12354
PT,2050.04.29.16.00,12495
PT,2050.04.29.17.00,12781
PT,2050.04.29.18.00,13505
PT,2050.04.29.19.00,14339
PT,2050.04.29.20.00,14043
PT,2050.04.29.21.00,13127
PT,2050.04.29.22.00,12253
PT,2050.04.29.23.00,11522
PT,2050.07.23.00.00,11337
PT,2050.07.23.01.00,10882
PT,2050.07.23.02.00,10605
PT,2050.07.23.03.00,10446
PT,2050.07.23.04.00,10407
PT,2050.07.23.05.00,10013
PT,2050.07.23.06.00,10321
PT,2050.07.23.07.00,10967
PT,2050.07.23.08.00,11537
PT,2050.07.23.09.00,11967
PT,2050.07.23.10.00,12376
PT,2050.07.23.11.00,12511
PT,2050.07.23.12.00,11941
PT,2050.07.23.13.00,11549
PT,2050.07.23.14.00,11408
PT,2050.07.23.15.00,11513
PT,2050.07.23.16.00,11929
PT,2050.07.23.17.00,12667
PT,2050.07.23.18.00,13544
PT,2050.07.23.19.00,14105
PT,2050.07.23.20.00,14489
PT,2050.07.23.21.00,13944
PT,2050.07.23.22.00,12968
PT,2050.07.23.23.00,12245
PT,2050.10.22.00.00,11205
PT,2050.10.22.01.00,10800
PT,2050.10.22.02.00,10498
PT,2050.10.22.03.00,10199
PT,2050.10.22.04.00,9976
PT,2050.10.22.05.00,10257
PT,2050.10.22.06.00,10482
PT,2050.10.22.07.00,11040
PT,2050.10.22.08.00,12104
PT,2050.10.22.09.00,13206
PT,2050.10.22.10.00,14132
PT,2050.10.22.11.00,14657
PT,2050.10.22.12.00,14186
PT,2050.10.22.13.00,13423
PT,2050.10.22.14.00,12957
PT,2050.10.22.15.00,12684
PT,2050.10.22.16.00,12981
PT,2050.10.22.17.00,13999
PT,2050.10.22.18.00,15535
PT,2050.10.22.19.00,15460
PT,2050.10.22.20.00,14619
PT,2050.10.22.21.00,13509
PT,2050.10.22.22.00,12266
PT,2050.10.22.23.00,11534
RO,2050.01.04.00.00,11317
RO,2050.01.04.01.00,11138
RO,2050.01.04.02.00,11308
RO,2050.01.04.03.00,11641
RO,2050.01.04.04.00,12477
RO,2050.01.04.05.00,13760
RO,2050.01.04.06.00,14856
RO,2050.01.04.07.00,15498
RO,2050.01.04.08.00,15771
RO,2050.01.04.09.00,15809
RO,2050.01.04.10.00,15757
RO,2050.01.04.11.00,15819
RO,2050.01.04.12.00,15521
RO,2050.01.04.13.00,15362
RO,2050.01.04.14.00,15544
RO,2050.01.04.15.00,16364
RO,2050.01.04.16.00,16508
RO,2050.01.04.17.00,16165
RO,2050.01.04.18.00,15837
RO,2050.01.04.19.00,15058
RO,2050.01.04.20.00,13894
RO,2050.01.04.21.00,12921
RO,2050.01.04.22.00,12303
RO,2050.01.04.23.00,11833
RO,2050.04.29.00.00,12884
RO,2050.04.29.01.00,12891
RO,2050.04.29.02.00,13091
RO,2050.04.29.03.00,12992
RO,2050.04.29.04.00,13783
RO,2050.04.29.05.00,14399
RO,2050.04.29.06.00,14410
RO,2050.04.29.07.00,14132
RO,2050.04.29.08.00,13725
RO,2050.04.29.09.00,13434
RO,2050.04.29.10.00,13227
RO,2050.04.29.11.00,12885
RO,2050.04.29.12.00,12768
RO,2050.04.29.13.00,13034
RO,2050.04.29.14.00,13547
RO,2050.04.29.15.00,14119
RO,2050.04.29.16.00,14832
RO,2050.04.29.17.00,15874
RO,2050.04.29.18.00,16398
RO,2050.04.29.19.00,15297
RO,2050.04.29.20.00,14038
RO,2050.04.29.21.00,13025
RO,2050.04.29.22.00,12412
RO,2050.04.29.23.00,12046
RO,2050.07.23.00.00,12698
RO,2050.07.23.01.00,12569
RO,2050.07.23.02.00,12331
RO,2050.07.23.03.00,12001
RO,2050.07.23.04.00,12301
RO,2050.07.23.05.00,12698
RO,2050.07.23.06.00,12872
RO,2050.07.23.07.00,12990
RO,2050.07.23.08.00,13146
RO,2050.07.23.09.00,13016
RO,2050.07.23.10.00,12878
RO,2050.07.23.11.00,12783
RO,2050.07.23.12.00,12821
RO,2050.07.23.13.00,13196
RO,2050.07.23.14.00,13712
RO,2050.07.23.15.00,14350
RO,2050.07.23.16.00,14808
RO,2050.07.23.17.00,15113
RO,2050.07.23.18.00,15689
RO,2050.07.23.19.00,15242
RO,2050.07.23.20.00,14079
RO,2050.07.23.21.00,13235
RO,2050.07.23.22.00,12669
RO,2050.07.23.23.00,12299
RO,2050.10.22.00.00,12375
RO,2050.10.22.01.00,12399
RO,2050.10.22.02.00,12455
RO,2050.10.22.03.00,12803
RO,2050.10.22.04.00,13109
RO,2050.10.22.05.00,13496
RO,2050.10.22.06.00,13623
RO,2050.10.22.07.00,13351
RO,2050.10.22.08.00,12982
RO,2050.10.22.09.00,12809
RO,2050.10.22.10.00,12584
RO,2050.10.22.11.00,12498
RO,2050.10.22.12.00,12597
RO,2050.10.22.13.00,13209
RO,2050.10.22.14.00,14155
RO,2050.10.22.15.00,15231
RO,2050.10.22.16.00,16507
RO,2050.10.22.17.00,16480
RO,2050.10.22.18.00,15803
RO,2050.10.22.19.00,14683
RO,2050.10.22.20.00,13695
RO,2050.10.22.21.00,13026
RO,2050.10.22.22.00,12635
RO,2050.10.22.23.00,12371
SE,2050.01.04.00.00,37947
SE,2050.01.04.01.00,37503
SE,2050.01.04.02.00,37492
SE,2050.01.04.03.00,37468
SE,2050.01.04.04.00,38891
SE,2050.01.04.05.00,42193
SE,2050.01.04.06.00,45134
SE,2050.01.04.07.00,46040
SE,2050.01.04.08.00,46580
SE,2050.01.04.09.00,47556
SE,2050.01.04.10.00,47776
SE,2050.01.04.11.00,47844
SE,2050.01.04.12.00,47505
SE,2050.01.04.13.00,47687
SE,2050.01.04.14.00,48136
SE,2050.01.04.15.00,48191
SE,2050.01.04.16.00,48113
SE,2050.01.04.17.00,46863
SE,2050.01.04.18.00,46157
SE,2050.01.04.19.00,44745
SE,2050.01.04.20.00,42937
SE,2050.01.04.21.00,41176
SE,2050.01.04.22.00,39926
SE,2050.01.04.23.00,39072
SE,2050.04.29.00.00,33082
SE,2050.04.29.01.00,33305
SE,2050.04.29.02.00,33308
SE,2050.04.29.03.00,33199
SE,2050.04.29.04.00,33107
SE,2050.04.29.05.00,33600
SE,2050.04.29.06.00,34515
SE,2050.04.29.07.00,35004
SE,2050.04.29.08.00,33731
SE,2050.04.29.09.00,33701
SE,2050.04.29.10.00,33239
SE,2050.04.29.11.00,34005
SE,2050.04.29.12.00,32778
SE,2050.04.29.13.00,32019
SE,2050.04.29.14.00,32626
SE,2050.04.29.15.00,33876
SE,2050.04.29.16.00,34561
SE,2050.04.29.17.00,34598
SE,2050.04.29.18.00,35631
SE,2050.04.29.19.00,36306
SE,2050.04.29.20.00,34462
SE,2050.04.29.21.00,33336
SE,2050.04.29.22.00,33044
SE,2050.04.29.23.00,32821
SE,2050.07.23.00.00,23649
SE,2050.07.23.01.00,23599
SE,2050.07.23.02.00,22913
SE,2050.07.23.03.00,22799
SE,2050.07.23.04.00,23031
SE,2050.07.23.05.00,23771
SE,2050.07.23.06.00,24971
SE,2050.07.23.07.00,26087
SE,2050.07.23.08.00,26670
SE,2050.07.23.09.00,26949
SE,2050.07.23.10.00,26941
SE,2050.07.23.11.00,26441
SE,2050.07.23.12.00,26634
SE,2050.07.23.13.00,26632
SE,2050.07.23.14.00,27139
SE,2050.07.23.15.00,28139
SE,2050.07.23.16.00,28182
SE,2050.07.23.17.00,28582
SE,2050.07.23.18.00,28139
SE,2050.07.23.19.00,27697
SE,2050.07.23.20.00,27142
SE,2050.07.23.21.00,25926
SE,2050.07.23.22.00,25191
SE,2050.07.23.23.00,24464
SE,2050.10.22.00.00,35490
SE,2050.10.22.01.00,34462
SE,2050.10.22.02.00,34118
SE,2050.10.22.03.00,34112
SE,2050.10.22.04.00,35015
SE,2050.10.22.05.00,36541
SE,2050.10.22.06.00,37596
SE,2050.10.22.07.00,39024
SE,2050.10.22.08.00,40153
SE,2050.10.22.09.00,41148
SE,2050.10.22.10.00,40563
SE,2050.10.22.11.00,40031
SE,2050.10.22.12.00,40113
SE,2050.10.22.13.00,40280
SE,2050.10.22.14.00,41256
SE,2050.10.22.15.00,43170
SE,2050.10.22.16.00,43959
SE,2050.10.22.17.00,43372
SE,2050.10.22.18.00,41919
SE,2050.10.22.19.00,40592
SE,2050.10.22.20.00,39223
SE,2050.10.22.21.00,37728
SE,2050.10.22.22.00,36026
SE,2050.10.22.23.00,35681
SI,2050.01.04.00.00,2514
SI,2050.01.04.01.00,2452
SI,2050.01.04.02.00,2448
SI,2050.01.04.03.00,2544
SI,2050.01.04.04.00,2802
SI,2050.01.04.05.00,3362
SI,2050.01.04.06.00,3744
SI,2050.01.04.07.00,3857
SI,2050.01.04.08.00,3922
SI,2050.01.04.09.00,3846
SI,2050.01.04.10.00,3794
SI,2050.01.04.11.00,3783
SI,2050.01.04.12.00,3714
SI,2050.01.04.13.00,3525
SI,2050.01.04.14.00,3512
SI,2050.01.04.15.00,3648
SI,2050.01.04.16.00,3777
SI,2050.01.04.17.00,3801
SI,2050.01.04.18.00,3787
SI,2050.01.04.19.00,3660
SI,2050.01.04.20.00,3412
SI,2050.01.04.21.00,3176
SI,2050.01.04.22.00,2936
SI,2050.01.04.23.00,2677
SI,2050.04.29.00.00,2246
SI,2050.04.29.01.00,2241
SI,2050.04.29.02.00,2254
SI,2050.04.29.03.00,2333
SI,2050.04.29.04.00,2520
SI,2050.04.29.05.00,2680
SI,2050.04.29.06.00,2739
SI,2050.04.29.07.00,2668
SI,2050.04.29.08.00,2526
SI,2050.04.29.09.00,2239
SI,2050.04.29.10.00,2110
SI,2050.04.29.11.00,1935
SI,2050.04.29.12.00,1860
SI,2050.04.29.13.00,1944
SI,2050.04.29.14.00,2152
SI,2050.04.29.15.00,2429
SI,2050.04.29.16.00,2666
SI,2050.04.29.17.00,2852
SI,2050.04.29.18.00,2959
SI,2050.04.29.19.00,2801
SI,2050.04.29.20.00,2601
SI,2050.04.29.21.00,2387
SI,2050.04.29.22.00,2200
SI,2050.04.29.23.00,2124
SI,2050.07.23.00.00,2355
SI,2050.07.23.01.00,2329
SI,2050.07.23.02.00,2329
SI,2050.07.23.03.00,2322
SI,2050.07.23.04.00,2329
SI,2050.07.23.05.00,2418
SI,2050.07.23.06.00,2459
SI,2050.07.23.07.00,2414
SI,2050.07.23.08.00,2340
SI,2050.07.23.09.00,2296
SI,2050.07.23.10.00,2295
SI,2050.07.23.11.00,2091
SI,2050.07.23.12.00,2026
SI,2050.07.23.13.00,2029
SI,2050.07.23.14.00,2244
SI,2050.07.23.15.00,2533
SI,2050.07.23.16.00,2818
SI,2050.07.23.17.00,2991
SI,2050.07.23.18.00,3060
SI,2050.07.23.19.00,3112
SI,2050.07.23.20.00,2951
SI,2050.07.23.21.00,2777
SI,2050.07.23.22.00,2578
SI,2050.07.23.23.00,2499
SI,2050.10.22.00.00,2560
SI,2050.10.22.01.00,2536
SI,2050.10.22.02.00,2540
SI,2050.10.22.03.00,2544
SI,2050.10.22.04.00,2697
SI,2050.10.22.05.00,3012
SI,2050.10.22.06.00,3009
SI,2050.10.22.07.00,3029
SI,2050.10.22.08.00,2904
SI,2050.10.22.09.00,2934
SI,2050.10.22.10.00,2984
SI,2050.10.22.11.00,2885
SI,2050.10.22.12.00,2702
SI,2050.10.22.13.00,2678
SI,2050.10.22.14.00,2807
SI,2050.10.22.15.00,3226
SI,2050.10.22.16.00,3702
SI,2050.10.22.17.00,3893
SI,2050.10.22.18.00,3713
SI,2050.10.22.19.00,3423
SI,2050.10.22.20.00,3206
SI,2050.10.22.21.00,3061
SI,2050.10.22.22.00,2878
SI,2050.10.22.23.00,2707
GB,2050.01.04.00.00,56631
GB,2050.01.04.01.00,55710
GB,2050.01.04.02.00,55461
GB,2050.01.04.03.00,53704
GB,2050.01.04.04.00,54793
GB,2050.01.04.05.00,56811
GB,2050.01.04.06.00,58845
GB,2050.01.04.07.00,64717
GB,2050.01.04.08.00,69250
GB,2050.01.04.09.00,71607
GB,2050.01.04.10.00,71678
GB,2050.01.04.11.00,71431
GB,2050.01.04.12.00,71822
GB,2050.01.04.13.00,70899
GB,2050.01.04.14.00,72231
GB,2050.01.04.15.00,75710
GB,2050.01.04.16.00,82026
GB,2050.01.04.17.00,83711
GB,2050.01.04.18.00,81121
GB,2050.01.04.19.00,77132
GB,2050.01.04.20.00,71903
GB,2050.01.04.21.00,65330
GB,2050.01.04.22.00,59758
GB,2050.01.04.23.00,56487
GB,2050.04.29.00.00,59282
GB,2050.04.29.01.00,58235
GB,2050.04.29.02.00,56239
GB,2050.04.29.03.00,54892
GB,2050.04.29.04.00,54537
GB,2050.04.29.05.00,57086
GB,2050.04.29.06.00,61619
GB,2050.04.29.07.00,65238
GB,2050.04.29.08.00,65053
GB,2050.04.29.09.00,63612
GB,2050.04.29.10.00,60647
GB,2050.04.29.11.00,60016
GB,2050.04.29.12.00,57132
GB,2050.04.29.13.00,57249
GB,2050.04.29.14.00,58397
GB,2050.04.29.15.00,63718
GB,2050.04.29.16.00,69258
GB,2050.04.29.17.00,71742
GB,2050.04.29.18.00,71858
GB,2050.04.29.19.00,71904
GB,2050.04.29.20.00,69492
GB,2050.04.29.21.00,63674
GB,2050.04.29.22.00,57794
GB,2050.04.29.23.00,54479
GB,2050.07.23.00.00,48476
GB,2050.07.23.01.00,47346
GB,2050.07.23.02.00,46228
GB,2050.07.23.03.00,47281
GB,2050.07.23.04.00,48764
GB,2050.07.23.05.00,50416
GB,2050.07.23.06.00,50902
GB,2050.07.23.07.00,52845
GB,2050.07.23.08.00,54575
GB,2050.07.23.09.00,55131
GB,2050.07.23.10.00,53804
GB,2050.07.23.11.00,54628
GB,2050.07.23.12.00,53168
GB,2050.07.23.13.00,53370
GB,2050.07.23.14.00,52686
GB,2050.07.23.15.00,58970
GB,2050.07.23.16.00,62592
GB,2050.07.23.17.00,63780
GB,2050.07.23.18.00,65081
GB,2050.07.23.19.00,62889
GB,2050.07.23.20.00,61314
GB,2050.07.23.21.00,57494
GB,2050.07.23.22.00,52343
GB,2050.07.23.23.00,49013
GB,2050.10.22.00.00,60394
GB,2050.10.22.01.00,58382
GB,2050.10.22.02.00,56286
GB,2050.10.22.03.00,54858
GB,2050.10.22.04.00,54809
GB,2050.10.22.05.00,57192
GB,2050.10.22.06.00,60720
GB,2050.10.22.07.00,65344
GB,2050.10.22.08.00,67656
GB,2050.10.22.09.00,65815
GB,2050.10.22.10.00,65168
GB,2050.10.22.11.00,65275
GB,2050.10.22.12.00,65075
GB,2050.10.22.13.00,66277
GB,2050.10.22.14.00,71187
GB,2050.10.22.15.00,80391
GB,2050.10.22.16.00,86588
GB,2050.10.22.17.00,88842
GB,2050.10.22.18.00,84186
GB,2050.10.22.19.00,79403
GB,2050.10.22.20.00,72210
GB,2050.10.22.21.00,65555
GB,2050.10.22.22.00,58654
GB,2050.10.22.23.00,56574
