load_zone,TIMEPOINT,zone_demand_mw
Anhui,2030.01.28.00.00,46432
Anhui,2030.01.28.01.00,44761
Anhui,2030.01.28.02.00,43025
Anhui,2030.01.28.03.00,41723
Anhui,2030.01.28.04.00,40517
Anhui,2030.01.28.05.00,39825
Anhui,2030.01.28.06.00,40398
Anhui,2030.01.28.07.00,40458
Anhui,2030.01.28.08.00,42247
Anhui,2030.01.28.09.00,44848
Anhui,2030.01.28.10.00,47599
Anhui,2030.01.28.11.00,50589
Anhui,2030.01.28.12.00,50257
Anhui,2030.01.28.13.00,52347
Anhui,2030.01.28.14.00,52481
Anhui,2030.01.28.15.00,51970
Anhui,2030.01.28.16.00,51392
Anhui,2030.01.28.17.00,50751
Anhui,2030.01.28.18.00,48046
Anhui,2030.01.28.19.00,48599
Anhui,2030.01.28.20.00,53613
Anhui,2030.01.28.21.00,54441
Anhui,2030.01.28.22.00,52209
Anhui,2030.01.28.23.00,50028
Anhui,2030.04.15.00.00,34151
Anhui,2030.04.15.01.00,32922
Anhui,2030.04.15.02.00,31644
Anhui,2030.04.15.03.00,30687
Anhui,2030.04.15.04.00,29800
Anhui,2030.04.15.05.00,29291
Anhui,2030.04.15.06.00,29713
Anhui,2030.04.15.07.00,29757
Anhui,2030.04.15.08.00,31072
Anhui,2030.04.15.09.00,32986
Anhui,2030.04.15.10.00,35009
Anhui,2030.04.15.11.00,37208
Anhui,2030.04.15.12.00,36964
Anhui,2030.04.15.13.00,38501
Anhui,2030.04.15.14.00,38600
Anhui,2030.04.15.15.00,38223
Anhui,2030.04.15.16.00,37798
Anhui,2030.04.15.17.00,37328
Anhui,2030.04.15.18.00,35338
Anhui,2030.04.15.19.00,35744
Anhui,2030.04.15.20.00,39432
Anhui,2030.04.15.21.00,40041
Anhui,2030.04.15.22.00,38399
Anhui,2030.04.15.23.00,36795
Anhui,2030.07.01.00.00,44980
Anhui,2030.07.01.01.00,43360
Anhui,2030.07.01.02.00,41679
Anhui,2030.07.01.03.00,40418
Anhui,2030.07.01.04.00,39250
Anhui,2030.07.01.05.00,38579
Anhui,2030.07.01.06.00,39134
Anhui,2030.07.01.07.00,39194
Anhui,2030.07.01.08.00,40925
Anhui,2030.07.01.09.00,43445
Anhui,2030.07.01.10.00,46111
Anhui,2030.07.01.11.00,49006
Anhui,2030.07.01.12.00,48686
Anhui,2030.07.01.13.00,50709
Anhui,2030.07.01.14.00,50840
Anhui,2030.07.01.15.00,50344
Anhui,2030.07.01.16.00,49784
Anhui,2030.07.01.17.00,49164
Anhui,2030.07.01.18.00,46544
Anhui,2030.07.01.19.00,47079
Anhui,2030.07.01.20.00,51936
Anhui,2030.07.01.21.00,52738
Anhui,2030.07.01.22.00,50576
Anhui,2030.07.01.23.00,48463
Anhui,2030.10.31.00.00,35457
Anhui,2030.10.31.01.00,34180
Anhui,2030.10.31.02.00,32855
Anhui,2030.10.31.03.00,31861
Anhui,2030.10.31.04.00,30941
Anhui,2030.10.31.05.00,30411
Anhui,2030.10.31.06.00,30849
Anhui,2030.10.31.07.00,30896
Anhui,2030.10.31.08.00,32262
Anhui,2030.10.31.09.00,34248
Anhui,2030.10.31.10.00,36349
Anhui,2030.10.31.11.00,38630
Anhui,2030.10.31.12.00,38378
Anhui,2030.10.31.13.00,39974
Anhui,2030.10.31.14.00,40076
Anhui,2030.10.31.15.00,39686
Anhui,2030.10.31.16.00,39245
Anhui,2030.10.31.17.00,38755
Anhui,2030.10.31.18.00,36689
Anhui,2030.10.31.19.00,37112
Anhui,2030.10.31.20.00,40941
Anhui,2030.10.31.21.00,41573
Anhui,2030.10.31.22.00,39868
Anhui,2030.10.31.23.00,38203
Anhui,2040.01.02.00.00,49256
Anhui,2040.01.02.01.00,47482
Anhui,2040.01.02.02.00,45641
Anhui,2040.01.02.03.00,44260
Anhui,2040.01.02.04.00,42981
Anhui,2040.01.02.05.00,42246
Anhui,2040.01.02.06.00,42854
Anhui,2040.01.02.07.00,42919
Anhui,2040.01.02.08.00,44816
Anhui,2040.01.02.09.00,47575
Anhui,2040.01.02.10.00,50494
Anhui,2040.01.02.11.00,53664
Anhui,2040.01.02.12.00,53313
Anhui,2040.01.02.13.00,55530
Anhui,2040.01.02.14.00,55672
Anhui,2040.01.02.15.00,55130
Anhui,2040.01.02.16.00,54516
Anhui,2040.01.02.17.00,53838
Anhui,2040.01.02.18.00,50968
Anhui,2040.01.02.19.00,51554
Anhui,2040.01.02.20.00,56873
Anhui,2040.01.02.21.00,57751
Anhui,2040.01.02.22.00,55383
Anhui,2040.01.02.23.00,53070
Anhui,2040.04.19.00.00,41216
Anhui,2040.04.19.01.00,39732
Anhui,2040.04.19.02.00,38192
Anhui,2040.04.19.03.00,37036
Anhui,2040.04.19.04.00,35966
Anhui,2040.04.19.05.00,35351
Anhui,2040.04.19.06.00,35860
Anhui,2040.04.19.07.00,35914
Anhui,2040.04.19.08.00,37501
Anhui,2040.04.19.09.00,39810
Anhui,2040.04.19.10.00,42252
Anhui,2040.04.19.11.00,44906
Anhui,2040.04.19.12.00,44612
Anhui,2040.04.19.13.00,46467
Anhui,2040.04.19.14.00,46585
Anhui,2040.04.19.15.00,46133
Anhui,2040.04.19.16.00,45618
Anhui,2040.04.19.17.00,45050
Anhui,2040.04.19.18.00,42649
Anhui,2040.04.19.19.00,43140
Anhui,2040.04.19.20.00,47591
Anhui,2040.04.19.21.00,48326
Anhui,2040.04.19.22.00,46344
Anhui,2040.04.19.23.00,44408
Anhui,2040.07.24.00.00,60502
Anhui,2040.07.24.01.00,58325
Anhui,2040.07.24.02.00,56062
Anhui,2040.07.24.03.00,54366
Anhui,2040.07.24.04.00,52795
Anhui,2040.07.24.05.00,51894
Anhui,2040.07.24.06.00,52639
Anhui,2040.07.24.07.00,52719
Anhui,2040.07.24.08.00,55049
Anhui,2040.07.24.09.00,58439
Anhui,2040.07.24.10.00,62024
Anhui,2040.07.24.11.00,65919
Anhui,2040.07.24.12.00,65487
Anhui,2040.07.24.13.00,68210
Anhui,2040.07.24.14.00,68384
Anhui,2040.07.24.15.00,67719
Anhui,2040.07.24.16.00,66965
Anhui,2040.07.24.17.00,66131
Anhui,2040.07.24.18.00,62606
Anhui,2040.07.24.19.00,63326
Anhui,2040.07.24.20.00,69860
Anhui,2040.07.24.21.00,70939
Anhui,2040.07.24.22.00,68029
Anhui,2040.07.24.23.00,65188
Anhui,2040.10.13.00.00,42662
Anhui,2040.10.13.01.00,41126
Anhui,2040.10.13.02.00,39531
Anhui,2040.10.13.03.00,38335
Anhui,2040.10.13.04.00,37228
Anhui,2040.10.13.05.00,36591
Anhui,2040.10.13.06.00,37118
Anhui,2040.10.13.07.00,37174
Anhui,2040.10.13.08.00,38817
Anhui,2040.10.13.09.00,41207
Anhui,2040.10.13.10.00,43735
Anhui,2040.10.13.11.00,46481
Anhui,2040.10.13.12.00,46176
Anhui,2040.10.13.13.00,48097
Anhui,2040.10.13.14.00,48219
Anhui,2040.10.13.15.00,47750
Anhui,2040.10.13.16.00,47219
Anhui,2040.10.13.17.00,46630
Anhui,2040.10.13.18.00,44146
Anhui,2040.10.13.19.00,44654
Anhui,2040.10.13.20.00,49261
Anhui,2040.10.13.21.00,50021
Anhui,2040.10.13.22.00,47970
Anhui,2040.10.13.23.00,45966
Anhui,2050.01.04.00.00,54846
Anhui,2050.01.04.01.00,52872
Anhui,2050.01.04.02.00,50822
Anhui,2050.01.04.03.00,49283
Anhui,2050.01.04.04.00,47859
Anhui,2050.01.04.05.00,47041
Anhui,2050.01.04.06.00,47719
Anhui,2050.01.04.07.00,47790
Anhui,2050.01.04.08.00,49902
Anhui,2050.01.04.09.00,52975
Anhui,2050.01.04.10.00,56225
Anhui,2050.01.04.11.00,59756
Anhui,2050.01.04.12.00,59365
Anhui,2050.01.04.13.00,61833
Anhui,2050.01.04.14.00,61992
Anhui,2050.01.04.15.00,61388
Anhui,2050.01.04.16.00,60704
Anhui,2050.01.04.17.00,59948
Anhui,2050.01.04.18.00,56753
Anhui,2050.01.04.19.00,57406
Anhui,2050.01.04.20.00,63329
Anhui,2050.01.04.21.00,64307
Anhui,2050.01.04.22.00,61669
Anhui,2050.01.04.23.00,59094
Anhui,2050.04.29.00.00,42579
Anhui,2050.04.29.01.00,41047
Anhui,2050.04.29.02.00,39455
Anhui,2050.04.29.03.00,38260
Anhui,2050.04.29.04.00,37156
Anhui,2050.04.29.05.00,36520
Anhui,2050.04.29.06.00,37045
Anhui,2050.04.29.07.00,37101
Anhui,2050.04.29.08.00,38742
Anhui,2050.04.29.09.00,41126
Anhui,2050.04.29.10.00,43650
Anhui,2050.04.29.11.00,46391
Anhui,2050.04.29.12.00,46087
Anhui,2050.04.29.13.00,48003
Anhui,2050.04.29.14.00,48126
Anhui,2050.04.29.15.00,47657
Anhui,2050.04.29.16.00,47127
Anhui,2050.04.29.17.00,46541
Anhui,2050.04.29.18.00,44060
Anhui,2050.04.29.19.00,44566
Anhui,2050.04.29.20.00,49165
Anhui,2050.04.29.21.00,49924
Anhui,2050.04.29.22.00,47876
Anhui,2050.04.29.23.00,45877
Anhui,2050.07.23.00.00,68765
Anhui,2050.07.23.01.00,66290
Anhui,2050.07.23.02.00,63718
Anhui,2050.07.23.03.00,61791
Anhui,2050.07.23.04.00,60006
Anhui,2050.07.23.05.00,58980
Anhui,2050.07.23.06.00,59828
Anhui,2050.07.23.07.00,59919
Anhui,2050.07.23.08.00,62568
Anhui,2050.07.23.09.00,66419
Anhui,2050.07.23.10.00,70494
Anhui,2050.07.23.11.00,74921
Anhui,2050.07.23.12.00,74430
Anhui,2050.07.23.13.00,77525
Anhui,2050.07.23.14.00,77724
Anhui,2050.07.23.15.00,76967
Anhui,2050.07.23.16.00,76110
Anhui,2050.07.23.17.00,75163
Anhui,2050.07.23.18.00,71156
Anhui,2050.07.23.19.00,71974
Anhui,2050.07.23.20.00,79401
Anhui,2050.07.23.21.00,80627
Anhui,2050.07.23.22.00,77320
Anhui,2050.07.23.23.00,74091
Anhui,2050.10.22.00.00,45962
Anhui,2050.10.22.01.00,44308
Anhui,2050.10.22.02.00,42589
Anhui,2050.10.22.03.00,41301
Anhui,2050.10.22.04.00,40107
Anhui,2050.10.22.05.00,39422
Anhui,2050.10.22.06.00,39989
Anhui,2050.10.22.07.00,40049
Anhui,2050.10.22.08.00,41820
Anhui,2050.10.22.09.00,44394
Anhui,2050.10.22.10.00,47118
Anhui,2050.10.22.11.00,50077
Anhui,2050.10.22.12.00,49749
Anhui,2050.10.22.13.00,51818
Anhui,2050.10.22.14.00,51951
Anhui,2050.10.22.15.00,51445
Anhui,2050.10.22.16.00,50871
Anhui,2050.10.22.17.00,50238
Anhui,2050.10.22.18.00,47561
Anhui,2050.10.22.19.00,48107
Anhui,2050.10.22.20.00,53072
Anhui,2050.10.22.21.00,53891
Anhui,2050.10.22.22.00,51680
Anhui,2050.10.22.23.00,49522
Beijing,2030.01.28.00.00,21690
Beijing,2030.01.28.01.00,21183
Beijing,2030.01.28.02.00,20185
Beijing,2030.01.28.03.00,19428
Beijing,2030.01.28.04.00,19036
Beijing,2030.01.28.05.00,19025
Beijing,2030.01.28.06.00,19230
Beijing,2030.01.28.07.00,22110
Beijing,2030.01.28.08.00,25578
Beijing,2030.01.28.09.00,29495
Beijing,2030.01.28.10.00,31355
Beijing,2030.01.28.11.00,32203
Beijing,2030.01.28.12.00,32236
Beijing,2030.01.28.13.00,31995
Beijing,2030.01.28.14.00,31771
Beijing,2030.01.28.15.00,31524
Beijing,2030.01.28.16.00,31929
Beijing,2030.01.28.17.00,32050
Beijing,2030.01.28.18.00,31454
Beijing,2030.01.28.19.00,30740
Beijing,2030.01.28.20.00,31319
Beijing,2030.01.28.21.00,30974
Beijing,2030.01.28.22.00,28788
Beijing,2030.01.28.23.00,25644
Beijing,2030.04.15.00.00,14232
Beijing,2030.04.15.01.00,13900
Beijing,2030.04.15.02.00,13244
Beijing,2030.04.15.03.00,12748
Beijing,2030.04.15.04.00,12490
Beijing,2030.04.15.05.00,12483
Beijing,2030.04.15.06.00,12617
Beijing,2030.04.15.07.00,14507
Beijing,2030.04.15.08.00,16782
Beijing,2030.04.15.09.00,19353
Beijing,2030.04.15.10.00,20573
Beijing,2030.04.15.11.00,21130
Beijing,2030.04.15.12.00,21151
Beijing,2030.04.15.13.00,20994
Beijing,2030.04.15.14.00,20846
Beijing,2030.04.15.15.00,20685
Beijing,2030.04.15.16.00,20950
Beijing,2030.04.15.17.00,21029
Beijing,2030.04.15.18.00,20638
Beijing,2030.04.15.19.00,20169
Beijing,2030.04.15.20.00,20550
Beijing,2030.04.15.21.00,20324
Beijing,2030.04.15.22.00,18889
Beijing,2030.04.15.23.00,16826
Beijing,2030.07.01.00.00,21434
Beijing,2030.07.01.01.00,20933
Beijing,2030.07.01.02.00,19946
Beijing,2030.07.01.03.00,19198
Beijing,2030.07.01.04.00,18811
Beijing,2030.07.01.05.00,18801
Beijing,2030.07.01.06.00,19004
Beijing,2030.07.01.07.00,21848
Beijing,2030.07.01.08.00,25276
Beijing,2030.07.01.09.00,29148
Beijing,2030.07.01.10.00,30985
Beijing,2030.07.01.11.00,31823
Beijing,2030.07.01.12.00,31856
Beijing,2030.07.01.13.00,31618
Beijing,2030.07.01.14.00,31396
Beijing,2030.07.01.15.00,31153
Beijing,2030.07.01.16.00,31552
Beijing,2030.07.01.17.00,31672
Beijing,2030.07.01.18.00,31082
Beijing,2030.07.01.19.00,30377
Beijing,2030.07.01.20.00,30949
Beijing,2030.07.01.21.00,30609
Beijing,2030.07.01.22.00,28449
Beijing,2030.07.01.23.00,25341
Beijing,2030.10.31.00.00,15902
Beijing,2030.10.31.01.00,15531
Beijing,2030.10.31.02.00,14798
Beijing,2030.10.31.03.00,14244
Beijing,2030.10.31.04.00,13957
Beijing,2030.10.31.05.00,13949
Beijing,2030.10.31.06.00,14098
Beijing,2030.10.31.07.00,16210
Beijing,2030.10.31.08.00,18752
Beijing,2030.10.31.09.00,21625
Beijing,2030.10.31.10.00,22988
Beijing,2030.10.31.11.00,23610
Beijing,2030.10.31.12.00,23633
Beijing,2030.10.31.13.00,23458
Beijing,2030.10.31.14.00,23293
Beijing,2030.10.31.15.00,23112
Beijing,2030.10.31.16.00,23409
Beijing,2030.10.31.17.00,23498
Beijing,2030.10.31.18.00,23060
Beijing,2030.10.31.19.00,22537
Beijing,2030.10.31.20.00,22962
Beijing,2030.10.31.21.00,22709
Beijing,2030.10.31.22.00,21107
Beijing,2030.10.31.23.00,18801
Beijing,2040.01.02.00.00,26957
Beijing,2040.01.02.01.00,26326
Beijing,2040.01.02.02.00,25085
Beijing,2040.01.02.03.00,24145
Beijing,2040.01.02.04.00,23658
Beijing,2040.01.02.05.00,23645
Beijing,2040.01.02.06.00,23900
Beijing,2040.01.02.07.00,27478
Beijing,2040.01.02.08.00,31787
Beijing,2040.01.02.09.00,36657
Beijing,2040.01.02.10.00,38967
Beijing,2040.01.02.11.00,40022
Beijing,2040.01.02.12.00,40063
Beijing,2040.01.02.13.00,39764
Beijing,2040.01.02.14.00,39484
Beijing,2040.01.02.15.00,39178
Beijing,2040.01.02.16.00,39681
Beijing,2040.01.02.17.00,39832
Beijing,2040.01.02.18.00,39090
Beijing,2040.01.02.19.00,38203
Beijing,2040.01.02.20.00,38923
Beijing,2040.01.02.21.00,38495
Beijing,2040.01.02.22.00,35779
Beijing,2040.01.02.23.00,31870
Beijing,2040.04.19.00.00,16853
Beijing,2040.04.19.01.00,16460
Beijing,2040.04.19.02.00,15684
Beijing,2040.04.19.03.00,15096
Beijing,2040.04.19.04.00,14791
Beijing,2040.04.19.05.00,14783
Beijing,2040.04.19.06.00,14942
Beijing,2040.04.19.07.00,17180
Beijing,2040.04.19.08.00,19874
Beijing,2040.04.19.09.00,22918
Beijing,2040.04.19.10.00,24363
Beijing,2040.04.19.11.00,25023
Beijing,2040.04.19.12.00,25047
Beijing,2040.04.19.13.00,24860
Beijing,2040.04.19.14.00,24686
Beijing,2040.04.19.15.00,24495
Beijing,2040.04.19.16.00,24809
Beijing,2040.04.19.17.00,24903
Beijing,2040.04.19.18.00,24440
Beijing,2040.04.19.19.00,23885
Beijing,2040.04.19.20.00,24335
Beijing,2040.04.19.21.00,24068
Beijing,2040.04.19.22.00,22370
Beijing,2040.04.19.23.00,19926
Beijing,2040.07.24.00.00,26122
Beijing,2040.07.24.01.00,25512
Beijing,2040.07.24.02.00,24309
Beijing,2040.07.24.03.00,23398
Beijing,2040.07.24.04.00,22926
Beijing,2040.07.24.05.00,22913
Beijing,2040.07.24.06.00,23160
Beijing,2040.07.24.07.00,26628
Beijing,2040.07.24.08.00,30804
Beijing,2040.07.24.09.00,35523
Beijing,2040.07.24.10.00,37762
Beijing,2040.07.24.11.00,38784
Beijing,2040.07.24.12.00,38823
Beijing,2040.07.24.13.00,38534
Beijing,2040.07.24.14.00,38263
Beijing,2040.07.24.15.00,37966
Beijing,2040.07.24.16.00,38453
Beijing,2040.07.24.17.00,38600
Beijing,2040.07.24.18.00,37881
Beijing,2040.07.24.19.00,37021
Beijing,2040.07.24.20.00,37719
Beijing,2040.07.24.21.00,37304
Beijing,2040.07.24.22.00,34672
Beijing,2040.07.24.23.00,30884
Beijing,2040.10.13.00.00,17206
Beijing,2040.10.13.01.00,16805
Beijing,2040.10.13.02.00,16012
Beijing,2040.10.13.03.00,15412
Beijing,2040.10.13.04.00,15101
Beijing,2040.10.13.05.00,15092
Beijing,2040.10.13.06.00,15255
Beijing,2040.10.13.07.00,17539
Beijing,2040.10.13.08.00,20290
Beijing,2040.10.13.09.00,23398
Beijing,2040.10.13.10.00,24873
Beijing,2040.10.13.11.00,25546
Beijing,2040.10.13.12.00,25571
Beijing,2040.10.13.13.00,25381
Beijing,2040.10.13.14.00,25203
Beijing,2040.10.13.15.00,25007
Beijing,2040.10.13.16.00,25329
Beijing,2040.10.13.17.00,25425
Beijing,2040.10.13.18.00,24951
Beijing,2040.10.13.19.00,24385
Beijing,2040.10.13.20.00,24844
Beijing,2040.10.13.21.00,24571
Beijing,2040.10.13.22.00,22837
Beijing,2040.10.13.23.00,20342
Beijing,2050.01.04.00.00,27245
Beijing,2050.01.04.01.00,26609
Beijing,2050.01.04.02.00,25354
Beijing,2050.01.04.03.00,24404
Beijing,2050.01.04.04.00,23912
Beijing,2050.01.04.05.00,23898
Beijing,2050.01.04.06.00,24156
Beijing,2050.01.04.07.00,27773
Beijing,2050.01.04.08.00,32128
Beijing,2050.01.04.09.00,37049
Beijing,2050.01.04.10.00,39385
Beijing,2050.01.04.11.00,40451
Beijing,2050.01.04.12.00,40492
Beijing,2050.01.04.13.00,40190
Beijing,2050.01.04.14.00,39909
Beijing,2050.01.04.15.00,39598
Beijing,2050.01.04.16.00,40106
Beijing,2050.01.04.17.00,40259
Beijing,2050.01.04.18.00,39510
Beijing,2050.01.04.19.00,38613
Beijing,2050.01.04.20.00,39340
Beijing,2050.01.04.21.00,38908
Beijing,2050.01.04.22.00,36162
Beijing,2050.01.04.23.00,32212
Beijing,2050.04.29.00.00,17218
Beijing,2050.04.29.01.00,16816
Beijing,2050.04.29.02.00,16023
Beijing,2050.04.29.03.00,15422
Beijing,2050.04.29.04.00,15111
Beijing,2050.04.29.05.00,15102
Beijing,2050.04.29.06.00,15265
Beijing,2050.04.29.07.00,17551
Beijing,2050.04.29.08.00,20304
Beijing,2050.04.29.09.00,23414
Beijing,2050.04.29.10.00,24890
Beijing,2050.04.29.11.00,25564
Beijing,2050.04.29.12.00,25590
Beijing,2050.04.29.13.00,25399
Beijing,2050.04.29.14.00,25221
Beijing,2050.04.29.15.00,25025
Beijing,2050.04.29.16.00,25346
Beijing,2050.04.29.17.00,25443
Beijing,2050.04.29.18.00,24969
Beijing,2050.04.29.19.00,24401
Beijing,2050.04.29.20.00,24861
Beijing,2050.04.29.21.00,24588
Beijing,2050.04.29.22.00,22853
Beijing,2050.04.29.23.00,20356
Beijing,2050.07.23.00.00,29736
Beijing,2050.07.23.01.00,29041
Beijing,2050.07.23.02.00,27673
Beijing,2050.07.23.03.00,26635
Beijing,2050.07.23.04.00,26098
Beijing,2050.07.23.05.00,26082
Beijing,2050.07.23.06.00,26364
Beijing,2050.07.23.07.00,30311
Beijing,2050.07.23.08.00,35066
Beijing,2050.07.23.09.00,40437
Beijing,2050.07.23.10.00,42986
Beijing,2050.07.23.11.00,44150
Beijing,2050.07.23.12.00,44194
Beijing,2050.07.23.13.00,43864
Beijing,2050.07.23.14.00,43557
Beijing,2050.07.23.15.00,43218
Beijing,2050.07.23.16.00,43773
Beijing,2050.07.23.17.00,43941
Beijing,2050.07.23.18.00,43122
Beijing,2050.07.23.19.00,42143
Beijing,2050.07.23.20.00,42937
Beijing,2050.07.23.21.00,42465
Beijing,2050.07.23.22.00,39468
Beijing,2050.07.23.23.00,35156
Beijing,2050.10.22.00.00,19161
Beijing,2050.10.22.01.00,18714
Beijing,2050.10.22.02.00,17831
Beijing,2050.10.22.03.00,17163
Beijing,2050.10.22.04.00,16817
Beijing,2050.10.22.05.00,16807
Beijing,2050.10.22.06.00,16988
Beijing,2050.10.22.07.00,19532
Beijing,2050.10.22.08.00,22595
Beijing,2050.10.22.09.00,26057
Beijing,2050.10.22.10.00,27699
Beijing,2050.10.22.11.00,28449
Beijing,2050.10.22.12.00,28477
Beijing,2050.10.22.13.00,28265
Beijing,2050.10.22.14.00,28067
Beijing,2050.10.22.15.00,27849
Beijing,2050.10.22.16.00,28206
Beijing,2050.10.22.17.00,28314
Beijing,2050.10.22.18.00,27787
Beijing,2050.10.22.19.00,27155
Beijing,2050.10.22.20.00,27668
Beijing,2050.10.22.21.00,27364
Beijing,2050.10.22.22.00,25432
Beijing,2050.10.22.23.00,22654
Chongqing,2030.01.28.00.00,21676
Chongqing,2030.01.28.01.00,20361
Chongqing,2030.01.28.02.00,19172
Chongqing,2030.01.28.03.00,18199
Chongqing,2030.01.28.04.00,17571
Chongqing,2030.01.28.05.00,17114
Chongqing,2030.01.28.06.00,16920
Chongqing,2030.01.28.07.00,17093
Chongqing,2030.01.28.08.00,18264
Chongqing,2030.01.28.09.00,20983
Chongqing,2030.01.28.10.00,22401
Chongqing,2030.01.28.11.00,23359
Chongqing,2030.01.28.12.00,22746
Chongqing,2030.01.28.13.00,23064
Chongqing,2030.01.28.14.00,23721
Chongqing,2030.01.28.15.00,24061
Chongqing,2030.01.28.16.00,24425
Chongqing,2030.01.28.17.00,24322
Chongqing,2030.01.28.18.00,23371
Chongqing,2030.01.28.19.00,22225
Chongqing,2030.01.28.20.00,22352
Chongqing,2030.01.28.21.00,23302
Chongqing,2030.01.28.22.00,22638
Chongqing,2030.01.28.23.00,21349
Chongqing,2030.04.15.00.00,16180
Chongqing,2030.04.15.01.00,15199
Chongqing,2030.04.15.02.00,14312
Chongqing,2030.04.15.03.00,13584
Chongqing,2030.04.15.04.00,13116
Chongqing,2030.04.15.05.00,12774
Chongqing,2030.04.15.06.00,12630
Chongqing,2030.04.15.07.00,12759
Chongqing,2030.04.15.08.00,13633
Chongqing,2030.04.15.09.00,15663
Chongqing,2030.04.15.10.00,16721
Chongqing,2030.04.15.11.00,17436
Chongqing,2030.04.15.12.00,16979
Chongqing,2030.04.15.13.00,17217
Chongqing,2030.04.15.14.00,17706
Chongqing,2030.04.15.15.00,17960
Chongqing,2030.04.15.16.00,18231
Chongqing,2030.04.15.17.00,18155
Chongqing,2030.04.15.18.00,17445
Chongqing,2030.04.15.19.00,16589
Chongqing,2030.04.15.20.00,16685
Chongqing,2030.04.15.21.00,17394
Chongqing,2030.04.15.22.00,16898
Chongqing,2030.04.15.23.00,15935
Chongqing,2030.07.01.00.00,24989
Chongqing,2030.07.01.01.00,23474
Chongqing,2030.07.01.02.00,22103
Chongqing,2030.07.01.03.00,20980
Chongqing,2030.07.01.04.00,20257
Chongqing,2030.07.01.05.00,19730
Chongqing,2030.07.01.06.00,19505
Chongqing,2030.07.01.07.00,19705
Chongqing,2030.07.01.08.00,21056
Chongqing,2030.07.01.09.00,24190
Chongqing,2030.07.01.10.00,25825
Chongqing,2030.07.01.11.00,26930
Chongqing,2030.07.01.12.00,26223
Chongqing,2030.07.01.13.00,26590
Chongqing,2030.07.01.14.00,27347
Chongqing,2030.07.01.15.00,27739
Chongqing,2030.07.01.16.00,28159
Chongqing,2030.07.01.17.00,28040
Chongqing,2030.07.01.18.00,26943
Chongqing,2030.07.01.19.00,25622
Chongqing,2030.07.01.20.00,25769
Chongqing,2030.07.01.21.00,26864
Chongqing,2030.07.01.22.00,26099
Chongqing,2030.07.01.23.00,24613
Chongqing,2030.10.31.00.00,17327
Chongqing,2030.10.31.01.00,16276
Chongqing,2030.10.31.02.00,15326
Chongqing,2030.10.31.03.00,14547
Chongqing,2030.10.31.04.00,14045
Chongqing,2030.10.31.05.00,13679
Chongqing,2030.10.31.06.00,13524
Chongqing,2030.10.31.07.00,13663
Chongqing,2030.10.31.08.00,14599
Chongqing,2030.10.31.09.00,16773
Chongqing,2030.10.31.10.00,17906
Chongqing,2030.10.31.11.00,18672
Chongqing,2030.10.31.12.00,18182
Chongqing,2030.10.31.13.00,18437
Chongqing,2030.10.31.14.00,18962
Chongqing,2030.10.31.15.00,19233
Chongqing,2030.10.31.16.00,19524
Chongqing,2030.10.31.17.00,19441
Chongqing,2030.10.31.18.00,18681
Chongqing,2030.10.31.19.00,17765
Chongqing,2030.10.31.20.00,17867
Chongqing,2030.10.31.21.00,18626
Chongqing,2030.10.31.22.00,18096
Chongqing,2030.10.31.23.00,17066
Chongqing,2040.01.02.00.00,22802
Chongqing,2040.01.02.01.00,21419
Chongqing,2040.01.02.02.00,20168
Chongqing,2040.01.02.03.00,19144
Chongqing,2040.01.02.04.00,18483
Chongqing,2040.01.02.05.00,18003
Chongqing,2040.01.02.06.00,17798
Chongqing,2040.01.02.07.00,17981
Chongqing,2040.01.02.08.00,19213
Chongqing,2040.01.02.09.00,22073
Chongqing,2040.01.02.10.00,23564
Chongqing,2040.01.02.11.00,24572
Chongqing,2040.01.02.12.00,23927
Chongqing,2040.01.02.13.00,24263
Chongqing,2040.01.02.14.00,24953
Chongqing,2040.01.02.15.00,25310
Chongqing,2040.01.02.16.00,25694
Chongqing,2040.01.02.17.00,25585
Chongqing,2040.01.02.18.00,24585
Chongqing,2040.01.02.19.00,23379
Chongqing,2040.01.02.20.00,23513
Chongqing,2040.01.02.21.00,24513
Chongqing,2040.01.02.22.00,23814
Chongqing,2040.01.02.23.00,22457
Chongqing,2040.04.19.00.00,19916
Chongqing,2040.04.19.01.00,18708
Chongqing,2040.04.19.02.00,17615
Chongqing,2040.04.19.03.00,16721
Chongqing,2040.04.19.04.00,16144
Chongqing,2040.04.19.05.00,15723
Chongqing,2040.04.19.06.00,15545
Chongqing,2040.04.19.07.00,15704
Chongqing,2040.04.19.08.00,16780
Chongqing,2040.04.19.09.00,19279
Chongqing,2040.04.19.10.00,20582
Chongqing,2040.04.19.11.00,21462
Chongqing,2040.04.19.12.00,20899
Chongqing,2040.04.19.13.00,21191
Chongqing,2040.04.19.14.00,21794
Chongqing,2040.04.19.15.00,22106
Chongqing,2040.04.19.16.00,22441
Chongqing,2040.04.19.17.00,22346
Chongqing,2040.04.19.18.00,21472
Chongqing,2040.04.19.19.00,20419
Chongqing,2040.04.19.20.00,20537
Chongqing,2040.04.19.21.00,21409
Chongqing,2040.04.19.22.00,20799
Chongqing,2040.04.19.23.00,19615
Chongqing,2040.07.24.00.00,33831
Chongqing,2040.07.24.01.00,31780
Chongqing,2040.07.24.02.00,29925
Chongqing,2040.07.24.03.00,28405
Chongqing,2040.07.24.04.00,27425
Chongqing,2040.07.24.05.00,26711
Chongqing,2040.07.24.06.00,26408
Chongqing,2040.07.24.07.00,26678
Chongqing,2040.07.24.08.00,28506
Chongqing,2040.07.24.09.00,32750
Chongqing,2040.07.24.10.00,34964
Chongqing,2040.07.24.11.00,36459
Chongqing,2040.07.24.12.00,35502
Chongqing,2040.07.24.13.00,35999
Chongqing,2040.07.24.14.00,37024
Chongqing,2040.07.24.15.00,37554
Chongqing,2040.07.24.16.00,38123
Chongqing,2040.07.24.17.00,37961
Chongqing,2040.07.24.18.00,36477
Chongqing,2040.07.24.19.00,34688
Chongqing,2040.07.24.20.00,34887
Chongqing,2040.07.24.21.00,36369
Chongqing,2040.07.24.22.00,35333
Chongqing,2040.07.24.23.00,33321
Chongqing,2040.10.13.00.00,20331
Chongqing,2040.10.13.01.00,19097
Chongqing,2040.10.13.02.00,17983
Chongqing,2040.10.13.03.00,17069
Chongqing,2040.10.13.04.00,16480
Chongqing,2040.10.13.05.00,16052
Chongqing,2040.10.13.06.00,15869
Chongqing,2040.10.13.07.00,16031
Chongqing,2040.10.13.08.00,17130
Chongqing,2040.10.13.09.00,19681
Chongqing,2040.10.13.10.00,21010
Chongqing,2040.10.13.11.00,21909
Chongqing,2040.10.13.12.00,21334
Chongqing,2040.10.13.13.00,21633
Chongqing,2040.10.13.14.00,22248
Chongqing,2040.10.13.15.00,22568
Chongqing,2040.10.13.16.00,22909
Chongqing,2040.10.13.17.00,22811
Chongqing,2040.10.13.18.00,21920
Chongqing,2040.10.13.19.00,20845
Chongqing,2040.10.13.20.00,20965
Chongqing,2040.10.13.21.00,21856
Chongqing,2040.10.13.22.00,21232
Chongqing,2040.10.13.23.00,20024
Chongqing,2050.01.04.00.00,26752
Chongqing,2050.01.04.01.00,25130
Chongqing,2050.01.04.02.00,23662
Chongqing,2050.01.04.03.00,22460
Chongqing,2050.01.04.04.00,21685
Chongqing,2050.01.04.05.00,21121
Chongqing,2050.01.04.06.00,20881
Chongqing,2050.01.04.07.00,21096
Chongqing,2050.01.04.08.00,22541
Chongqing,2050.01.04.09.00,25897
Chongqing,2050.01.04.10.00,27646
Chongqing,2050.01.04.11.00,28828
Chongqing,2050.01.04.12.00,28072
Chongqing,2050.01.04.13.00,28465
Chongqing,2050.01.04.14.00,29276
Chongqing,2050.01.04.15.00,29695
Chongqing,2050.01.04.16.00,30144
Chongqing,2050.01.04.17.00,30017
Chongqing,2050.01.04.18.00,28844
Chongqing,2050.01.04.19.00,27429
Chongqing,2050.01.04.20.00,27586
Chongqing,2050.01.04.21.00,28759
Chongqing,2050.01.04.22.00,27939
Chongqing,2050.01.04.23.00,26348
Chongqing,2050.04.29.00.00,20654
Chongqing,2050.04.29.01.00,19402
Chongqing,2050.04.29.02.00,18269
Chongqing,2050.04.29.03.00,17341
Chongqing,2050.04.29.04.00,16743
Chongqing,2050.04.29.05.00,16308
Chongqing,2050.04.29.06.00,16122
Chongqing,2050.04.29.07.00,16287
Chongqing,2050.04.29.08.00,17403
Chongqing,2050.04.29.09.00,19994
Chongqing,2050.04.29.10.00,21346
Chongqing,2050.04.29.11.00,22258
Chongqing,2050.04.29.12.00,21674
Chongqing,2050.04.29.13.00,21978
Chongqing,2050.04.29.14.00,22603
Chongqing,2050.04.29.15.00,22927
Chongqing,2050.04.29.16.00,23274
Chongqing,2050.04.29.17.00,23175
Chongqing,2050.04.29.18.00,22270
Chongqing,2050.04.29.19.00,21177
Chongqing,2050.04.29.20.00,21299
Chongqing,2050.04.29.21.00,22204
Chongqing,2050.04.29.22.00,21571
Chongqing,2050.04.29.23.00,20343
Chongqing,2050.07.23.00.00,38605
Chongqing,2050.07.23.01.00,36264
Chongqing,2050.07.23.02.00,34147
Chongqing,2050.07.23.03.00,32413
Chongqing,2050.07.23.04.00,31294
Chongqing,2050.07.23.05.00,30480
Chongqing,2050.07.23.06.00,30134
Chongqing,2050.07.23.07.00,30442
Chongqing,2050.07.23.08.00,32528
Chongqing,2050.07.23.09.00,37371
Chongqing,2050.07.23.10.00,39896
Chongqing,2050.07.23.11.00,41603
Chongqing,2050.07.23.12.00,40510
Chongqing,2050.07.23.13.00,41077
Chongqing,2050.07.23.14.00,42247
Chongqing,2050.07.23.15.00,42852
Chongqing,2050.07.23.16.00,43501
Chongqing,2050.07.23.17.00,43316
Chongqing,2050.07.23.18.00,41624
Chongqing,2050.07.23.19.00,39582
Chongqing,2050.07.23.20.00,39810
Chongqing,2050.07.23.21.00,41501
Chongqing,2050.07.23.22.00,40319
Chongqing,2050.07.23.23.00,38023
Chongqing,2050.10.22.00.00,20929
Chongqing,2050.10.22.01.00,19661
Chongqing,2050.10.22.02.00,18512
Chongqing,2050.10.22.03.00,17572
Chongqing,2050.10.22.04.00,16966
Chongqing,2050.10.22.05.00,16524
Chongqing,2050.10.22.06.00,16336
Chongqing,2050.10.22.07.00,16504
Chongqing,2050.10.22.08.00,17635
Chongqing,2050.10.22.09.00,20260
Chongqing,2050.10.22.10.00,21629
Chongqing,2050.10.22.11.00,22554
Chongqing,2050.10.22.12.00,21963
Chongqing,2050.10.22.13.00,22270
Chongqing,2050.10.22.14.00,22904
Chongqing,2050.10.22.15.00,23233
Chongqing,2050.10.22.16.00,23583
Chongqing,2050.10.22.17.00,23483
Chongqing,2050.10.22.18.00,22566
Chongqing,2050.10.22.19.00,21460
Chongqing,2050.10.22.20.00,21582
Chongqing,2050.10.22.21.00,22499
Chongqing,2050.10.22.22.00,21859
Chongqing,2050.10.22.23.00,20614
East_Inner_Mongolia,2030.01.28.00.00,8849
East_Inner_Mongolia,2030.01.28.01.00,8694
East_Inner_Mongolia,2030.01.28.02.00,8697
East_Inner_Mongolia,2030.01.28.03.00,8581
East_Inner_Mongolia,2030.01.28.04.00,8648
East_Inner_Mongolia,2030.01.28.05.00,8778
East_Inner_Mongolia,2030.01.28.06.00,9762
East_Inner_Mongolia,2030.01.28.07.00,10154
East_Inner_Mongolia,2030.01.28.08.00,9843
East_Inner_Mongolia,2030.01.28.09.00,10013
East_Inner_Mongolia,2030.01.28.10.00,10263
East_Inner_Mongolia,2030.01.28.11.00,10774
East_Inner_Mongolia,2030.01.28.12.00,10391
East_Inner_Mongolia,2030.01.28.13.00,9967
East_Inner_Mongolia,2030.01.28.14.00,9979
East_Inner_Mongolia,2030.01.28.15.00,10114
East_Inner_Mongolia,2030.01.28.16.00,10241
East_Inner_Mongolia,2030.01.28.17.00,10696
East_Inner_Mongolia,2030.01.28.18.00,11018
East_Inner_Mongolia,2030.01.28.19.00,10759
East_Inner_Mongolia,2030.01.28.20.00,10673
East_Inner_Mongolia,2030.01.28.21.00,10550
East_Inner_Mongolia,2030.01.28.22.00,10235
East_Inner_Mongolia,2030.01.28.23.00,9445
East_Inner_Mongolia,2030.04.15.00.00,8602
East_Inner_Mongolia,2030.04.15.01.00,8453
East_Inner_Mongolia,2030.04.15.02.00,8455
East_Inner_Mongolia,2030.04.15.03.00,8343
East_Inner_Mongolia,2030.04.15.04.00,8407
East_Inner_Mongolia,2030.04.15.05.00,8534
East_Inner_Mongolia,2030.04.15.06.00,9491
East_Inner_Mongolia,2030.04.15.07.00,9872
East_Inner_Mongolia,2030.04.15.08.00,9569
East_Inner_Mongolia,2030.04.15.09.00,9735
East_Inner_Mongolia,2030.04.15.10.00,9978
East_Inner_Mongolia,2030.04.15.11.00,10474
East_Inner_Mongolia,2030.04.15.12.00,10102
East_Inner_Mongolia,2030.04.15.13.00,9690
East_Inner_Mongolia,2030.04.15.14.00,9701
East_Inner_Mongolia,2030.04.15.15.00,9833
East_Inner_Mongolia,2030.04.15.16.00,9956
East_Inner_Mongolia,2030.04.15.17.00,10398
East_Inner_Mongolia,2030.04.15.18.00,10711
East_Inner_Mongolia,2030.04.15.19.00,10460
East_Inner_Mongolia,2030.04.15.20.00,10376
East_Inner_Mongolia,2030.04.15.21.00,10257
East_Inner_Mongolia,2030.04.15.22.00,9949
East_Inner_Mongolia,2030.04.15.23.00,9182
East_Inner_Mongolia,2030.07.01.00.00,11258
East_Inner_Mongolia,2030.07.01.01.00,11062
East_Inner_Mongolia,2030.07.01.02.00,11064
East_Inner_Mongolia,2030.07.01.03.00,10918
East_Inner_Mongolia,2030.07.01.04.00,11002
East_Inner_Mongolia,2030.07.01.05.00,11169
East_Inner_Mongolia,2030.07.01.06.00,12421
East_Inner_Mongolia,2030.07.01.07.00,12919
East_Inner_Mongolia,2030.07.01.08.00,12523
East_Inner_Mongolia,2030.07.01.09.00,12740
East_Inner_Mongolia,2030.07.01.10.00,13058
East_Inner_Mongolia,2030.07.01.11.00,13709
East_Inner_Mongolia,2030.07.01.12.00,13220
East_Inner_Mongolia,2030.07.01.13.00,12682
East_Inner_Mongolia,2030.07.01.14.00,12696
East_Inner_Mongolia,2030.07.01.15.00,12868
East_Inner_Mongolia,2030.07.01.16.00,13029
East_Inner_Mongolia,2030.07.01.17.00,13608
East_Inner_Mongolia,2030.07.01.18.00,14018
East_Inner_Mongolia,2030.07.01.19.00,13688
East_Inner_Mongolia,2030.07.01.20.00,13579
East_Inner_Mongolia,2030.07.01.21.00,13423
East_Inner_Mongolia,2030.07.01.22.00,13021
East_Inner_Mongolia,2030.07.01.23.00,12017
East_Inner_Mongolia,2030.10.31.00.00,9850
East_Inner_Mongolia,2030.10.31.01.00,9680
East_Inner_Mongolia,2030.10.31.02.00,9682
East_Inner_Mongolia,2030.10.31.03.00,9553
East_Inner_Mongolia,2030.10.31.04.00,9627
East_Inner_Mongolia,2030.10.31.05.00,9773
East_Inner_Mongolia,2030.10.31.06.00,10868
East_Inner_Mongolia,2030.10.31.07.00,11305
East_Inner_Mongolia,2030.10.31.08.00,10958
East_Inner_Mongolia,2030.10.31.09.00,11148
East_Inner_Mongolia,2030.10.31.10.00,11426
East_Inner_Mongolia,2030.10.31.11.00,11995
East_Inner_Mongolia,2030.10.31.12.00,11569
East_Inner_Mongolia,2030.10.31.13.00,11098
East_Inner_Mongolia,2030.10.31.14.00,11109
East_Inner_Mongolia,2030.10.31.15.00,11261
East_Inner_Mongolia,2030.10.31.16.00,11401
East_Inner_Mongolia,2030.10.31.17.00,11907
East_Inner_Mongolia,2030.10.31.18.00,12266
East_Inner_Mongolia,2030.10.31.19.00,11978
East_Inner_Mongolia,2030.10.31.20.00,11883
East_Inner_Mongolia,2030.10.31.21.00,11745
East_Inner_Mongolia,2030.10.31.22.00,11393
East_Inner_Mongolia,2030.10.31.23.00,10515
East_Inner_Mongolia,2040.01.02.00.00,11034
East_Inner_Mongolia,2040.01.02.01.00,10843
East_Inner_Mongolia,2040.01.02.02.00,10845
East_Inner_Mongolia,2040.01.02.03.00,10702
East_Inner_Mongolia,2040.01.02.04.00,10784
East_Inner_Mongolia,2040.01.02.05.00,10948
East_Inner_Mongolia,2040.01.02.06.00,12175
East_Inner_Mongolia,2040.01.02.07.00,12663
East_Inner_Mongolia,2040.01.02.08.00,12275
East_Inner_Mongolia,2040.01.02.09.00,12488
East_Inner_Mongolia,2040.01.02.10.00,12799
East_Inner_Mongolia,2040.01.02.11.00,13437
East_Inner_Mongolia,2040.01.02.12.00,12959
East_Inner_Mongolia,2040.01.02.13.00,12431
East_Inner_Mongolia,2040.01.02.14.00,12444
East_Inner_Mongolia,2040.01.02.15.00,12614
East_Inner_Mongolia,2040.01.02.16.00,12771
East_Inner_Mongolia,2040.01.02.17.00,13339
East_Inner_Mongolia,2040.01.02.18.00,13740
East_Inner_Mongolia,2040.01.02.19.00,13418
East_Inner_Mongolia,2040.01.02.20.00,13311
East_Inner_Mongolia,2040.01.02.21.00,13157
East_Inner_Mongolia,2040.01.02.22.00,12763
East_Inner_Mongolia,2040.01.02.23.00,11779
East_Inner_Mongolia,2040.04.19.00.00,10023
East_Inner_Mongolia,2040.04.19.01.00,9849
East_Inner_Mongolia,2040.04.19.02.00,9851
East_Inner_Mongolia,2040.04.19.03.00,9721
East_Inner_Mongolia,2040.04.19.04.00,9795
East_Inner_Mongolia,2040.04.19.05.00,9944
East_Inner_Mongolia,2040.04.19.06.00,11059
East_Inner_Mongolia,2040.04.19.07.00,11503
East_Inner_Mongolia,2040.04.19.08.00,11150
East_Inner_Mongolia,2040.04.19.09.00,11343
East_Inner_Mongolia,2040.04.19.10.00,11626
East_Inner_Mongolia,2040.04.19.11.00,12205
East_Inner_Mongolia,2040.04.19.12.00,11771
East_Inner_Mongolia,2040.04.19.13.00,11291
East_Inner_Mongolia,2040.04.19.14.00,11304
East_Inner_Mongolia,2040.04.19.15.00,11458
East_Inner_Mongolia,2040.04.19.16.00,11600
East_Inner_Mongolia,2040.04.19.17.00,12116
East_Inner_Mongolia,2040.04.19.18.00,12481
East_Inner_Mongolia,2040.04.19.19.00,12188
East_Inner_Mongolia,2040.04.19.20.00,12090
East_Inner_Mongolia,2040.04.19.21.00,11951
East_Inner_Mongolia,2040.04.19.22.00,11593
East_Inner_Mongolia,2040.04.19.23.00,10699
East_Inner_Mongolia,2040.07.24.00.00,12631
East_Inner_Mongolia,2040.07.24.01.00,12411
East_Inner_Mongolia,2040.07.24.02.00,12414
East_Inner_Mongolia,2040.07.24.03.00,12250
East_Inner_Mongolia,2040.07.24.04.00,12344
East_Inner_Mongolia,2040.07.24.05.00,12531
East_Inner_Mongolia,2040.07.24.06.00,13936
East_Inner_Mongolia,2040.07.24.07.00,14495
East_Inner_Mongolia,2040.07.24.08.00,14051
East_Inner_Mongolia,2040.07.24.09.00,14294
East_Inner_Mongolia,2040.07.24.10.00,14650
East_Inner_Mongolia,2040.07.24.11.00,15381
East_Inner_Mongolia,2040.07.24.12.00,14833
East_Inner_Mongolia,2040.07.24.13.00,14229
East_Inner_Mongolia,2040.07.24.14.00,14244
East_Inner_Mongolia,2040.07.24.15.00,14438
East_Inner_Mongolia,2040.07.24.16.00,14619
East_Inner_Mongolia,2040.07.24.17.00,15268
East_Inner_Mongolia,2040.07.24.18.00,15727
East_Inner_Mongolia,2040.07.24.19.00,15359
East_Inner_Mongolia,2040.07.24.20.00,15236
East_Inner_Mongolia,2040.07.24.21.00,15060
East_Inner_Mongolia,2040.07.24.22.00,14609
East_Inner_Mongolia,2040.07.24.23.00,13483
East_Inner_Mongolia,2040.10.13.00.00,11671
East_Inner_Mongolia,2040.10.13.01.00,11468
East_Inner_Mongolia,2040.10.13.02.00,11470
East_Inner_Mongolia,2040.10.13.03.00,11319
East_Inner_Mongolia,2040.10.13.04.00,11406
East_Inner_Mongolia,2040.10.13.05.00,11578
East_Inner_Mongolia,2040.10.13.06.00,12876
East_Inner_Mongolia,2040.10.13.07.00,13393
East_Inner_Mongolia,2040.10.13.08.00,12983
East_Inner_Mongolia,2040.10.13.09.00,13208
East_Inner_Mongolia,2040.10.13.10.00,13536
East_Inner_Mongolia,2040.10.13.11.00,14212
East_Inner_Mongolia,2040.10.13.12.00,13706
East_Inner_Mongolia,2040.10.13.13.00,13147
East_Inner_Mongolia,2040.10.13.14.00,13161
East_Inner_Mongolia,2040.10.13.15.00,13341
East_Inner_Mongolia,2040.10.13.16.00,13507
East_Inner_Mongolia,2040.10.13.17.00,14108
East_Inner_Mongolia,2040.10.13.18.00,14532
East_Inner_Mongolia,2040.10.13.19.00,14191
East_Inner_Mongolia,2040.10.13.20.00,14078
East_Inner_Mongolia,2040.10.13.21.00,13916
East_Inner_Mongolia,2040.10.13.22.00,13499
East_Inner_Mongolia,2040.10.13.23.00,12458
East_Inner_Mongolia,2050.01.04.00.00,11341
East_Inner_Mongolia,2050.01.04.01.00,11145
East_Inner_Mongolia,2050.01.04.02.00,11147
East_Inner_Mongolia,2050.01.04.03.00,11000
East_Inner_Mongolia,2050.01.04.04.00,11083
East_Inner_Mongolia,2050.01.04.05.00,11252
East_Inner_Mongolia,2050.01.04.06.00,12513
East_Inner_Mongolia,2050.01.04.07.00,13015
East_Inner_Mongolia,2050.01.04.08.00,12616
East_Inner_Mongolia,2050.01.04.09.00,12835
East_Inner_Mongolia,2050.01.04.10.00,13155
East_Inner_Mongolia,2050.01.04.11.00,13811
East_Inner_Mongolia,2050.01.04.12.00,13318
East_Inner_Mongolia,2050.01.04.13.00,12777
East_Inner_Mongolia,2050.01.04.14.00,12790
East_Inner_Mongolia,2050.01.04.15.00,12964
East_Inner_Mongolia,2050.01.04.16.00,13126
East_Inner_Mongolia,2050.01.04.17.00,13709
East_Inner_Mongolia,2050.01.04.18.00,14122
East_Inner_Mongolia,2050.01.04.19.00,13790
East_Inner_Mongolia,2050.01.04.20.00,13680
East_Inner_Mongolia,2050.01.04.21.00,13523
East_Inner_Mongolia,2050.01.04.22.00,13117
East_Inner_Mongolia,2050.01.04.23.00,12106
East_Inner_Mongolia,2050.04.29.00.00,11446
East_Inner_Mongolia,2050.04.29.01.00,11248
East_Inner_Mongolia,2050.04.29.02.00,11251
East_Inner_Mongolia,2050.04.29.03.00,11102
East_Inner_Mongolia,2050.04.29.04.00,11187
East_Inner_Mongolia,2050.04.29.05.00,11357
East_Inner_Mongolia,2050.04.29.06.00,12630
East_Inner_Mongolia,2050.04.29.07.00,13137
East_Inner_Mongolia,2050.04.29.08.00,12734
East_Inner_Mongolia,2050.04.29.09.00,12955
East_Inner_Mongolia,2050.04.29.10.00,13277
East_Inner_Mongolia,2050.04.29.11.00,13939
East_Inner_Mongolia,2050.04.29.12.00,13443
East_Inner_Mongolia,2050.04.29.13.00,12896
East_Inner_Mongolia,2050.04.29.14.00,12909
East_Inner_Mongolia,2050.04.29.15.00,13086
East_Inner_Mongolia,2050.04.29.16.00,13249
East_Inner_Mongolia,2050.04.29.17.00,13837
East_Inner_Mongolia,2050.04.29.18.00,14253
East_Inner_Mongolia,2050.04.29.19.00,13919
East_Inner_Mongolia,2050.04.29.20.00,13809
East_Inner_Mongolia,2050.04.29.21.00,13649
East_Inner_Mongolia,2050.04.29.22.00,13240
East_Inner_Mongolia,2050.04.29.23.00,12220
East_Inner_Mongolia,2050.07.23.00.00,14440
East_Inner_Mongolia,2050.07.23.01.00,14189
East_Inner_Mongolia,2050.07.23.02.00,14192
East_Inner_Mongolia,2050.07.23.03.00,14005
East_Inner_Mongolia,2050.07.23.04.00,14112
East_Inner_Mongolia,2050.07.23.05.00,14326
East_Inner_Mongolia,2050.07.23.06.00,15931
East_Inner_Mongolia,2050.07.23.07.00,16571
East_Inner_Mongolia,2050.07.23.08.00,16063
East_Inner_Mongolia,2050.07.23.09.00,16341
East_Inner_Mongolia,2050.07.23.10.00,16748
East_Inner_Mongolia,2050.07.23.11.00,17584
East_Inner_Mongolia,2050.07.23.12.00,16958
East_Inner_Mongolia,2050.07.23.13.00,16267
East_Inner_Mongolia,2050.07.23.14.00,16284
East_Inner_Mongolia,2050.07.23.15.00,16507
East_Inner_Mongolia,2050.07.23.16.00,16713
East_Inner_Mongolia,2050.07.23.17.00,17455
East_Inner_Mongolia,2050.07.23.18.00,17981
East_Inner_Mongolia,2050.07.23.19.00,17558
East_Inner_Mongolia,2050.07.23.20.00,17419
East_Inner_Mongolia,2050.07.23.21.00,17218
East_Inner_Mongolia,2050.07.23.22.00,16701
East_Inner_Mongolia,2050.07.23.23.00,15414
East_Inner_Mongolia,2050.10.22.00.00,12363
East_Inner_Mongolia,2050.10.22.01.00,12148
East_Inner_Mongolia,2050.10.22.02.00,12151
East_Inner_Mongolia,2050.10.22.03.00,11991
East_Inner_Mongolia,2050.10.22.04.00,12083
East_Inner_Mongolia,2050.10.22.05.00,12266
East_Inner_Mongolia,2050.10.22.06.00,13641
East_Inner_Mongolia,2050.10.22.07.00,14188
East_Inner_Mongolia,2050.10.22.08.00,13754
East_Inner_Mongolia,2050.10.22.09.00,13992
East_Inner_Mongolia,2050.10.22.10.00,14340
East_Inner_Mongolia,2050.10.22.11.00,15055
East_Inner_Mongolia,2050.10.22.12.00,14520
East_Inner_Mongolia,2050.10.22.13.00,13928
East_Inner_Mongolia,2050.10.22.14.00,13943
East_Inner_Mongolia,2050.10.22.15.00,14133
East_Inner_Mongolia,2050.10.22.16.00,14310
East_Inner_Mongolia,2050.10.22.17.00,14945
East_Inner_Mongolia,2050.10.22.18.00,15395
East_Inner_Mongolia,2050.10.22.19.00,15034
East_Inner_Mongolia,2050.10.22.20.00,14913
East_Inner_Mongolia,2050.10.22.21.00,14742
East_Inner_Mongolia,2050.10.22.22.00,14300
East_Inner_Mongolia,2050.10.22.23.00,13198
Fujian,2030.01.28.00.00,42160
Fujian,2030.01.28.01.00,41871
Fujian,2030.01.28.02.00,40633
Fujian,2030.01.28.03.00,39402
Fujian,2030.01.28.04.00,38334
Fujian,2030.01.28.05.00,37700
Fujian,2030.01.28.06.00,38355
Fujian,2030.01.28.07.00,38427
Fujian,2030.01.28.08.00,40617
Fujian,2030.01.28.09.00,44279
Fujian,2030.01.28.10.00,47480
Fujian,2030.01.28.11.00,49794
Fujian,2030.01.28.12.00,48028
Fujian,2030.01.28.13.00,47697
Fujian,2030.01.28.14.00,48733
Fujian,2030.01.28.15.00,48662
Fujian,2030.01.28.16.00,48887
Fujian,2030.01.28.17.00,48819
Fujian,2030.01.28.18.00,47428
Fujian,2030.01.28.19.00,46765
Fujian,2030.01.28.20.00,47123
Fujian,2030.01.28.21.00,47538
Fujian,2030.01.28.22.00,47955
Fujian,2030.01.28.23.00,46695
Fujian,2030.04.15.00.00,43190
Fujian,2030.04.15.01.00,42894
Fujian,2030.04.15.02.00,41626
Fujian,2030.04.15.03.00,40364
Fujian,2030.04.15.04.00,39270
Fujian,2030.04.15.05.00,38622
Fujian,2030.04.15.06.00,39292
Fujian,2030.04.15.07.00,39367
Fujian,2030.04.15.08.00,41611
Fujian,2030.04.15.09.00,45361
Fujian,2030.04.15.10.00,48641
Fujian,2030.04.15.11.00,51011
Fujian,2030.04.15.12.00,49202
Fujian,2030.04.15.13.00,48863
Fujian,2030.04.15.14.00,49924
Fujian,2030.04.15.15.00,49851
Fujian,2030.04.15.16.00,50082
Fujian,2030.04.15.17.00,50013
Fujian,2030.04.15.18.00,48588
Fujian,2030.04.15.19.00,47908
Fujian,2030.04.15.20.00,48276
Fujian,2030.04.15.21.00,48700
Fujian,2030.04.15.22.00,49127
Fujian,2030.04.15.23.00,47836
Fujian,2030.07.01.00.00,51585
Fujian,2030.07.01.01.00,51233
Fujian,2030.07.01.02.00,49717
Fujian,2030.07.01.03.00,48210
Fujian,2030.07.01.04.00,46904
Fujian,2030.07.01.05.00,46130
Fujian,2030.07.01.06.00,46930
Fujian,2030.07.01.07.00,47019
Fujian,2030.07.01.08.00,49698
Fujian,2030.07.01.09.00,54179
Fujian,2030.07.01.10.00,58096
Fujian,2030.07.01.11.00,60928
Fujian,2030.07.01.12.00,58765
Fujian,2030.07.01.13.00,58360
Fujian,2030.07.01.14.00,59628
Fujian,2030.07.01.15.00,59541
Fujian,2030.07.01.16.00,59817
Fujian,2030.07.01.17.00,59734
Fujian,2030.07.01.18.00,58032
Fujian,2030.07.01.19.00,57221
Fujian,2030.07.01.20.00,57659
Fujian,2030.07.01.21.00,58167
Fujian,2030.07.01.22.00,58678
Fujian,2030.07.01.23.00,57134
Fujian,2030.10.31.00.00,43197
Fujian,2030.10.31.01.00,42901
Fujian,2030.10.31.02.00,41633
Fujian,2030.10.31.03.00,40371
Fujian,2030.10.31.04.00,39277
Fujian,2030.10.31.05.00,38628
Fujian,2030.10.31.06.00,39299
Fujian,2030.10.31.07.00,39374
Fujian,2030.10.31.08.00,41617
Fujian,2030.10.31.09.00,45370
Fujian,2030.10.31.10.00,48649
Fujian,2030.10.31.11.00,51020
Fujian,2030.10.31.12.00,49210
Fujian,2030.10.31.13.00,48871
Fujian,2030.10.31.14.00,49932
Fujian,2030.10.31.15.00,49860
Fujian,2030.10.31.16.00,50090
Fujian,2030.10.31.17.00,50021
Fujian,2030.10.31.18.00,48596
Fujian,2030.10.31.19.00,47917
Fujian,2030.10.31.20.00,48283
Fujian,2030.10.31.21.00,48708
Fujian,2030.10.31.22.00,49135
Fujian,2030.10.31.23.00,47844
Fujian,2040.01.02.00.00,52465
Fujian,2040.01.02.01.00,52107
Fujian,2040.01.02.02.00,50565
Fujian,2040.01.02.03.00,49032
Fujian,2040.01.02.04.00,47704
Fujian,2040.01.02.05.00,46916
Fujian,2040.01.02.06.00,47730
Fujian,2040.01.02.07.00,47822
Fujian,2040.01.02.08.00,50547
Fujian,2040.01.02.09.00,55103
Fujian,2040.01.02.10.00,59087
Fujian,2040.01.02.11.00,61967
Fujian,2040.01.02.12.00,59768
Fujian,2040.01.02.13.00,59356
Fujian,2040.01.02.14.00,60645
Fujian,2040.01.02.15.00,60557
Fujian,2040.01.02.16.00,60837
Fujian,2040.01.02.17.00,60753
Fujian,2040.01.02.18.00,59022
Fujian,2040.01.02.19.00,58197
Fujian,2040.01.02.20.00,58643
Fujian,2040.01.02.21.00,59159
Fujian,2040.01.02.22.00,59678
Fujian,2040.01.02.23.00,58109
Fujian,2040.04.19.00.00,51348
Fujian,2040.04.19.01.00,50997
Fujian,2040.04.19.02.00,49489
Fujian,2040.04.19.03.00,47989
Fujian,2040.04.19.04.00,46688
Fujian,2040.04.19.05.00,45917
Fujian,2040.04.19.06.00,46714
Fujian,2040.04.19.07.00,46804
Fujian,2040.04.19.08.00,49471
Fujian,2040.04.19.09.00,53930
Fujian,2040.04.19.10.00,57829
Fujian,2040.04.19.11.00,60648
Fujian,2040.04.19.12.00,58496
Fujian,2040.04.19.13.00,58093
Fujian,2040.04.19.14.00,59354
Fujian,2040.04.19.15.00,59268
Fujian,2040.04.19.16.00,59541
Fujian,2040.04.19.17.00,59460
Fujian,2040.04.19.18.00,57766
Fujian,2040.04.19.19.00,56959
Fujian,2040.04.19.20.00,57394
Fujian,2040.04.19.21.00,57899
Fujian,2040.04.19.22.00,58408
Fujian,2040.04.19.23.00,56872
Fujian,2040.07.24.00.00,56614
Fujian,2040.07.24.01.00,56228
Fujian,2040.07.24.02.00,54565
Fujian,2040.07.24.03.00,52910
Fujian,2040.07.24.04.00,51476
Fujian,2040.07.24.05.00,50627
Fujian,2040.07.24.06.00,51505
Fujian,2040.07.24.07.00,51604
Fujian,2040.07.24.08.00,54545
Fujian,2040.07.24.09.00,59462
Fujian,2040.07.24.10.00,63760
Fujian,2040.07.24.11.00,66867
Fujian,2040.07.24.12.00,64495
Fujian,2040.07.24.13.00,64051
Fujian,2040.07.24.14.00,65441
Fujian,2040.07.24.15.00,65347
Fujian,2040.07.24.16.00,65648
Fujian,2040.07.24.17.00,65557
Fujian,2040.07.24.18.00,63690
Fujian,2040.07.24.19.00,62800
Fujian,2040.07.24.20.00,63281
Fujian,2040.07.24.21.00,63838
Fujian,2040.07.24.22.00,64398
Fujian,2040.07.24.23.00,62706
Fujian,2040.10.13.00.00,50846
Fujian,2040.10.13.01.00,50499
Fujian,2040.10.13.02.00,49006
Fujian,2040.10.13.03.00,47520
Fujian,2040.10.13.04.00,46233
Fujian,2040.10.13.05.00,45469
Fujian,2040.10.13.06.00,46258
Fujian,2040.10.13.07.00,46346
Fujian,2040.10.13.08.00,48988
Fujian,2040.10.13.09.00,53404
Fujian,2040.10.13.10.00,57264
Fujian,2040.10.13.11.00,60055
Fujian,2040.10.13.12.00,57924
Fujian,2040.10.13.13.00,57525
Fujian,2040.10.13.14.00,58774
Fujian,2040.10.13.15.00,58689
Fujian,2040.10.13.16.00,58960
Fujian,2040.10.13.17.00,58878
Fujian,2040.10.13.18.00,57201
Fujian,2040.10.13.19.00,56402
Fujian,2040.10.13.20.00,56833
Fujian,2040.10.13.21.00,57333
Fujian,2040.10.13.22.00,57837
Fujian,2040.10.13.23.00,56316
Fujian,2050.01.04.00.00,53790
Fujian,2050.01.04.01.00,53421
Fujian,2050.01.04.02.00,51842
Fujian,2050.01.04.03.00,50271
Fujian,2050.01.04.04.00,48908
Fujian,2050.01.04.05.00,48100
Fujian,2050.01.04.06.00,48936
Fujian,2050.01.04.07.00,49028
Fujian,2050.01.04.08.00,51822
Fujian,2050.01.04.09.00,56495
Fujian,2050.01.04.10.00,60579
Fujian,2050.01.04.11.00,63531
Fujian,2050.01.04.12.00,61277
Fujian,2050.01.04.13.00,60854
Fujian,2050.01.04.14.00,62176
Fujian,2050.01.04.15.00,62086
Fujian,2050.01.04.16.00,62372
Fujian,2050.01.04.17.00,62286
Fujian,2050.01.04.18.00,60512
Fujian,2050.01.04.19.00,59666
Fujian,2050.01.04.20.00,60123
Fujian,2050.01.04.21.00,60652
Fujian,2050.01.04.22.00,61185
Fujian,2050.01.04.23.00,59576
Fujian,2050.04.29.00.00,53322
Fujian,2050.04.29.01.00,52956
Fujian,2050.04.29.02.00,51391
Fujian,2050.04.29.03.00,49833
Fujian,2050.04.29.04.00,48483
Fujian,2050.04.29.05.00,47682
Fujian,2050.04.29.06.00,48509
Fujian,2050.04.29.07.00,48602
Fujian,2050.04.29.08.00,51371
Fujian,2050.04.29.09.00,56003
Fujian,2050.04.29.10.00,60051
Fujian,2050.04.29.11.00,62978
Fujian,2050.04.29.12.00,60743
Fujian,2050.04.29.13.00,60325
Fujian,2050.04.29.14.00,61635
Fujian,2050.04.29.15.00,61546
Fujian,2050.04.29.16.00,61829
Fujian,2050.04.29.17.00,61745
Fujian,2050.04.29.18.00,59985
Fujian,2050.04.29.19.00,59147
Fujian,2050.04.29.20.00,59600
Fujian,2050.04.29.21.00,60124
Fujian,2050.04.29.22.00,60652
Fujian,2050.04.29.23.00,59057
Fujian,2050.07.23.00.00,63538
Fujian,2050.07.23.01.00,63103
Fujian,2050.07.23.02.00,61237
Fujian,2050.07.23.03.00,59380
Fujian,2050.07.23.04.00,57772
Fujian,2050.07.23.05.00,56817
Fujian,2050.07.23.06.00,57803
Fujian,2050.07.23.07.00,57914
Fujian,2050.07.23.08.00,61214
Fujian,2050.07.23.09.00,66732
Fujian,2050.07.23.10.00,71557
Fujian,2050.07.23.11.00,75044
Fujian,2050.07.23.12.00,72381
Fujian,2050.07.23.13.00,71883
Fujian,2050.07.23.14.00,73444
Fujian,2050.07.23.15.00,73338
Fujian,2050.07.23.16.00,73676
Fujian,2050.07.23.17.00,73575
Fujian,2050.07.23.18.00,71478
Fujian,2050.07.23.19.00,70479
Fujian,2050.07.23.20.00,71019
Fujian,2050.07.23.21.00,71644
Fujian,2050.07.23.22.00,72273
Fujian,2050.07.23.23.00,70373
Fujian,2050.10.22.00.00,54959
Fujian,2050.10.22.01.00,54583
Fujian,2050.10.22.02.00,52969
Fujian,2050.10.22.03.00,51363
Fujian,2050.10.22.04.00,49972
Fujian,2050.10.22.05.00,49147
Fujian,2050.10.22.06.00,49999
Fujian,2050.10.22.07.00,50094
Fujian,2050.10.22.08.00,52949
Fujian,2050.10.22.09.00,57723
Fujian,2050.10.22.10.00,61896
Fujian,2050.10.22.11.00,64912
Fujian,2050.10.22.12.00,62609
Fujian,2050.10.22.13.00,62178
Fujian,2050.10.22.14.00,63528
Fujian,2050.10.22.15.00,63436
Fujian,2050.10.22.16.00,63729
Fujian,2050.10.22.17.00,63641
Fujian,2050.10.22.18.00,61827
Fujian,2050.10.22.19.00,60963
Fujian,2050.10.22.20.00,61431
Fujian,2050.10.22.21.00,61971
Fujian,2050.10.22.22.00,62515
Fujian,2050.10.22.23.00,60872
Gansu,2030.01.28.00.00,19985
Gansu,2030.01.28.01.00,19331
Gansu,2030.01.28.02.00,19289
Gansu,2030.01.28.03.00,19269
Gansu,2030.01.28.04.00,19058
Gansu,2030.01.28.05.00,18811
Gansu,2030.01.28.06.00,19481
Gansu,2030.01.28.07.00,20733
Gansu,2030.01.28.08.00,20758
Gansu,2030.01.28.09.00,20955
Gansu,2030.01.28.10.00,21236
Gansu,2030.01.28.11.00,21622
Gansu,2030.01.28.12.00,22317
Gansu,2030.01.28.13.00,21480
Gansu,2030.01.28.14.00,21238
Gansu,2030.01.28.15.00,21152
Gansu,2030.01.28.16.00,21290
Gansu,2030.01.28.17.00,22346
Gansu,2030.01.28.18.00,22758
Gansu,2030.01.28.19.00,22326
Gansu,2030.01.28.20.00,21892
Gansu,2030.01.28.21.00,22137
Gansu,2030.01.28.22.00,21340
Gansu,2030.01.28.23.00,21039
Gansu,2030.04.15.00.00,19183
Gansu,2030.04.15.01.00,18556
Gansu,2030.04.15.02.00,18515
Gansu,2030.04.15.03.00,18496
Gansu,2030.04.15.04.00,18293
Gansu,2030.04.15.05.00,18056
Gansu,2030.04.15.06.00,18700
Gansu,2030.04.15.07.00,19901
Gansu,2030.04.15.08.00,19925
Gansu,2030.04.15.09.00,20114
Gansu,2030.04.15.10.00,20385
Gansu,2030.04.15.11.00,20755
Gansu,2030.04.15.12.00,21421
Gansu,2030.04.15.13.00,20618
Gansu,2030.04.15.14.00,20387
Gansu,2030.04.15.15.00,20303
Gansu,2030.04.15.16.00,20437
Gansu,2030.04.15.17.00,21450
Gansu,2030.04.15.18.00,21844
Gansu,2030.04.15.19.00,21430
Gansu,2030.04.15.20.00,21014
Gansu,2030.04.15.21.00,21249
Gansu,2030.04.15.22.00,20485
Gansu,2030.04.15.23.00,20195
Gansu,2030.07.01.00.00,21945
Gansu,2030.07.01.01.00,21228
Gansu,2030.07.01.02.00,21182
Gansu,2030.07.01.03.00,21160
Gansu,2030.07.01.04.00,20927
Gansu,2030.07.01.05.00,20657
Gansu,2030.07.01.06.00,21393
Gansu,2030.07.01.07.00,22767
Gansu,2030.07.01.08.00,22794
Gansu,2030.07.01.09.00,23011
Gansu,2030.07.01.10.00,23320
Gansu,2030.07.01.11.00,23744
Gansu,2030.07.01.12.00,24506
Gansu,2030.07.01.13.00,23589
Gansu,2030.07.01.14.00,23323
Gansu,2030.07.01.15.00,23226
Gansu,2030.07.01.16.00,23380
Gansu,2030.07.01.17.00,24539
Gansu,2030.07.01.18.00,24991
Gansu,2030.07.01.19.00,24517
Gansu,2030.07.01.20.00,24040
Gansu,2030.07.01.21.00,24310
Gansu,2030.07.01.22.00,23435
Gansu,2030.07.01.23.00,23103
Gansu,2030.10.31.00.00,22072
Gansu,2030.10.31.01.00,21351
Gansu,2030.10.31.02.00,21304
Gansu,2030.10.31.03.00,21281
Gansu,2030.10.31.04.00,21048
Gansu,2030.10.31.05.00,20775
Gansu,2030.10.31.06.00,21516
Gansu,2030.10.31.07.00,22898
Gansu,2030.10.31.08.00,22926
Gansu,2030.10.31.09.00,23144
Gansu,2030.10.31.10.00,23454
Gansu,2030.10.31.11.00,23880
Gansu,2030.10.31.12.00,24647
Gansu,2030.10.31.13.00,23724
Gansu,2030.10.31.14.00,23457
Gansu,2030.10.31.15.00,23360
Gansu,2030.10.31.16.00,23514
Gansu,2030.10.31.17.00,24681
Gansu,2030.10.31.18.00,25135
Gansu,2030.10.31.19.00,24657
Gansu,2030.10.31.20.00,24178
Gansu,2030.10.31.21.00,24449
Gansu,2030.10.31.22.00,23569
Gansu,2030.10.31.23.00,23236
Gansu,2040.01.02.00.00,26995
Gansu,2040.01.02.01.00,26113
Gansu,2040.01.02.02.00,26056
Gansu,2040.01.02.03.00,26028
Gansu,2040.01.02.04.00,25743
Gansu,2040.01.02.05.00,25409
Gansu,2040.01.02.06.00,26315
Gansu,2040.01.02.07.00,28006
Gansu,2040.01.02.08.00,28039
Gansu,2040.01.02.09.00,28306
Gansu,2040.01.02.10.00,28685
Gansu,2040.01.02.11.00,29207
Gansu,2040.01.02.12.00,30144
Gansu,2040.01.02.13.00,29016
Gansu,2040.01.02.14.00,28690
Gansu,2040.01.02.15.00,28571
Gansu,2040.01.02.16.00,28759
Gansu,2040.01.02.17.00,30186
Gansu,2040.01.02.18.00,30741
Gansu,2040.01.02.19.00,30158
Gansu,2040.01.02.20.00,29572
Gansu,2040.01.02.21.00,29902
Gansu,2040.01.02.22.00,28826
Gansu,2040.01.02.23.00,28419
Gansu,2040.04.19.00.00,22978
Gansu,2040.04.19.01.00,22226
Gansu,2040.04.19.02.00,22178
Gansu,2040.04.19.03.00,22154
Gansu,2040.04.19.04.00,21911
Gansu,2040.04.19.05.00,21628
Gansu,2040.04.19.06.00,22398
Gansu,2040.04.19.07.00,23837
Gansu,2040.04.19.08.00,23866
Gansu,2040.04.19.09.00,24092
Gansu,2040.04.19.10.00,24417
Gansu,2040.04.19.11.00,24859
Gansu,2040.04.19.12.00,25658
Gansu,2040.04.19.13.00,24697
Gansu,2040.04.19.14.00,24420
Gansu,2040.04.19.15.00,24319
Gansu,2040.04.19.16.00,24479
Gansu,2040.04.19.17.00,25693
Gansu,2040.04.19.18.00,26166
Gansu,2040.04.19.19.00,25669
Gansu,2040.04.19.20.00,25171
Gansu,2040.04.19.21.00,25452
Gansu,2040.04.19.22.00,24536
Gansu,2040.04.19.23.00,24189
Gansu,2040.07.24.00.00,22647
Gansu,2040.07.24.01.00,21908
Gansu,2040.07.24.02.00,21860
Gansu,2040.07.24.03.00,21836
Gansu,2040.07.24.04.00,21596
Gansu,2040.07.24.05.00,21317
Gansu,2040.07.24.06.00,22077
Gansu,2040.07.24.07.00,23496
Gansu,2040.07.24.08.00,23523
Gansu,2040.07.24.09.00,23747
Gansu,2040.07.24.10.00,24066
Gansu,2040.07.24.11.00,24503
Gansu,2040.07.24.12.00,25290
Gansu,2040.07.24.13.00,24342
Gansu,2040.07.24.14.00,24069
Gansu,2040.07.24.15.00,23970
Gansu,2040.07.24.16.00,24128
Gansu,2040.07.24.17.00,25325
Gansu,2040.07.24.18.00,25791
Gansu,2040.07.24.19.00,25301
Gansu,2040.07.24.20.00,24809
Gansu,2040.07.24.21.00,25087
Gansu,2040.07.24.22.00,24184
Gansu,2040.07.24.23.00,23841
Gansu,2040.10.13.00.00,24276
Gansu,2040.10.13.01.00,23482
Gansu,2040.10.13.02.00,23431
Gansu,2040.10.13.03.00,23407
Gansu,2040.10.13.04.00,23150
Gansu,2040.10.13.05.00,22850
Gansu,2040.10.13.06.00,23665
Gansu,2040.10.13.07.00,25185
Gansu,2040.10.13.08.00,25214
Gansu,2040.10.13.09.00,25454
Gansu,2040.10.13.10.00,25796
Gansu,2040.10.13.11.00,26265
Gansu,2040.10.13.12.00,27109
Gansu,2040.10.13.13.00,26093
Gansu,2040.10.13.14.00,25800
Gansu,2040.10.13.15.00,25693
Gansu,2040.10.13.16.00,25862
Gansu,2040.10.13.17.00,27145
Gansu,2040.10.13.18.00,27645
Gansu,2040.10.13.19.00,27120
Gansu,2040.10.13.20.00,26593
Gansu,2040.10.13.21.00,26891
Gansu,2040.10.13.22.00,25923
Gansu,2040.10.13.23.00,25556
Gansu,2050.01.04.00.00,27044
Gansu,2050.01.04.01.00,26161
Gansu,2050.01.04.02.00,26104
Gansu,2050.01.04.03.00,26076
Gansu,2050.01.04.04.00,25790
Gansu,2050.01.04.05.00,25456
Gansu,2050.01.04.06.00,26364
Gansu,2050.01.04.07.00,28057
Gansu,2050.01.04.08.00,28091
Gansu,2050.01.04.09.00,28357
Gansu,2050.01.04.10.00,28739
Gansu,2050.01.04.11.00,29261
Gansu,2050.01.04.12.00,30200
Gansu,2050.01.04.13.00,29069
Gansu,2050.01.04.14.00,28742
Gansu,2050.01.04.15.00,28623
Gansu,2050.01.04.16.00,28812
Gansu,2050.01.04.17.00,30241
Gansu,2050.01.04.18.00,30798
Gansu,2050.01.04.19.00,30213
Gansu,2050.01.04.20.00,29626
Gansu,2050.01.04.21.00,29957
Gansu,2050.01.04.22.00,28879
Gansu,2050.01.04.23.00,28471
Gansu,2050.04.29.00.00,24289
Gansu,2050.04.29.01.00,23496
Gansu,2050.04.29.02.00,23445
Gansu,2050.04.29.03.00,23419
Gansu,2050.04.29.04.00,23162
Gansu,2050.04.29.05.00,22863
Gansu,2050.04.29.06.00,23677
Gansu,2050.04.29.07.00,25199
Gansu,2050.04.29.08.00,25229
Gansu,2050.04.29.09.00,25468
Gansu,2050.04.29.10.00,25811
Gansu,2050.04.29.11.00,26279
Gansu,2050.04.29.12.00,27123
Gansu,2050.04.29.13.00,26108
Gansu,2050.04.29.14.00,25814
Gansu,2050.04.29.15.00,25707
Gansu,2050.04.29.16.00,25877
Gansu,2050.04.29.17.00,27161
Gansu,2050.04.29.18.00,27660
Gansu,2050.04.29.19.00,27135
Gansu,2050.04.29.20.00,26608
Gansu,2050.04.29.21.00,26906
Gansu,2050.04.29.22.00,25938
Gansu,2050.04.29.23.00,25570
Gansu,2050.07.23.00.00,26012
Gansu,2050.07.23.01.00,25161
Gansu,2050.07.23.02.00,25107
Gansu,2050.07.23.03.00,25081
Gansu,2050.07.23.04.00,24805
Gansu,2050.07.23.05.00,24484
Gansu,2050.07.23.06.00,25357
Gansu,2050.07.23.07.00,26986
Gansu,2050.07.23.08.00,27018
Gansu,2050.07.23.09.00,27275
Gansu,2050.07.23.10.00,27641
Gansu,2050.07.23.11.00,28144
Gansu,2050.07.23.12.00,29047
Gansu,2050.07.23.13.00,27959
Gansu,2050.07.23.14.00,27645
Gansu,2050.07.23.15.00,27531
Gansu,2050.07.23.16.00,27712
Gansu,2050.07.23.17.00,29086
Gansu,2050.07.23.18.00,29622
Gansu,2050.07.23.19.00,29060
Gansu,2050.07.23.20.00,28495
Gansu,2050.07.23.21.00,28814
Gansu,2050.07.23.22.00,27777
Gansu,2050.07.23.23.00,27384
Gansu,2050.10.22.00.00,27870
Gansu,2050.10.22.01.00,26959
Gansu,2050.10.22.02.00,26900
Gansu,2050.10.22.03.00,26872
Gansu,2050.10.22.04.00,26577
Gansu,2050.10.22.05.00,26233
Gansu,2050.10.22.06.00,27169
Gansu,2050.10.22.07.00,28914
Gansu,2050.10.22.08.00,28948
Gansu,2050.10.22.09.00,29223
Gansu,2050.10.22.10.00,29616
Gansu,2050.10.22.11.00,30153
Gansu,2050.10.22.12.00,31121
Gansu,2050.10.22.13.00,29956
Gansu,2050.10.22.14.00,29620
Gansu,2050.10.22.15.00,29497
Gansu,2050.10.22.16.00,29691
Gansu,2050.10.22.17.00,31164
Gansu,2050.10.22.18.00,31737
Gansu,2050.10.22.19.00,31136
Gansu,2050.10.22.20.00,30531
Gansu,2050.10.22.21.00,30872
Gansu,2050.10.22.22.00,29762
Gansu,2050.10.22.23.00,29340
Guangdong,2030.01.28.00.00,103170
Guangdong,2030.01.28.01.00,99659
Guangdong,2030.01.28.02.00,95763
Guangdong,2030.01.28.03.00,92073
Guangdong,2030.01.28.04.00,88896
Guangdong,2030.01.28.05.00,86533
Guangdong,2030.01.28.06.00,85345
Guangdong,2030.01.28.07.00,86868
Guangdong,2030.01.28.08.00,98109
Guangdong,2030.01.28.09.00,115516
Guangdong,2030.01.28.10.00,121564
Guangdong,2030.01.28.11.00,125403
Guangdong,2030.01.28.12.00,116303
Guangdong,2030.01.28.13.00,114569
Guangdong,2030.01.28.14.00,124476
Guangdong,2030.01.28.15.00,126959
Guangdong,2030.01.28.16.00,126896
Guangdong,2030.01.28.17.00,125802
Guangdong,2030.01.28.18.00,113924
Guangdong,2030.01.28.19.00,114226
Guangdong,2030.01.28.20.00,115428
Guangdong,2030.01.28.21.00,114984
Guangdong,2030.01.28.22.00,113747
Guangdong,2030.01.28.23.00,111546
Guangdong,2030.04.15.00.00,121972
Guangdong,2030.04.15.01.00,117820
Guangdong,2030.04.15.02.00,113214
Guangdong,2030.04.15.03.00,108852
Guangdong,2030.04.15.04.00,105097
Guangdong,2030.04.15.05.00,102302
Guangdong,2030.04.15.06.00,100898
Guangdong,2030.04.15.07.00,102699
Guangdong,2030.04.15.08.00,115987
Guangdong,2030.04.15.09.00,136567
Guangdong,2030.04.15.10.00,143717
Guangdong,2030.04.15.11.00,148255
Guangdong,2030.04.15.12.00,137498
Guangdong,2030.04.15.13.00,135448
Guangdong,2030.04.15.14.00,147159
Guangdong,2030.04.15.15.00,150095
Guangdong,2030.04.15.16.00,150021
Guangdong,2030.04.15.17.00,148727
Guangdong,2030.04.15.18.00,134685
Guangdong,2030.04.15.19.00,135041
Guangdong,2030.04.15.20.00,136463
Guangdong,2030.04.15.21.00,135937
Guangdong,2030.04.15.22.00,134476
Guangdong,2030.04.15.23.00,131873
Guangdong,2030.07.01.00.00,146296
Guangdong,2030.07.01.01.00,141317
Guangdong,2030.07.01.02.00,135792
Guangdong,2030.07.01.03.00,130560
Guangdong,2030.07.01.04.00,126056
Guangdong,2030.07.01.05.00,122704
Guangdong,2030.07.01.06.00,121020
Guangdong,2030.07.01.07.00,123180
Guangdong,2030.07.01.08.00,139120
Guangdong,2030.07.01.09.00,163802
Guangdong,2030.07.01.10.00,172379
Guangdong,2030.07.01.11.00,177822
Guangdong,2030.07.01.12.00,164919
Guangdong,2030.07.01.13.00,162461
Guangdong,2030.07.01.14.00,176508
Guangdong,2030.07.01.15.00,180029
Guangdong,2030.07.01.16.00,179939
Guangdong,2030.07.01.17.00,178389
Guangdong,2030.07.01.18.00,161546
Guangdong,2030.07.01.19.00,161973
Guangdong,2030.07.01.20.00,163678
Guangdong,2030.07.01.21.00,163048
Guangdong,2030.07.01.22.00,161295
Guangdong,2030.07.01.23.00,158172
Guangdong,2030.10.31.00.00,114351
Guangdong,2030.10.31.01.00,110460
Guangdong,2030.10.31.02.00,106140
Guangdong,2030.10.31.03.00,102051
Guangdong,2030.10.31.04.00,98531
Guangdong,2030.10.31.05.00,95911
Guangdong,2030.10.31.06.00,94595
Guangdong,2030.10.31.07.00,96283
Guangdong,2030.10.31.08.00,108741
Guangdong,2030.10.31.09.00,128034
Guangdong,2030.10.31.10.00,134738
Guangdong,2030.10.31.11.00,138992
Guangdong,2030.10.31.12.00,128908
Guangdong,2030.10.31.13.00,126986
Guangdong,2030.10.31.14.00,137966
Guangdong,2030.10.31.15.00,140718
Guangdong,2030.10.31.16.00,140648
Guangdong,2030.10.31.17.00,139436
Guangdong,2030.10.31.18.00,126271
Guangdong,2030.10.31.19.00,126604
Guangdong,2030.10.31.20.00,127938
Guangdong,2030.10.31.21.00,127445
Guangdong,2030.10.31.22.00,126074
Guangdong,2030.10.31.23.00,123634
Guangdong,2040.01.02.00.00,107585
Guangdong,2040.01.02.01.00,103923
Guangdong,2040.01.02.02.00,99859
Guangdong,2040.01.02.03.00,96013
Guangdong,2040.01.02.04.00,92700
Guangdong,2040.01.02.05.00,90235
Guangdong,2040.01.02.06.00,88997
Guangdong,2040.01.02.07.00,90585
Guangdong,2040.01.02.08.00,102306
Guangdong,2040.01.02.09.00,120458
Guangdong,2040.01.02.10.00,126765
Guangdong,2040.01.02.11.00,130768
Guangdong,2040.01.02.12.00,121279
Guangdong,2040.01.02.13.00,119471
Guangdong,2040.01.02.14.00,129801
Guangdong,2040.01.02.15.00,132391
Guangdong,2040.01.02.16.00,132325
Guangdong,2040.01.02.17.00,131184
Guangdong,2040.01.02.18.00,118798
Guangdong,2040.01.02.19.00,119113
Guangdong,2040.01.02.20.00,120366
Guangdong,2040.01.02.21.00,119903
Guangdong,2040.01.02.22.00,118614
Guangdong,2040.01.02.23.00,116318
Guangdong,2040.04.19.00.00,138069
Guangdong,2040.04.19.01.00,133371
Guangdong,2040.04.19.02.00,128156
Guangdong,2040.04.19.03.00,123219
Guangdong,2040.04.19.04.00,118968
Guangdong,2040.04.19.05.00,115805
Guangdong,2040.04.19.06.00,114216
Guangdong,2040.04.19.07.00,116253
Guangdong,2040.04.19.08.00,131296
Guangdong,2040.04.19.09.00,154591
Guangdong,2040.04.19.10.00,162685
Guangdong,2040.04.19.11.00,167823
Guangdong,2040.04.19.12.00,155645
Guangdong,2040.04.19.13.00,153324
Guangdong,2040.04.19.14.00,166582
Guangdong,2040.04.19.15.00,169905
Guangdong,2040.04.19.16.00,169821
Guangdong,2040.04.19.17.00,168357
Guangdong,2040.04.19.18.00,152461
Guangdong,2040.04.19.19.00,152864
Guangdong,2040.04.19.20.00,154474
Guangdong,2040.04.19.21.00,153879
Guangdong,2040.04.19.22.00,152225
Guangdong,2040.04.19.23.00,149279
Guangdong,2040.07.24.00.00,162866
Guangdong,2040.07.24.01.00,157324
Guangdong,2040.07.24.02.00,151172
Guangdong,2040.07.24.03.00,145348
Guangdong,2040.07.24.04.00,140334
Guangdong,2040.07.24.05.00,136602
Guangdong,2040.07.24.06.00,134728
Guangdong,2040.07.24.07.00,137133
Guangdong,2040.07.24.08.00,154877
Guangdong,2040.07.24.09.00,182355
Guangdong,2040.07.24.10.00,191903
Guangdong,2040.07.24.11.00,197963
Guangdong,2040.07.24.12.00,183598
Guangdong,2040.07.24.13.00,180861
Guangdong,2040.07.24.14.00,196500
Guangdong,2040.07.24.15.00,200420
Guangdong,2040.07.24.16.00,200320
Guangdong,2040.07.24.17.00,198593
Guangdong,2040.07.24.18.00,179842
Guangdong,2040.07.24.19.00,180319
Guangdong,2040.07.24.20.00,182217
Guangdong,2040.07.24.21.00,181515
Guangdong,2040.07.24.22.00,179563
Guangdong,2040.07.24.23.00,176089
Guangdong,2040.10.13.00.00,144229
Guangdong,2040.10.13.01.00,139321
Guangdong,2040.10.13.02.00,133873
Guangdong,2040.10.13.03.00,128716
Guangdong,2040.10.13.04.00,124275
Guangdong,2040.10.13.05.00,120971
Guangdong,2040.10.13.06.00,119310
Guangdong,2040.10.13.07.00,121440
Guangdong,2040.10.13.08.00,137154
Guangdong,2040.10.13.09.00,161488
Guangdong,2040.10.13.10.00,169943
Guangdong,2040.10.13.11.00,175309
Guangdong,2040.10.13.12.00,162589
Guangdong,2040.10.13.13.00,160166
Guangdong,2040.10.13.14.00,174015
Guangdong,2040.10.13.15.00,177486
Guangdong,2040.10.13.16.00,177397
Guangdong,2040.10.13.17.00,175868
Guangdong,2040.10.13.18.00,159263
Guangdong,2040.10.13.19.00,159685
Guangdong,2040.10.13.20.00,161366
Guangdong,2040.10.13.21.00,160745
Guangdong,2040.10.13.22.00,159016
Guangdong,2040.10.13.23.00,155939
Guangdong,2050.01.04.00.00,141654
Guangdong,2050.01.04.01.00,136833
Guangdong,2050.01.04.02.00,131482
Guangdong,2050.01.04.03.00,126417
Guangdong,2050.01.04.04.00,122055
Guangdong,2050.01.04.05.00,118811
Guangdong,2050.01.04.06.00,117180
Guangdong,2050.01.04.07.00,119272
Guangdong,2050.01.04.08.00,134704
Guangdong,2050.01.04.09.00,158604
Guangdong,2050.01.04.10.00,166909
Guangdong,2050.01.04.11.00,172179
Guangdong,2050.01.04.12.00,159685
Guangdong,2050.01.04.13.00,157304
Guangdong,2050.01.04.14.00,170907
Guangdong,2050.01.04.15.00,174316
Guangdong,2050.01.04.16.00,174229
Guangdong,2050.01.04.17.00,172728
Guangdong,2050.01.04.18.00,156419
Guangdong,2050.01.04.19.00,156833
Guangdong,2050.01.04.20.00,158484
Guangdong,2050.01.04.21.00,157874
Guangdong,2050.01.04.22.00,156176
Guangdong,2050.01.04.23.00,153153
Guangdong,2050.04.29.00.00,148597
Guangdong,2050.04.29.01.00,143540
Guangdong,2050.04.29.02.00,137927
Guangdong,2050.04.29.03.00,132613
Guangdong,2050.04.29.04.00,128039
Guangdong,2050.04.29.05.00,124634
Guangdong,2050.04.29.06.00,122923
Guangdong,2050.04.29.07.00,125117
Guangdong,2050.04.29.08.00,141308
Guangdong,2050.04.29.09.00,166378
Guangdong,2050.04.29.10.00,175089
Guangdong,2050.04.29.11.00,180619
Guangdong,2050.04.29.12.00,167513
Guangdong,2050.04.29.13.00,165015
Guangdong,2050.04.29.14.00,179284
Guangdong,2050.04.29.15.00,182861
Guangdong,2050.04.29.16.00,182769
Guangdong,2050.04.29.17.00,181194
Guangdong,2050.04.29.18.00,164085
Guangdong,2050.04.29.19.00,164520
Guangdong,2050.04.29.20.00,166252
Guangdong,2050.04.29.21.00,165612
Guangdong,2050.04.29.22.00,163831
Guangdong,2050.04.29.23.00,160660
Guangdong,2050.07.23.00.00,173166
Guangdong,2050.07.23.01.00,167274
Guangdong,2050.07.23.02.00,160733
Guangdong,2050.07.23.03.00,154541
Guangdong,2050.07.23.04.00,149209
Guangdong,2050.07.23.05.00,145242
Guangdong,2050.07.23.06.00,143249
Guangdong,2050.07.23.07.00,145806
Guangdong,2050.07.23.08.00,164672
Guangdong,2050.07.23.09.00,193888
Guangdong,2050.07.23.10.00,204040
Guangdong,2050.07.23.11.00,210483
Guangdong,2050.07.23.12.00,195211
Guangdong,2050.07.23.13.00,192300
Guangdong,2050.07.23.14.00,208928
Guangdong,2050.07.23.15.00,213095
Guangdong,2050.07.23.16.00,212989
Guangdong,2050.07.23.17.00,211153
Guangdong,2050.07.23.18.00,191217
Guangdong,2050.07.23.19.00,191723
Guangdong,2050.07.23.20.00,193741
Guangdong,2050.07.23.21.00,192995
Guangdong,2050.07.23.22.00,190920
Guangdong,2050.07.23.23.00,187225
Guangdong,2050.10.22.00.00,147283
Guangdong,2050.10.22.01.00,142271
Guangdong,2050.10.22.02.00,136709
Guangdong,2050.10.22.03.00,131441
Guangdong,2050.10.22.04.00,126906
Guangdong,2050.10.22.05.00,123532
Guangdong,2050.10.22.06.00,121837
Guangdong,2050.10.22.07.00,124012
Guangdong,2050.10.22.08.00,140058
Guangdong,2050.10.22.09.00,164907
Guangdong,2050.10.22.10.00,173542
Guangdong,2050.10.22.11.00,179022
Guangdong,2050.10.22.12.00,166032
Guangdong,2050.10.22.13.00,163556
Guangdong,2050.10.22.14.00,177699
Guangdong,2050.10.22.15.00,181244
Guangdong,2050.10.22.16.00,181153
Guangdong,2050.10.22.17.00,179592
Guangdong,2050.10.22.18.00,162636
Guangdong,2050.10.22.19.00,163066
Guangdong,2050.10.22.20.00,164783
Guangdong,2050.10.22.21.00,164149
Guangdong,2050.10.22.22.00,162383
Guangdong,2050.10.22.23.00,159240
Guangxi,2030.01.28.00.00,28166
Guangxi,2030.01.28.01.00,27062
Guangxi,2030.01.28.02.00,26048
Guangxi,2030.01.28.03.00,25007
Guangxi,2030.01.28.04.00,24210
Guangxi,2030.01.28.05.00,23816
Guangxi,2030.01.28.06.00,24494
Guangxi,2030.01.28.07.00,26257
Guangxi,2030.01.28.08.00,27493
Guangxi,2030.01.28.09.00,30944
Guangxi,2030.01.28.10.00,33013
Guangxi,2030.01.28.11.00,34152
Guangxi,2030.01.28.12.00,33297
Guangxi,2030.01.28.13.00,32824
Guangxi,2030.01.28.14.00,33966
Guangxi,2030.01.28.15.00,34883
Guangxi,2030.01.28.16.00,34820
Guangxi,2030.01.28.17.00,35239
Guangxi,2030.01.28.18.00,33930
Guangxi,2030.01.28.19.00,32787
Guangxi,2030.01.28.20.00,34496
Guangxi,2030.01.28.21.00,34894
Guangxi,2030.01.28.22.00,34567
Guangxi,2030.01.28.23.00,32784
Guangxi,2030.04.15.00.00,24288
Guangxi,2030.04.15.01.00,23336
Guangxi,2030.04.15.02.00,22461
Guangxi,2030.04.15.03.00,21565
Guangxi,2030.04.15.04.00,20876
Guangxi,2030.04.15.05.00,20537
Guangxi,2030.04.15.06.00,21121
Guangxi,2030.04.15.07.00,22641
Guangxi,2030.04.15.08.00,23708
Guangxi,2030.04.15.09.00,26683
Guangxi,2030.04.15.10.00,28468
Guangxi,2030.04.15.11.00,29449
Guangxi,2030.04.15.12.00,28712
Guangxi,2030.04.15.13.00,28304
Guangxi,2030.04.15.14.00,29289
Guangxi,2030.04.15.15.00,30080
Guangxi,2030.04.15.16.00,30026
Guangxi,2030.04.15.17.00,30387
Guangxi,2030.04.15.18.00,29259
Guangxi,2030.04.15.19.00,28272
Guangxi,2030.04.15.20.00,29746
Guangxi,2030.04.15.21.00,30090
Guangxi,2030.04.15.22.00,29807
Guangxi,2030.04.15.23.00,28270
Guangxi,2030.07.01.00.00,27305
Guangxi,2030.07.01.01.00,26235
Guangxi,2030.07.01.02.00,25251
Guangxi,2030.07.01.03.00,24243
Guangxi,2030.07.01.04.00,23470
Guangxi,2030.07.01.05.00,23088
Guangxi,2030.07.01.06.00,23746
Guangxi,2030.07.01.07.00,25454
Guangxi,2030.07.01.08.00,26653
Guangxi,2030.07.01.09.00,29998
Guangxi,2030.07.01.10.00,32005
Guangxi,2030.07.01.11.00,33108
Guangxi,2030.07.01.12.00,32279
Guangxi,2030.07.01.13.00,31821
Guangxi,2030.07.01.14.00,32929
Guangxi,2030.07.01.15.00,33817
Guangxi,2030.07.01.16.00,33756
Guangxi,2030.07.01.17.00,34162
Guangxi,2030.07.01.18.00,32894
Guangxi,2030.07.01.19.00,31785
Guangxi,2030.07.01.20.00,33442
Guangxi,2030.07.01.21.00,33828
Guangxi,2030.07.01.22.00,33510
Guangxi,2030.07.01.23.00,31782
Guangxi,2030.10.31.00.00,25759
Guangxi,2030.10.31.01.00,24749
Guangxi,2030.10.31.02.00,23822
Guangxi,2030.10.31.03.00,22870
Guangxi,2030.10.31.04.00,22141
Guangxi,2030.10.31.05.00,21780
Guangxi,2030.10.31.06.00,22400
Guangxi,2030.10.31.07.00,24013
Guangxi,2030.10.31.08.00,25144
Guangxi,2030.10.31.09.00,28299
Guangxi,2030.10.31.10.00,30192
Guangxi,2030.10.31.11.00,31233
Guangxi,2030.10.31.12.00,30451
Guangxi,2030.10.31.13.00,30019
Guangxi,2030.10.31.14.00,31063
Guangxi,2030.10.31.15.00,31902
Guangxi,2030.10.31.16.00,31844
Guangxi,2030.10.31.17.00,32227
Guangxi,2030.10.31.18.00,31030
Guangxi,2030.10.31.19.00,29985
Guangxi,2030.10.31.20.00,31549
Guangxi,2030.10.31.21.00,31912
Guangxi,2030.10.31.22.00,31613
Guangxi,2030.10.31.23.00,29983
Guangxi,2040.01.02.00.00,33005
Guangxi,2040.01.02.01.00,31711
Guangxi,2040.01.02.02.00,30522
Guangxi,2040.01.02.03.00,29304
Guangxi,2040.01.02.04.00,28368
Guangxi,2040.01.02.05.00,27907
Guangxi,2040.01.02.06.00,28702
Guangxi,2040.01.02.07.00,30767
Guangxi,2040.01.02.08.00,32216
Guangxi,2040.01.02.09.00,36259
Guangxi,2040.01.02.10.00,38685
Guangxi,2040.01.02.11.00,40019
Guangxi,2040.01.02.12.00,39016
Guangxi,2040.01.02.13.00,38462
Guangxi,2040.01.02.14.00,39801
Guangxi,2040.01.02.15.00,40874
Guangxi,2040.01.02.16.00,40801
Guangxi,2040.01.02.17.00,41292
Guangxi,2040.01.02.18.00,39759
Guangxi,2040.01.02.19.00,38419
Guangxi,2040.01.02.20.00,40422
Guangxi,2040.01.02.21.00,40889
Guangxi,2040.01.02.22.00,40504
Guangxi,2040.01.02.23.00,38416
Guangxi,2040.04.19.00.00,27697
Guangxi,2040.04.19.01.00,26612
Guangxi,2040.04.19.02.00,25614
Guangxi,2040.04.19.03.00,24591
Guangxi,2040.04.19.04.00,23807
Guangxi,2040.04.19.05.00,23419
Guangxi,2040.04.19.06.00,24086
Guangxi,2040.04.19.07.00,25819
Guangxi,2040.04.19.08.00,27035
Guangxi,2040.04.19.09.00,30429
Guangxi,2040.04.19.10.00,32464
Guangxi,2040.04.19.11.00,33584
Guangxi,2040.04.19.12.00,32742
Guangxi,2040.04.19.13.00,32277
Guangxi,2040.04.19.14.00,33401
Guangxi,2040.04.19.15.00,34302
Guangxi,2040.04.19.16.00,34240
Guangxi,2040.04.19.17.00,34651
Guangxi,2040.04.19.18.00,33365
Guangxi,2040.04.19.19.00,32241
Guangxi,2040.04.19.20.00,33921
Guangxi,2040.04.19.21.00,34313
Guangxi,2040.04.19.22.00,33990
Guangxi,2040.04.19.23.00,32238
Guangxi,2040.07.24.00.00,29321
Guangxi,2040.07.24.01.00,28171
Guangxi,2040.07.24.02.00,27116
Guangxi,2040.07.24.03.00,26032
Guangxi,2040.07.24.04.00,25202
Guangxi,2040.07.24.05.00,24792
Guangxi,2040.07.24.06.00,25498
Guangxi,2040.07.24.07.00,27333
Guangxi,2040.07.24.08.00,28620
Guangxi,2040.07.24.09.00,32212
Guangxi,2040.07.24.10.00,34367
Guangxi,2040.07.24.11.00,35552
Guangxi,2040.07.24.12.00,34662
Guangxi,2040.07.24.13.00,34169
Guangxi,2040.07.24.14.00,35358
Guangxi,2040.07.24.15.00,36313
Guangxi,2040.07.24.16.00,36248
Guangxi,2040.07.24.17.00,36683
Guangxi,2040.07.24.18.00,35322
Guangxi,2040.07.24.19.00,34131
Guangxi,2040.07.24.20.00,35910
Guangxi,2040.07.24.21.00,36324
Guangxi,2040.07.24.22.00,35984
Guangxi,2040.07.24.23.00,34128
Guangxi,2040.10.13.00.00,30838
Guangxi,2040.10.13.01.00,29628
Guangxi,2040.10.13.02.00,28518
Guangxi,2040.10.13.03.00,27379
Guangxi,2040.10.13.04.00,26506
Guangxi,2040.10.13.05.00,26074
Guangxi,2040.10.13.06.00,26817
Guangxi,2040.10.13.07.00,28747
Guangxi,2040.10.13.08.00,30100
Guangxi,2040.10.13.09.00,33878
Guangxi,2040.10.13.10.00,36144
Guangxi,2040.10.13.11.00,37391
Guangxi,2040.10.13.12.00,36454
Guangxi,2040.10.13.13.00,35937
Guangxi,2040.10.13.14.00,37187
Guangxi,2040.10.13.15.00,38191
Guangxi,2040.10.13.16.00,38123
Guangxi,2040.10.13.17.00,38580
Guangxi,2040.10.13.18.00,37148
Guangxi,2040.10.13.19.00,35897
Guangxi,2040.10.13.20.00,37768
Guangxi,2040.10.13.21.00,38203
Guangxi,2040.10.13.22.00,37844
Guangxi,2040.10.13.23.00,35893
Guangxi,2050.01.04.00.00,33907
Guangxi,2050.01.04.01.00,32578
Guangxi,2050.01.04.02.00,31357
Guangxi,2050.01.04.03.00,30105
Guangxi,2050.01.04.04.00,29144
Guangxi,2050.01.04.05.00,28670
Guangxi,2050.01.04.06.00,29486
Guangxi,2050.01.04.07.00,31608
Guangxi,2050.01.04.08.00,33097
Guangxi,2050.01.04.09.00,37250
Guangxi,2050.01.04.10.00,39742
Guangxi,2050.01.04.11.00,41113
Guangxi,2050.01.04.12.00,40083
Guangxi,2050.01.04.13.00,39514
Guangxi,2050.01.04.14.00,40889
Guangxi,2050.01.04.15.00,41992
Guangxi,2050.01.04.16.00,41917
Guangxi,2050.01.04.17.00,42421
Guangxi,2050.01.04.18.00,40846
Guangxi,2050.01.04.19.00,39470
Guangxi,2050.01.04.20.00,41527
Guangxi,2050.01.04.21.00,42007
Guangxi,2050.01.04.22.00,41612
Guangxi,2050.01.04.23.00,39466
Guangxi,2050.04.29.00.00,30710
Guangxi,2050.04.29.01.00,29507
Guangxi,2050.04.29.02.00,28401
Guangxi,2050.04.29.03.00,27267
Guangxi,2050.04.29.04.00,26397
Guangxi,2050.04.29.05.00,25967
Guangxi,2050.04.29.06.00,26707
Guangxi,2050.04.29.07.00,28628
Guangxi,2050.04.29.08.00,29977
Guangxi,2050.04.29.09.00,33739
Guangxi,2050.04.29.10.00,35996
Guangxi,2050.04.29.11.00,37237
Guangxi,2050.04.29.12.00,36304
Guangxi,2050.04.29.13.00,35789
Guangxi,2050.04.29.14.00,37034
Guangxi,2050.04.29.15.00,38034
Guangxi,2050.04.29.16.00,37965
Guangxi,2050.04.29.17.00,38421
Guangxi,2050.04.29.18.00,36995
Guangxi,2050.04.29.19.00,35749
Guangxi,2050.04.29.20.00,37613
Guangxi,2050.04.29.21.00,38046
Guangxi,2050.04.29.22.00,37689
Guangxi,2050.04.29.23.00,35746
Guangxi,2050.07.23.00.00,34218
Guangxi,2050.07.23.01.00,32877
Guangxi,2050.07.23.02.00,31644
Guangxi,2050.07.23.03.00,30381
Guangxi,2050.07.23.04.00,29412
Guangxi,2050.07.23.05.00,28933
Guangxi,2050.07.23.06.00,29756
Guangxi,2050.07.23.07.00,31897
Guangxi,2050.07.23.08.00,33400
Guangxi,2050.07.23.09.00,37592
Guangxi,2050.07.23.10.00,40106
Guangxi,2050.07.23.11.00,41491
Guangxi,2050.07.23.12.00,40451
Guangxi,2050.07.23.13.00,39877
Guangxi,2050.07.23.14.00,41264
Guangxi,2050.07.23.15.00,42378
Guangxi,2050.07.23.16.00,42301
Guangxi,2050.07.23.17.00,42810
Guangxi,2050.07.23.18.00,41220
Guangxi,2050.07.23.19.00,39832
Guangxi,2050.07.23.20.00,41908
Guangxi,2050.07.23.21.00,42391
Guangxi,2050.07.23.22.00,41993
Guangxi,2050.07.23.23.00,39828
Guangxi,2050.10.22.00.00,32570
Guangxi,2050.10.22.01.00,31293
Guangxi,2050.10.22.02.00,30120
Guangxi,2050.10.22.03.00,28917
Guangxi,2050.10.22.04.00,27995
Guangxi,2050.10.22.05.00,27539
Guangxi,2050.10.22.06.00,28323
Guangxi,2050.10.22.07.00,30361
Guangxi,2050.10.22.08.00,31791
Guangxi,2050.10.22.09.00,35782
Guangxi,2050.10.22.10.00,38175
Guangxi,2050.10.22.11.00,39491
Guangxi,2050.10.22.12.00,38502
Guangxi,2050.10.22.13.00,37955
Guangxi,2050.10.22.14.00,39276
Guangxi,2050.10.22.15.00,40336
Guangxi,2050.10.22.16.00,40263
Guangxi,2050.10.22.17.00,40748
Guangxi,2050.10.22.18.00,39235
Guangxi,2050.10.22.19.00,37913
Guangxi,2050.10.22.20.00,39889
Guangxi,2050.10.22.21.00,40349
Guangxi,2050.10.22.22.00,39971
Guangxi,2050.10.22.23.00,37909
Guizhou,2030.01.28.00.00,24459
Guizhou,2030.01.28.01.00,23105
Guizhou,2030.01.28.02.00,22093
Guizhou,2030.01.28.03.00,21706
Guizhou,2030.01.28.04.00,21507
Guizhou,2030.01.28.05.00,21803
Guizhou,2030.01.28.06.00,22483
Guizhou,2030.01.28.07.00,25432
Guizhou,2030.01.28.08.00,28708
Guizhou,2030.01.28.09.00,31965
Guizhou,2030.01.28.10.00,33225
Guizhou,2030.01.28.11.00,34389
Guizhou,2030.01.28.12.00,32958
Guizhou,2030.01.28.13.00,30683
Guizhou,2030.01.28.14.00,30688
Guizhou,2030.01.28.15.00,30881
Guizhou,2030.01.28.16.00,30543
Guizhou,2030.01.28.17.00,32564
Guizhou,2030.01.28.18.00,33200
Guizhou,2030.01.28.19.00,32681
Guizhou,2030.01.28.20.00,33433
Guizhou,2030.01.28.21.00,32481
Guizhou,2030.01.28.22.00,30784
Guizhou,2030.01.28.23.00,27079
Guizhou,2030.04.15.00.00,20340
Guizhou,2030.04.15.01.00,19215
Guizhou,2030.04.15.02.00,18373
Guizhou,2030.04.15.03.00,18051
Guizhou,2030.04.15.04.00,17885
Guizhou,2030.04.15.05.00,18132
Guizhou,2030.04.15.06.00,18697
Guizhou,2030.04.15.07.00,21150
Guizhou,2030.04.15.08.00,23874
Guizhou,2030.04.15.09.00,26582
Guizhou,2030.04.15.10.00,27631
Guizhou,2030.04.15.11.00,28598
Guizhou,2030.04.15.12.00,27408
Guizhou,2030.04.15.13.00,25516
Guizhou,2030.04.15.14.00,25520
Guizhou,2030.04.15.15.00,25681
Guizhou,2030.04.15.16.00,25400
Guizhou,2030.04.15.17.00,27081
Guizhou,2030.04.15.18.00,27609
Guizhou,2030.04.15.19.00,27178
Guizhou,2030.04.15.20.00,27803
Guizhou,2030.04.15.21.00,27011
Guizhou,2030.04.15.22.00,25600
Guizhou,2030.04.15.23.00,22519
Guizhou,2030.07.01.00.00,20044
Guizhou,2030.07.01.01.00,18934
Guizhou,2030.07.01.02.00,18105
Guizhou,2030.07.01.03.00,17788
Guizhou,2030.07.01.04.00,17625
Guizhou,2030.07.01.05.00,17867
Guizhou,2030.07.01.06.00,18424
Guizhou,2030.07.01.07.00,20842
Guizhou,2030.07.01.08.00,23526
Guizhou,2030.07.01.09.00,26195
Guizhou,2030.07.01.10.00,27229
Guizhou,2030.07.01.11.00,28182
Guizhou,2030.07.01.12.00,27010
Guizhou,2030.07.01.13.00,25144
Guizhou,2030.07.01.14.00,25148
Guizhou,2030.07.01.15.00,25306
Guizhou,2030.07.01.16.00,25030
Guizhou,2030.07.01.17.00,26686
Guizhou,2030.07.01.18.00,27207
Guizhou,2030.07.01.19.00,26782
Guizhou,2030.07.01.20.00,27398
Guizhou,2030.07.01.21.00,26618
Guizhou,2030.07.01.22.00,25228
Guizhou,2030.07.01.23.00,22191
Guizhou,2030.10.31.00.00,22910
Guizhou,2030.10.31.01.00,21642
Guizhou,2030.10.31.02.00,20694
Guizhou,2030.10.31.03.00,20331
Guizhou,2030.10.31.04.00,20145
Guizhou,2030.10.31.05.00,20422
Guizhou,2030.10.31.06.00,21059
Guizhou,2030.10.31.07.00,23821
Guizhou,2030.10.31.08.00,26890
Guizhou,2030.10.31.09.00,29940
Guizhou,2030.10.31.10.00,31121
Guizhou,2030.10.31.11.00,32212
Guizhou,2030.10.31.12.00,30871
Guizhou,2030.10.31.13.00,28740
Guizhou,2030.10.31.14.00,28745
Guizhou,2030.10.31.15.00,28924
Guizhou,2030.10.31.16.00,28609
Guizhou,2030.10.31.17.00,30502
Guizhou,2030.10.31.18.00,31098
Guizhou,2030.10.31.19.00,30611
Guizhou,2030.10.31.20.00,31315
Guizhou,2030.10.31.21.00,30424
Guizhou,2030.10.31.22.00,28834
Guizhou,2030.10.31.23.00,25364
Guizhou,2040.01.02.00.00,32304
Guizhou,2040.01.02.01.00,30517
Guizhou,2040.01.02.02.00,29180
Guizhou,2040.01.02.03.00,28668
Guizhou,2040.01.02.04.00,28405
Guizhou,2040.01.02.05.00,28797
Guizhou,2040.01.02.06.00,29695
Guizhou,2040.01.02.07.00,33590
Guizhou,2040.01.02.08.00,37916
Guizhou,2040.01.02.09.00,42218
Guizhou,2040.01.02.10.00,43883
Guizhou,2040.01.02.11.00,45420
Guizhou,2040.01.02.12.00,43531
Guizhou,2040.01.02.13.00,40525
Guizhou,2040.01.02.14.00,40532
Guizhou,2040.01.02.15.00,40786
Guizhou,2040.01.02.16.00,40340
Guizhou,2040.01.02.17.00,43009
Guizhou,2040.01.02.18.00,43850
Guizhou,2040.01.02.19.00,43164
Guizhou,2040.01.02.20.00,44157
Guizhou,2040.01.02.21.00,42899
Guizhou,2040.01.02.22.00,40658
Guizhou,2040.01.02.23.00,35764
Guizhou,2040.04.19.00.00,24002
Guizhou,2040.04.19.01.00,22674
Guizhou,2040.04.19.02.00,21681
Guizhou,2040.04.19.03.00,21301
Guizhou,2040.04.19.04.00,21105
Guizhou,2040.04.19.05.00,21396
Guizhou,2040.04.19.06.00,22064
Guizhou,2040.04.19.07.00,24957
Guizhou,2040.04.19.08.00,28171
Guizhou,2040.04.19.09.00,31368
Guizhou,2040.04.19.10.00,32605
Guizhou,2040.04.19.11.00,33747
Guizhou,2040.04.19.12.00,32343
Guizhou,2040.04.19.13.00,30110
Guizhou,2040.04.19.14.00,30114
Guizhou,2040.04.19.15.00,30303
Guizhou,2040.04.19.16.00,29973
Guizhou,2040.04.19.17.00,31956
Guizhou,2040.04.19.18.00,32580
Guizhou,2040.04.19.19.00,32071
Guizhou,2040.04.19.20.00,32808
Guizhou,2040.04.19.21.00,31874
Guizhou,2040.04.19.22.00,30209
Guizhou,2040.04.19.23.00,26573
Guizhou,2040.07.24.00.00,23347
Guizhou,2040.07.24.01.00,22054
Guizhou,2040.07.24.02.00,21089
Guizhou,2040.07.24.03.00,20718
Guizhou,2040.07.24.04.00,20529
Guizhou,2040.07.24.05.00,20811
Guizhou,2040.07.24.06.00,21461
Guizhou,2040.07.24.07.00,24276
Guizhou,2040.07.24.08.00,27402
Guizhou,2040.07.24.09.00,30511
Guizhou,2040.07.24.10.00,31715
Guizhou,2040.07.24.11.00,32826
Guizhou,2040.07.24.12.00,31460
Guizhou,2040.07.24.13.00,29287
Guizhou,2040.07.24.14.00,29292
Guizhou,2040.07.24.15.00,29476
Guizhou,2040.07.24.16.00,29155
Guizhou,2040.07.24.17.00,31083
Guizhou,2040.07.24.18.00,31690
Guizhou,2040.07.24.19.00,31195
Guizhou,2040.07.24.20.00,31913
Guizhou,2040.07.24.21.00,31004
Guizhou,2040.07.24.22.00,29384
Guizhou,2040.07.24.23.00,25848
Guizhou,2040.10.13.00.00,26151
Guizhou,2040.10.13.01.00,24704
Guizhou,2040.10.13.02.00,23622
Guizhou,2040.10.13.03.00,23207
Guizhou,2040.10.13.04.00,22995
Guizhou,2040.10.13.05.00,23311
Guizhou,2040.10.13.06.00,24038
Guizhou,2040.10.13.07.00,27192
Guizhou,2040.10.13.08.00,30694
Guizhou,2040.10.13.09.00,34176
Guizhou,2040.10.13.10.00,35525
Guizhou,2040.10.13.11.00,36769
Guizhou,2040.10.13.12.00,35239
Guizhou,2040.10.13.13.00,32806
Guizhou,2040.10.13.14.00,32811
Guizhou,2040.10.13.15.00,33017
Guizhou,2040.10.13.16.00,32656
Guizhou,2040.10.13.17.00,34818
Guizhou,2040.10.13.18.00,35497
Guizhou,2040.10.13.19.00,34942
Guizhou,2040.10.13.20.00,35746
Guizhou,2040.10.13.21.00,34728
Guizhou,2040.10.13.22.00,32914
Guizhou,2040.10.13.23.00,28953
Guizhou,2050.01.04.00.00,32383
Guizhou,2050.01.04.01.00,30591
Guizhou,2050.01.04.02.00,29252
Guizhou,2050.01.04.03.00,28737
Guizhou,2050.01.04.04.00,28474
Guizhou,2050.01.04.05.00,28866
Guizhou,2050.01.04.06.00,29767
Guizhou,2050.01.04.07.00,33671
Guizhou,2050.01.04.08.00,38009
Guizhou,2050.01.04.09.00,42321
Guizhou,2050.01.04.10.00,43991
Guizhou,2050.01.04.11.00,45531
Guizhou,2050.01.04.12.00,43637
Guizhou,2050.01.04.13.00,40624
Guizhou,2050.01.04.14.00,40630
Guizhou,2050.01.04.15.00,40885
Guizhou,2050.01.04.16.00,40439
Guizhou,2050.01.04.17.00,43114
Guizhou,2050.01.04.18.00,43957
Guizhou,2050.01.04.19.00,43269
Guizhou,2050.01.04.20.00,44265
Guizhou,2050.01.04.21.00,43004
Guizhou,2050.01.04.22.00,40757
Guizhou,2050.01.04.23.00,35852
Guizhou,2050.04.29.00.00,25367
Guizhou,2050.04.29.01.00,23964
Guizhou,2050.04.29.02.00,22914
Guizhou,2050.04.29.03.00,22511
Guizhou,2050.04.29.04.00,22305
Guizhou,2050.04.29.05.00,22612
Guizhou,2050.04.29.06.00,23318
Guizhou,2050.04.29.07.00,26377
Guizhou,2050.04.29.08.00,29774
Guizhou,2050.04.29.09.00,33152
Guizhou,2050.04.29.10.00,34460
Guizhou,2050.04.29.11.00,35666
Guizhou,2050.04.29.12.00,34183
Guizhou,2050.04.29.13.00,31823
Guizhou,2050.04.29.14.00,31828
Guizhou,2050.04.29.15.00,32027
Guizhou,2050.04.29.16.00,31678
Guizhou,2050.04.29.17.00,33774
Guizhou,2050.04.29.18.00,34433
Guizhou,2050.04.29.19.00,33895
Guizhou,2050.04.29.20.00,34675
Guizhou,2050.04.29.21.00,33688
Guizhou,2050.04.29.22.00,31927
Guizhou,2050.04.29.23.00,28085
Guizhou,2050.07.23.00.00,26695
Guizhou,2050.07.23.01.00,25218
Guizhou,2050.07.23.02.00,24114
Guizhou,2050.07.23.03.00,23691
Guizhou,2050.07.23.04.00,23473
Guizhou,2050.07.23.05.00,23797
Guizhou,2050.07.23.06.00,24539
Guizhou,2050.07.23.07.00,27757
Guizhou,2050.07.23.08.00,31333
Guizhou,2050.07.23.09.00,34887
Guizhou,2050.07.23.10.00,36264
Guizhou,2050.07.23.11.00,37534
Guizhou,2050.07.23.12.00,35972
Guizhou,2050.07.23.13.00,33489
Guizhou,2050.07.23.14.00,33494
Guizhou,2050.07.23.15.00,33704
Guizhou,2050.07.23.16.00,33336
Guizhou,2050.07.23.17.00,35542
Guizhou,2050.07.23.18.00,36236
Guizhou,2050.07.23.19.00,35669
Guizhou,2050.07.23.20.00,36489
Guizhou,2050.07.23.21.00,35451
Guizhou,2050.07.23.22.00,33599
Guizhou,2050.07.23.23.00,29555
Guizhou,2050.10.22.00.00,28641
Guizhou,2050.10.22.01.00,27056
Guizhou,2050.10.22.02.00,25870
Guizhou,2050.10.22.03.00,25416
Guizhou,2050.10.22.04.00,25184
Guizhou,2050.10.22.05.00,25531
Guizhou,2050.10.22.06.00,26327
Guizhou,2050.10.22.07.00,29780
Guizhou,2050.10.22.08.00,33616
Guizhou,2050.10.22.09.00,37430
Guizhou,2050.10.22.10.00,38907
Guizhou,2050.10.22.11.00,40269
Guizhou,2050.10.22.12.00,38594
Guizhou,2050.10.22.13.00,35928
Guizhou,2050.10.22.14.00,35935
Guizhou,2050.10.22.15.00,36160
Guizhou,2050.10.22.16.00,35765
Guizhou,2050.10.22.17.00,38132
Guizhou,2050.10.22.18.00,38876
Guizhou,2050.10.22.19.00,38268
Guizhou,2050.10.22.20.00,39149
Guizhou,2050.10.22.21.00,38034
Guizhou,2050.10.22.22.00,36047
Guizhou,2050.10.22.23.00,31709
Hainan,2030.01.28.00.00,6396
Hainan,2030.01.28.01.00,6083
Hainan,2030.01.28.02.00,5742
Hainan,2030.01.28.03.00,5510
Hainan,2030.01.28.04.00,5325
Hainan,2030.01.28.05.00,5240
Hainan,2030.01.28.06.00,5307
Hainan,2030.01.28.07.00,5436
Hainan,2030.01.28.08.00,5595
Hainan,2030.01.28.09.00,6120
Hainan,2030.01.28.10.00,6541
Hainan,2030.01.28.11.00,6481
Hainan,2030.01.28.12.00,6105
Hainan,2030.01.28.13.00,5905
Hainan,2030.01.28.14.00,5840
Hainan,2030.01.28.15.00,5843
Hainan,2030.01.28.16.00,5926
Hainan,2030.01.28.17.00,6289
Hainan,2030.01.28.18.00,6286
Hainan,2030.01.28.19.00,6227
Hainan,2030.01.28.20.00,6542
Hainan,2030.01.28.21.00,6377
Hainan,2030.01.28.22.00,6116
Hainan,2030.01.28.23.00,5713
Hainan,2030.04.15.00.00,7014
Hainan,2030.04.15.01.00,6671
Hainan,2030.04.15.02.00,6296
Hainan,2030.04.15.03.00,6042
Hainan,2030.04.15.04.00,5841
Hainan,2030.04.15.05.00,5746
Hainan,2030.04.15.06.00,5820
Hainan,2030.04.15.07.00,5960
Hainan,2030.04.15.08.00,6135
Hainan,2030.04.15.09.00,6712
Hainan,2030.04.15.10.00,7173
Hainan,2030.04.15.11.00,7106
Hainan,2030.04.15.12.00,6694
Hainan,2030.04.15.13.00,6475
Hainan,2030.04.15.14.00,6404
Hainan,2030.04.15.15.00,6407
Hainan,2030.04.15.16.00,6498
Hainan,2030.04.15.17.00,6897
Hainan,2030.04.15.18.00,6893
Hainan,2030.04.15.19.00,6828
Hainan,2030.04.15.20.00,7174
Hainan,2030.04.15.21.00,6993
Hainan,2030.04.15.22.00,6705
Hainan,2030.04.15.23.00,6265
Hainan,2030.07.01.00.00,8060
Hainan,2030.07.01.01.00,7666
Hainan,2030.07.01.02.00,7236
Hainan,2030.07.01.03.00,6944
Hainan,2030.07.01.04.00,6712
Hainan,2030.07.01.05.00,6602
Hainan,2030.07.01.06.00,6688
Hainan,2030.07.01.07.00,6849
Hainan,2030.07.01.08.00,7050
Hainan,2030.07.01.09.00,7713
Hainan,2030.07.01.10.00,8243
Hainan,2030.07.01.11.00,8167
Hainan,2030.07.01.12.00,7694
Hainan,2030.07.01.13.00,7441
Hainan,2030.07.01.14.00,7359
Hainan,2030.07.01.15.00,7362
Hainan,2030.07.01.16.00,7468
Hainan,2030.07.01.17.00,7926
Hainan,2030.07.01.18.00,7921
Hainan,2030.07.01.19.00,7847
Hainan,2030.07.01.20.00,8244
Hainan,2030.07.01.21.00,8037
Hainan,2030.07.01.22.00,7706
Hainan,2030.07.01.23.00,7200
Hainan,2030.10.31.00.00,6880
Hainan,2030.10.31.01.00,6543
Hainan,2030.10.31.02.00,6176
Hainan,2030.10.31.03.00,5927
Hainan,2030.10.31.04.00,5728
Hainan,2030.10.31.05.00,5636
Hainan,2030.10.31.06.00,5709
Hainan,2030.10.31.07.00,5847
Hainan,2030.10.31.08.00,6018
Hainan,2030.10.31.09.00,6583
Hainan,2030.10.31.10.00,7036
Hainan,2030.10.31.11.00,6971
Hainan,2030.10.31.12.00,6567
Hainan,2030.10.31.13.00,6352
Hainan,2030.10.31.14.00,6281
Hainan,2030.10.31.15.00,6284
Hainan,2030.10.31.16.00,6375
Hainan,2030.10.31.17.00,6766
Hainan,2030.10.31.18.00,6762
Hainan,2030.10.31.19.00,6697
Hainan,2030.10.31.20.00,7037
Hainan,2030.10.31.21.00,6860
Hainan,2030.10.31.22.00,6578
Hainan,2030.10.31.23.00,6146
Hainan,2040.01.02.00.00,8076
Hainan,2040.01.02.01.00,7682
Hainan,2040.01.02.02.00,7251
Hainan,2040.01.02.03.00,6958
Hainan,2040.01.02.04.00,6725
Hainan,2040.01.02.05.00,6617
Hainan,2040.01.02.06.00,6702
Hainan,2040.01.02.07.00,6864
Hainan,2040.01.02.08.00,7066
Hainan,2040.01.02.09.00,7729
Hainan,2040.01.02.10.00,8260
Hainan,2040.01.02.11.00,8183
Hainan,2040.01.02.12.00,7709
Hainan,2040.01.02.13.00,7457
Hainan,2040.01.02.14.00,7375
Hainan,2040.01.02.15.00,7378
Hainan,2040.01.02.16.00,7484
Hainan,2040.01.02.17.00,7943
Hainan,2040.01.02.18.00,7938
Hainan,2040.01.02.19.00,7863
Hainan,2040.01.02.20.00,8261
Hainan,2040.01.02.21.00,8053
Hainan,2040.01.02.22.00,7722
Hainan,2040.01.02.23.00,7214
Hainan,2040.04.19.00.00,7902
Hainan,2040.04.19.01.00,7515
Hainan,2040.04.19.02.00,7094
Hainan,2040.04.19.03.00,6807
Hainan,2040.04.19.04.00,6580
Hainan,2040.04.19.05.00,6473
Hainan,2040.04.19.06.00,6558
Hainan,2040.04.19.07.00,6716
Hainan,2040.04.19.08.00,6913
Hainan,2040.04.19.09.00,7561
Hainan,2040.04.19.10.00,8081
Hainan,2040.04.19.11.00,8007
Hainan,2040.04.19.12.00,7543
Hainan,2040.04.19.13.00,7296
Hainan,2040.04.19.14.00,7215
Hainan,2040.04.19.15.00,7219
Hainan,2040.04.19.16.00,7323
Hainan,2040.04.19.17.00,7771
Hainan,2040.04.19.18.00,7766
Hainan,2040.04.19.19.00,7693
Hainan,2040.04.19.20.00,8082
Hainan,2040.04.19.21.00,7878
Hainan,2040.04.19.22.00,7555
Hainan,2040.04.19.23.00,7058
Hainan,2040.07.24.00.00,7025
Hainan,2040.07.24.01.00,6681
Hainan,2040.07.24.02.00,6307
Hainan,2040.07.24.03.00,6052
Hainan,2040.07.24.04.00,5850
Hainan,2040.07.24.05.00,5755
Hainan,2040.07.24.06.00,5829
Hainan,2040.07.24.07.00,5970
Hainan,2040.07.24.08.00,6144
Hainan,2040.07.24.09.00,6722
Hainan,2040.07.24.10.00,7184
Hainan,2040.07.24.11.00,7118
Hainan,2040.07.24.12.00,6705
Hainan,2040.07.24.13.00,6485
Hainan,2040.07.24.14.00,6414
Hainan,2040.07.24.15.00,6417
Hainan,2040.07.24.16.00,6510
Hainan,2040.07.24.17.00,6908
Hainan,2040.07.24.18.00,6904
Hainan,2040.07.24.19.00,6839
Hainan,2040.07.24.20.00,7185
Hainan,2040.07.24.21.00,7004
Hainan,2040.07.24.22.00,6717
Hainan,2040.07.24.23.00,6275
Hainan,2040.10.13.00.00,8115
Hainan,2040.10.13.01.00,7718
Hainan,2040.10.13.02.00,7286
Hainan,2040.10.13.03.00,6991
Hainan,2040.10.13.04.00,6758
Hainan,2040.10.13.05.00,6648
Hainan,2040.10.13.06.00,6734
Hainan,2040.10.13.07.00,6896
Hainan,2040.10.13.08.00,7099
Hainan,2040.10.13.09.00,7766
Hainan,2040.10.13.10.00,8300
Hainan,2040.10.13.11.00,8223
Hainan,2040.10.13.12.00,7746
Hainan,2040.10.13.13.00,7493
Hainan,2040.10.13.14.00,7409
Hainan,2040.10.13.15.00,7413
Hainan,2040.10.13.16.00,7519
Hainan,2040.10.13.17.00,7980
Hainan,2040.10.13.18.00,7976
Hainan,2040.10.13.19.00,7901
Hainan,2040.10.13.20.00,8301
Hainan,2040.10.13.21.00,8092
Hainan,2040.10.13.22.00,7759
Hainan,2040.10.13.23.00,7249
Hainan,2050.01.04.00.00,8459
Hainan,2050.01.04.01.00,8045
Hainan,2050.01.04.02.00,7594
Hainan,2050.01.04.03.00,7287
Hainan,2050.01.04.04.00,7043
Hainan,2050.01.04.05.00,6929
Hainan,2050.01.04.06.00,7019
Hainan,2050.01.04.07.00,7188
Hainan,2050.01.04.08.00,7399
Hainan,2050.01.04.09.00,8094
Hainan,2050.01.04.10.00,8651
Hainan,2050.01.04.11.00,8571
Hainan,2050.01.04.12.00,8074
Hainan,2050.01.04.13.00,7809
Hainan,2050.01.04.14.00,7723
Hainan,2050.01.04.15.00,7727
Hainan,2050.01.04.16.00,7838
Hainan,2050.01.04.17.00,8318
Hainan,2050.01.04.18.00,8313
Hainan,2050.01.04.19.00,8234
Hainan,2050.01.04.20.00,8652
Hainan,2050.01.04.21.00,8433
Hainan,2050.01.04.22.00,8088
Hainan,2050.01.04.23.00,7556
Hainan,2050.04.29.00.00,8531
Hainan,2050.04.29.01.00,8114
Hainan,2050.04.29.02.00,7659
Hainan,2050.04.29.03.00,7350
Hainan,2050.04.29.04.00,7103
Hainan,2050.04.29.05.00,6989
Hainan,2050.04.29.06.00,7079
Hainan,2050.04.29.07.00,7250
Hainan,2050.04.29.08.00,7462
Hainan,2050.04.29.09.00,8163
Hainan,2050.04.29.10.00,8725
Hainan,2050.04.29.11.00,8645
Hainan,2050.04.29.12.00,8143
Hainan,2050.04.29.13.00,7876
Hainan,2050.04.29.14.00,7789
Hainan,2050.04.29.15.00,7793
Hainan,2050.04.29.16.00,7905
Hainan,2050.04.29.17.00,8390
Hainan,2050.04.29.18.00,8384
Hainan,2050.04.29.19.00,8306
Hainan,2050.04.29.20.00,8726
Hainan,2050.04.29.21.00,8506
Hainan,2050.04.29.22.00,8157
Hainan,2050.04.29.23.00,7620
Hainan,2050.07.23.00.00,7850
Hainan,2050.07.23.01.00,7466
Hainan,2050.07.23.02.00,7047
Hainan,2050.07.23.03.00,6763
Hainan,2050.07.23.04.00,6536
Hainan,2050.07.23.05.00,6430
Hainan,2050.07.23.06.00,6514
Hainan,2050.07.23.07.00,6671
Hainan,2050.07.23.08.00,6867
Hainan,2050.07.23.09.00,7511
Hainan,2050.07.23.10.00,8028
Hainan,2050.07.23.11.00,7954
Hainan,2050.07.23.12.00,7493
Hainan,2050.07.23.13.00,7247
Hainan,2050.07.23.14.00,7168
Hainan,2050.07.23.15.00,7171
Hainan,2050.07.23.16.00,7274
Hainan,2050.07.23.17.00,7719
Hainan,2050.07.23.18.00,7715
Hainan,2050.07.23.19.00,7642
Hainan,2050.07.23.20.00,8029
Hainan,2050.07.23.21.00,7826
Hainan,2050.07.23.22.00,7505
Hainan,2050.07.23.23.00,7011
Hainan,2050.10.22.00.00,8954
Hainan,2050.10.22.01.00,8516
Hainan,2050.10.22.02.00,8039
Hainan,2050.10.22.03.00,7714
Hainan,2050.10.22.04.00,7456
Hainan,2050.10.22.05.00,7335
Hainan,2050.10.22.06.00,7430
Hainan,2050.10.22.07.00,7609
Hainan,2050.10.22.08.00,7833
Hainan,2050.10.22.09.00,8568
Hainan,2050.10.22.10.00,9158
Hainan,2050.10.22.11.00,9073
Hainan,2050.10.22.12.00,8547
Hainan,2050.10.22.13.00,8267
Hainan,2050.10.22.14.00,8175
Hainan,2050.10.22.15.00,8179
Hainan,2050.10.22.16.00,8297
Hainan,2050.10.22.17.00,8806
Hainan,2050.10.22.18.00,8801
Hainan,2050.10.22.19.00,8717
Hainan,2050.10.22.20.00,9159
Hainan,2050.10.22.21.00,8928
Hainan,2050.10.22.22.00,8561
Hainan,2050.10.22.23.00,7998
Hebei,2030.01.28.00.00,38523
Hebei,2030.01.28.01.00,37143
Hebei,2030.01.28.02.00,35957
Hebei,2030.01.28.03.00,34864
Hebei,2030.01.28.04.00,34057
Hebei,2030.01.28.05.00,33830
Hebei,2030.01.28.06.00,35868
Hebei,2030.01.28.07.00,37721
Hebei,2030.01.28.08.00,39450
Hebei,2030.01.28.09.00,43238
Hebei,2030.01.28.10.00,45658
Hebei,2030.01.28.11.00,48901
Hebei,2030.01.28.12.00,49485
Hebei,2030.01.28.13.00,48361
Hebei,2030.01.28.14.00,48159
Hebei,2030.01.28.15.00,49260
Hebei,2030.01.28.16.00,49128
Hebei,2030.01.28.17.00,48853
Hebei,2030.01.28.18.00,48554
Hebei,2030.01.28.19.00,47839
Hebei,2030.01.28.20.00,47939
Hebei,2030.01.28.21.00,47879
Hebei,2030.01.28.22.00,46908
Hebei,2030.01.28.23.00,44017
Hebei,2030.04.15.00.00,33041
Hebei,2030.04.15.01.00,31857
Hebei,2030.04.15.02.00,30840
Hebei,2030.04.15.03.00,29902
Hebei,2030.04.15.04.00,29211
Hebei,2030.04.15.05.00,29016
Hebei,2030.04.15.06.00,30763
Hebei,2030.04.15.07.00,32352
Hebei,2030.04.15.08.00,33835
Hebei,2030.04.15.09.00,37084
Hebei,2030.04.15.10.00,39161
Hebei,2030.04.15.11.00,41941
Hebei,2030.04.15.12.00,42443
Hebei,2030.04.15.13.00,41478
Hebei,2030.04.15.14.00,41306
Hebei,2030.04.15.15.00,42250
Hebei,2030.04.15.16.00,42137
Hebei,2030.04.15.17.00,41901
Hebei,2030.04.15.18.00,41645
Hebei,2030.04.15.19.00,41031
Hebei,2030.04.15.20.00,41117
Hebei,2030.04.15.21.00,41065
Hebei,2030.04.15.22.00,40232
Hebei,2030.04.15.23.00,37753
Hebei,2030.07.01.00.00,45446
Hebei,2030.07.01.01.00,43817
Hebei,2030.07.01.02.00,42419
Hebei,2030.07.01.03.00,41128
Hebei,2030.07.01.04.00,40178
Hebei,2030.07.01.05.00,39911
Hebei,2030.07.01.06.00,42314
Hebei,2030.07.01.07.00,44500
Hebei,2030.07.01.08.00,46540
Hebei,2030.07.01.09.00,51008
Hebei,2030.07.01.10.00,53863
Hebei,2030.07.01.11.00,57688
Hebei,2030.07.01.12.00,58378
Hebei,2030.07.01.13.00,57052
Hebei,2030.07.01.14.00,56814
Hebei,2030.07.01.15.00,58112
Hebei,2030.07.01.16.00,57957
Hebei,2030.07.01.17.00,57632
Hebei,2030.07.01.18.00,57279
Hebei,2030.07.01.19.00,56436
Hebei,2030.07.01.20.00,56554
Hebei,2030.07.01.21.00,56483
Hebei,2030.07.01.22.00,55337
Hebei,2030.07.01.23.00,51927
Hebei,2030.10.31.00.00,35097
Hebei,2030.10.31.01.00,33841
Hebei,2030.10.31.02.00,32759
Hebei,2030.10.31.03.00,31764
Hebei,2030.10.31.04.00,31028
Hebei,2030.10.31.05.00,30822
Hebei,2030.10.31.06.00,32679
Hebei,2030.10.31.07.00,34367
Hebei,2030.10.31.08.00,35942
Hebei,2030.10.31.09.00,39393
Hebei,2030.10.31.10.00,41599
Hebei,2030.10.31.11.00,44553
Hebei,2030.10.31.12.00,45085
Hebei,2030.10.31.13.00,44061
Hebei,2030.10.31.14.00,43877
Hebei,2030.10.31.15.00,44880
Hebei,2030.10.31.16.00,44760
Hebei,2030.10.31.17.00,44509
Hebei,2030.10.31.18.00,44236
Hebei,2030.10.31.19.00,43585
Hebei,2030.10.31.20.00,43676
Hebei,2030.10.31.21.00,43621
Hebei,2030.10.31.22.00,42737
Hebei,2030.10.31.23.00,40103
Hebei,2040.01.02.00.00,51456
Hebei,2040.01.02.01.00,49613
Hebei,2040.01.02.02.00,48028
Hebei,2040.01.02.03.00,46568
Hebei,2040.01.02.04.00,45491
Hebei,2040.01.02.05.00,45188
Hebei,2040.01.02.06.00,47909
Hebei,2040.01.02.07.00,50384
Hebei,2040.01.02.08.00,52694
Hebei,2040.01.02.09.00,57753
Hebei,2040.01.02.10.00,60987
Hebei,2040.01.02.11.00,65318
Hebei,2040.01.02.12.00,66098
Hebei,2040.01.02.13.00,64597
Hebei,2040.01.02.14.00,64327
Hebei,2040.01.02.15.00,65798
Hebei,2040.01.02.16.00,65622
Hebei,2040.01.02.17.00,65253
Hebei,2040.01.02.18.00,64855
Hebei,2040.01.02.19.00,63899
Hebei,2040.01.02.20.00,64034
Hebei,2040.01.02.21.00,63953
Hebei,2040.01.02.22.00,62656
Hebei,2040.01.02.23.00,58794
Hebei,2040.04.19.00.00,38809
Hebei,2040.04.19.01.00,37419
Hebei,2040.04.19.02.00,36224
Hebei,2040.04.19.03.00,35123
Hebei,2040.04.19.04.00,34311
Hebei,2040.04.19.05.00,34082
Hebei,2040.04.19.06.00,36135
Hebei,2040.04.19.07.00,38001
Hebei,2040.04.19.08.00,39743
Hebei,2040.04.19.09.00,43559
Hebei,2040.04.19.10.00,45998
Hebei,2040.04.19.11.00,49264
Hebei,2040.04.19.12.00,49854
Hebei,2040.04.19.13.00,48720
Hebei,2040.04.19.14.00,48517
Hebei,2040.04.19.15.00,49627
Hebei,2040.04.19.16.00,49493
Hebei,2040.04.19.17.00,49216
Hebei,2040.04.19.18.00,48915
Hebei,2040.04.19.19.00,48194
Hebei,2040.04.19.20.00,48296
Hebei,2040.04.19.21.00,48235
Hebei,2040.04.19.22.00,47257
Hebei,2040.04.19.23.00,44345
Hebei,2040.07.24.00.00,52375
Hebei,2040.07.24.01.00,50499
Hebei,2040.07.24.02.00,48887
Hebei,2040.07.24.03.00,47399
Hebei,2040.07.24.04.00,46304
Hebei,2040.07.24.05.00,45996
Hebei,2040.07.24.06.00,48765
Hebei,2040.07.24.07.00,51285
Hebei,2040.07.24.08.00,53636
Hebei,2040.07.24.09.00,58786
Hebei,2040.07.24.10.00,62076
Hebei,2040.07.24.11.00,66485
Hebei,2040.07.24.12.00,67279
Hebei,2040.07.24.13.00,65750
Hebei,2040.07.24.14.00,65477
Hebei,2040.07.24.15.00,66973
Hebei,2040.07.24.16.00,66795
Hebei,2040.07.24.17.00,66419
Hebei,2040.07.24.18.00,66013
Hebei,2040.07.24.19.00,65040
Hebei,2040.07.24.20.00,65177
Hebei,2040.07.24.21.00,65095
Hebei,2040.07.24.22.00,63774
Hebei,2040.07.24.23.00,59844
Hebei,2040.10.13.00.00,42701
Hebei,2040.10.13.01.00,41171
Hebei,2040.10.13.02.00,39857
Hebei,2040.10.13.03.00,38645
Hebei,2040.10.13.04.00,37751
Hebei,2040.10.13.05.00,37500
Hebei,2040.10.13.06.00,39759
Hebei,2040.10.13.07.00,41812
Hebei,2040.10.13.08.00,43728
Hebei,2040.10.13.09.00,47928
Hebei,2040.10.13.10.00,50610
Hebei,2040.10.13.11.00,54205
Hebei,2040.10.13.12.00,54853
Hebei,2040.10.13.13.00,53606
Hebei,2040.10.13.14.00,53384
Hebei,2040.10.13.15.00,54604
Hebei,2040.10.13.16.00,54457
Hebei,2040.10.13.17.00,54152
Hebei,2040.10.13.18.00,53820
Hebei,2040.10.13.19.00,53028
Hebei,2040.10.13.20.00,53139
Hebei,2040.10.13.21.00,53072
Hebei,2040.10.13.22.00,51996
Hebei,2040.10.13.23.00,48792
Hebei,2050.01.04.00.00,51521
Hebei,2050.01.04.01.00,49675
Hebei,2050.01.04.02.00,48089
Hebei,2050.01.04.03.00,46627
Hebei,2050.01.04.04.00,45549
Hebei,2050.01.04.05.00,45246
Hebei,2050.01.04.06.00,47971
Hebei,2050.01.04.07.00,50448
Hebei,2050.01.04.08.00,52761
Hebei,2050.01.04.09.00,57827
Hebei,2050.01.04.10.00,61064
Hebei,2050.01.04.11.00,65400
Hebei,2050.01.04.12.00,66182
Hebei,2050.01.04.13.00,64678
Hebei,2050.01.04.14.00,64409
Hebei,2050.01.04.15.00,65882
Hebei,2050.01.04.16.00,65705
Hebei,2050.01.04.17.00,65337
Hebei,2050.01.04.18.00,64936
Hebei,2050.01.04.19.00,63981
Hebei,2050.01.04.20.00,64115
Hebei,2050.01.04.21.00,64034
Hebei,2050.01.04.22.00,62735
Hebei,2050.01.04.23.00,58869
Hebei,2050.04.29.00.00,40350
Hebei,2050.04.29.01.00,38904
Hebei,2050.04.29.02.00,37661
Hebei,2050.04.29.03.00,36517
Hebei,2050.04.29.04.00,35672
Hebei,2050.04.29.05.00,35435
Hebei,2050.04.29.06.00,37569
Hebei,2050.04.29.07.00,39510
Hebei,2050.04.29.08.00,41320
Hebei,2050.04.29.09.00,45288
Hebei,2050.04.29.10.00,47824
Hebei,2050.04.29.11.00,51219
Hebei,2050.04.29.12.00,51831
Hebei,2050.04.29.13.00,50654
Hebei,2050.04.29.14.00,50443
Hebei,2050.04.29.15.00,51597
Hebei,2050.04.29.16.00,51458
Hebei,2050.04.29.17.00,51169
Hebei,2050.04.29.18.00,50856
Hebei,2050.04.29.19.00,50108
Hebei,2050.04.29.20.00,50213
Hebei,2050.04.29.21.00,50149
Hebei,2050.04.29.22.00,49132
Hebei,2050.04.29.23.00,46104
Hebei,2050.07.23.00.00,60704
Hebei,2050.07.23.01.00,58530
Hebei,2050.07.23.02.00,56661
Hebei,2050.07.23.03.00,54938
Hebei,2050.07.23.04.00,53667
Hebei,2050.07.23.05.00,53310
Hebei,2050.07.23.06.00,56520
Hebei,2050.07.23.07.00,59441
Hebei,2050.07.23.08.00,62165
Hebei,2050.07.23.09.00,68134
Hebei,2050.07.23.10.00,71948
Hebei,2050.07.23.11.00,77058
Hebei,2050.07.23.12.00,77978
Hebei,2050.07.23.13.00,76206
Hebei,2050.07.23.14.00,75890
Hebei,2050.07.23.15.00,77624
Hebei,2050.07.23.16.00,77416
Hebei,2050.07.23.17.00,76982
Hebei,2050.07.23.18.00,76511
Hebei,2050.07.23.19.00,75384
Hebei,2050.07.23.20.00,75542
Hebei,2050.07.23.21.00,75447
Hebei,2050.07.23.22.00,73916
Hebei,2050.07.23.23.00,69362
Hebei,2050.10.22.00.00,45402
Hebei,2050.10.22.01.00,43776
Hebei,2050.10.22.02.00,42378
Hebei,2050.10.22.03.00,41090
Hebei,2050.10.22.04.00,40139
Hebei,2050.10.22.05.00,39873
Hebei,2050.10.22.06.00,42273
Hebei,2050.10.22.07.00,44457
Hebei,2050.10.22.08.00,46495
Hebei,2050.10.22.09.00,50959
Hebei,2050.10.22.10.00,53812
Hebei,2050.10.22.11.00,57634
Hebei,2050.10.22.12.00,58323
Hebei,2050.10.22.13.00,56998
Hebei,2050.10.22.14.00,56760
Hebei,2050.10.22.15.00,58057
Hebei,2050.10.22.16.00,57902
Hebei,2050.10.22.17.00,57577
Hebei,2050.10.22.18.00,57225
Hebei,2050.10.22.19.00,56382
Hebei,2050.10.22.20.00,56501
Hebei,2050.10.22.21.00,56429
Hebei,2050.10.22.22.00,55285
Hebei,2050.10.22.23.00,51878
Heilongjiang,2030.01.28.00.00,16295
Heilongjiang,2030.01.28.01.00,15785
Heilongjiang,2030.01.28.02.00,15599
Heilongjiang,2030.01.28.03.00,15496
Heilongjiang,2030.01.28.04.00,15635
Heilongjiang,2030.01.28.05.00,17217
Heilongjiang,2030.01.28.06.00,19631
Heilongjiang,2030.01.28.07.00,20369
Heilongjiang,2030.01.28.08.00,20356
Heilongjiang,2030.01.28.09.00,20872
Heilongjiang,2030.01.28.10.00,21551
Heilongjiang,2030.01.28.11.00,22731
Heilongjiang,2030.01.28.12.00,21021
Heilongjiang,2030.01.28.13.00,20299
Heilongjiang,2030.01.28.14.00,20567
Heilongjiang,2030.01.28.15.00,20596
Heilongjiang,2030.01.28.16.00,21701
Heilongjiang,2030.01.28.17.00,23058
Heilongjiang,2030.01.28.18.00,21784
Heilongjiang,2030.01.28.19.00,21257
Heilongjiang,2030.01.28.20.00,21518
Heilongjiang,2030.01.28.21.00,20345
Heilongjiang,2030.01.28.22.00,18722
Heilongjiang,2030.01.28.23.00,17224
Heilongjiang,2030.04.15.00.00,14488
Heilongjiang,2030.04.15.01.00,14035
Heilongjiang,2030.04.15.02.00,13870
Heilongjiang,2030.04.15.03.00,13778
Heilongjiang,2030.04.15.04.00,13902
Heilongjiang,2030.04.15.05.00,15308
Heilongjiang,2030.04.15.06.00,17455
Heilongjiang,2030.04.15.07.00,18112
Heilongjiang,2030.04.15.08.00,18099
Heilongjiang,2030.04.15.09.00,18559
Heilongjiang,2030.04.15.10.00,19162
Heilongjiang,2030.04.15.11.00,20211
Heilongjiang,2030.04.15.12.00,18692
Heilongjiang,2030.04.15.13.00,18049
Heilongjiang,2030.04.15.14.00,18288
Heilongjiang,2030.04.15.15.00,18313
Heilongjiang,2030.04.15.16.00,19295
Heilongjiang,2030.04.15.17.00,20502
Heilongjiang,2030.04.15.18.00,19370
Heilongjiang,2030.04.15.19.00,18901
Heilongjiang,2030.04.15.20.00,19132
Heilongjiang,2030.04.15.21.00,18090
Heilongjiang,2030.04.15.22.00,16647
Heilongjiang,2030.04.15.23.00,15314
Heilongjiang,2030.07.01.00.00,15114
Heilongjiang,2030.07.01.01.00,14641
Heilongjiang,2030.07.01.02.00,14469
Heilongjiang,2030.07.01.03.00,14374
Heilongjiang,2030.07.01.04.00,14501
Heilongjiang,2030.07.01.05.00,15969
Heilongjiang,2030.07.01.06.00,18209
Heilongjiang,2030.07.01.07.00,18894
Heilongjiang,2030.07.01.08.00,18881
Heilongjiang,2030.07.01.09.00,19361
Heilongjiang,2030.07.01.10.00,19990
Heilongjiang,2030.07.01.11.00,21084
Heilongjiang,2030.07.01.12.00,19499
Heilongjiang,2030.07.01.13.00,18829
Heilongjiang,2030.07.01.14.00,19078
Heilongjiang,2030.07.01.15.00,19105
Heilongjiang,2030.07.01.16.00,20129
Heilongjiang,2030.07.01.17.00,21388
Heilongjiang,2030.07.01.18.00,20206
Heilongjiang,2030.07.01.19.00,19717
Heilongjiang,2030.07.01.20.00,19959
Heilongjiang,2030.07.01.21.00,18871
Heilongjiang,2030.07.01.22.00,17367
Heilongjiang,2030.07.01.23.00,15976
Heilongjiang,2030.10.31.00.00,16540
Heilongjiang,2030.10.31.01.00,16022
Heilongjiang,2030.10.31.02.00,15833
Heilongjiang,2030.10.31.03.00,15729
Heilongjiang,2030.10.31.04.00,15869
Heilongjiang,2030.10.31.05.00,17476
Heilongjiang,2030.10.31.06.00,19927
Heilongjiang,2030.10.31.07.00,20676
Heilongjiang,2030.10.31.08.00,20662
Heilongjiang,2030.10.31.09.00,21186
Heilongjiang,2030.10.31.10.00,21875
Heilongjiang,2030.10.31.11.00,23073
Heilongjiang,2030.10.31.12.00,21338
Heilongjiang,2030.10.31.13.00,20605
Heilongjiang,2030.10.31.14.00,20877
Heilongjiang,2030.10.31.15.00,20906
Heilongjiang,2030.10.31.16.00,22027
Heilongjiang,2030.10.31.17.00,23406
Heilongjiang,2030.10.31.18.00,22113
Heilongjiang,2030.10.31.19.00,21576
Heilongjiang,2030.10.31.20.00,21841
Heilongjiang,2030.10.31.21.00,20651
Heilongjiang,2030.10.31.22.00,19005
Heilongjiang,2030.10.31.23.00,17483
Heilongjiang,2040.01.02.00.00,21227
Heilongjiang,2040.01.02.01.00,20563
Heilongjiang,2040.01.02.02.00,20320
Heilongjiang,2040.01.02.03.00,20187
Heilongjiang,2040.01.02.04.00,20367
Heilongjiang,2040.01.02.05.00,22428
Heilongjiang,2040.01.02.06.00,25573
Heilongjiang,2040.01.02.07.00,26536
Heilongjiang,2040.01.02.08.00,26518
Heilongjiang,2040.01.02.09.00,27190
Heilongjiang,2040.01.02.10.00,28074
Heilongjiang,2040.01.02.11.00,29612
Heilongjiang,2040.01.02.12.00,27385
Heilongjiang,2040.01.02.13.00,26444
Heilongjiang,2040.01.02.14.00,26793
Heilongjiang,2040.01.02.15.00,26831
Heilongjiang,2040.01.02.16.00,28269
Heilongjiang,2040.01.02.17.00,30039
Heilongjiang,2040.01.02.18.00,28378
Heilongjiang,2040.01.02.19.00,27691
Heilongjiang,2040.01.02.20.00,28032
Heilongjiang,2040.01.02.21.00,26504
Heilongjiang,2040.01.02.22.00,24390
Heilongjiang,2040.01.02.23.00,22438
Heilongjiang,2040.04.19.00.00,17195
Heilongjiang,2040.04.19.01.00,16658
Heilongjiang,2040.04.19.02.00,16461
Heilongjiang,2040.04.19.03.00,16353
Heilongjiang,2040.04.19.04.00,16499
Heilongjiang,2040.04.19.05.00,18168
Heilongjiang,2040.04.19.06.00,20716
Heilongjiang,2040.04.19.07.00,21495
Heilongjiang,2040.04.19.08.00,21480
Heilongjiang,2040.04.19.09.00,22026
Heilongjiang,2040.04.19.10.00,22742
Heilongjiang,2040.04.19.11.00,23987
Heilongjiang,2040.04.19.12.00,22183
Heilongjiang,2040.04.19.13.00,21421
Heilongjiang,2040.04.19.14.00,21705
Heilongjiang,2040.04.19.15.00,21734
Heilongjiang,2040.04.19.16.00,22900
Heilongjiang,2040.04.19.17.00,24333
Heilongjiang,2040.04.19.18.00,22989
Heilongjiang,2040.04.19.19.00,22431
Heilongjiang,2040.04.19.20.00,22707
Heilongjiang,2040.04.19.21.00,21469
Heilongjiang,2040.04.19.22.00,19757
Heilongjiang,2040.04.19.23.00,18175
Heilongjiang,2040.07.24.00.00,16392
Heilongjiang,2040.07.24.01.00,15880
Heilongjiang,2040.07.24.02.00,15693
Heilongjiang,2040.07.24.03.00,15590
Heilongjiang,2040.07.24.04.00,15728
Heilongjiang,2040.07.24.05.00,17320
Heilongjiang,2040.07.24.06.00,19749
Heilongjiang,2040.07.24.07.00,20493
Heilongjiang,2040.07.24.08.00,20479
Heilongjiang,2040.07.24.09.00,20998
Heilongjiang,2040.07.24.10.00,21681
Heilongjiang,2040.07.24.11.00,22868
Heilongjiang,2040.07.24.12.00,21149
Heilongjiang,2040.07.24.13.00,20421
Heilongjiang,2040.07.24.14.00,20692
Heilongjiang,2040.07.24.15.00,20720
Heilongjiang,2040.07.24.16.00,21831
Heilongjiang,2040.07.24.17.00,23198
Heilongjiang,2040.07.24.18.00,21916
Heilongjiang,2040.07.24.19.00,21384
Heilongjiang,2040.07.24.20.00,21647
Heilongjiang,2040.07.24.21.00,20467
Heilongjiang,2040.07.24.22.00,18835
Heilongjiang,2040.07.24.23.00,17328
Heilongjiang,2040.10.13.00.00,18762
Heilongjiang,2040.10.13.01.00,18175
Heilongjiang,2040.10.13.02.00,17961
Heilongjiang,2040.10.13.03.00,17843
Heilongjiang,2040.10.13.04.00,18002
Heilongjiang,2040.10.13.05.00,19824
Heilongjiang,2040.10.13.06.00,22604
Heilongjiang,2040.10.13.07.00,23455
Heilongjiang,2040.10.13.08.00,23439
Heilongjiang,2040.10.13.09.00,24033
Heilongjiang,2040.10.13.10.00,24815
Heilongjiang,2040.10.13.11.00,26173
Heilongjiang,2040.10.13.12.00,24205
Heilongjiang,2040.10.13.13.00,23373
Heilongjiang,2040.10.13.14.00,23682
Heilongjiang,2040.10.13.15.00,23715
Heilongjiang,2040.10.13.16.00,24987
Heilongjiang,2040.10.13.17.00,26551
Heilongjiang,2040.10.13.18.00,25083
Heilongjiang,2040.10.13.19.00,24475
Heilongjiang,2040.10.13.20.00,24776
Heilongjiang,2040.10.13.21.00,23426
Heilongjiang,2040.10.13.22.00,21558
Heilongjiang,2040.10.13.23.00,19832
Heilongjiang,2050.01.04.00.00,21695
Heilongjiang,2050.01.04.01.00,21016
Heilongjiang,2050.01.04.02.00,20768
Heilongjiang,2050.01.04.03.00,20632
Heilongjiang,2050.01.04.04.00,20816
Heilongjiang,2050.01.04.05.00,22922
Heilongjiang,2050.01.04.06.00,26138
Heilongjiang,2050.01.04.07.00,27121
Heilongjiang,2050.01.04.08.00,27102
Heilongjiang,2050.01.04.09.00,27790
Heilongjiang,2050.01.04.10.00,28694
Heilongjiang,2050.01.04.11.00,30265
Heilongjiang,2050.01.04.12.00,27989
Heilongjiang,2050.01.04.13.00,27027
Heilongjiang,2050.01.04.14.00,27384
Heilongjiang,2050.01.04.15.00,27423
Heilongjiang,2050.01.04.16.00,28893
Heilongjiang,2050.01.04.17.00,30701
Heilongjiang,2050.01.04.18.00,29005
Heilongjiang,2050.01.04.19.00,28302
Heilongjiang,2050.01.04.20.00,28650
Heilongjiang,2050.01.04.21.00,27088
Heilongjiang,2050.01.04.22.00,24928
Heilongjiang,2050.01.04.23.00,22933
Heilongjiang,2050.04.29.00.00,18974
Heilongjiang,2050.04.29.01.00,18380
Heilongjiang,2050.04.29.02.00,18164
Heilongjiang,2050.04.29.03.00,18045
Heilongjiang,2050.04.29.04.00,18205
Heilongjiang,2050.04.29.05.00,20048
Heilongjiang,2050.04.29.06.00,22860
Heilongjiang,2050.04.29.07.00,23720
Heilongjiang,2050.04.29.08.00,23704
Heilongjiang,2050.04.29.09.00,24305
Heilongjiang,2050.04.29.10.00,25095
Heilongjiang,2050.04.29.11.00,26469
Heilongjiang,2050.04.29.12.00,24479
Heilongjiang,2050.04.29.13.00,23637
Heilongjiang,2050.04.29.14.00,23950
Heilongjiang,2050.04.29.15.00,23983
Heilongjiang,2050.04.29.16.00,25269
Heilongjiang,2050.04.29.17.00,26850
Heilongjiang,2050.04.29.18.00,25367
Heilongjiang,2050.04.29.19.00,24752
Heilongjiang,2050.04.29.20.00,25056
Heilongjiang,2050.04.29.21.00,23691
Heilongjiang,2050.04.29.22.00,21801
Heilongjiang,2050.04.29.23.00,20056
Heilongjiang,2050.07.23.00.00,18687
Heilongjiang,2050.07.23.01.00,18102
Heilongjiang,2050.07.23.02.00,17889
Heilongjiang,2050.07.23.03.00,17771
Heilongjiang,2050.07.23.04.00,17930
Heilongjiang,2050.07.23.05.00,19744
Heilongjiang,2050.07.23.06.00,22513
Heilongjiang,2050.07.23.07.00,23360
Heilongjiang,2050.07.23.08.00,23344
Heilongjiang,2050.07.23.09.00,23936
Heilongjiang,2050.07.23.10.00,24715
Heilongjiang,2050.07.23.11.00,26068
Heilongjiang,2050.07.23.12.00,24108
Heilongjiang,2050.07.23.13.00,23279
Heilongjiang,2050.07.23.14.00,23588
Heilongjiang,2050.07.23.15.00,23620
Heilongjiang,2050.07.23.16.00,24887
Heilongjiang,2050.07.23.17.00,26444
Heilongjiang,2050.07.23.18.00,24983
Heilongjiang,2050.07.23.19.00,24377
Heilongjiang,2050.07.23.20.00,24677
Heilongjiang,2050.07.23.21.00,23331
Heilongjiang,2050.07.23.22.00,21471
Heilongjiang,2050.07.23.23.00,19752
Heilongjiang,2050.10.22.00.00,20559
Heilongjiang,2050.10.22.01.00,19916
Heilongjiang,2050.10.22.02.00,19681
Heilongjiang,2050.10.22.03.00,19551
Heilongjiang,2050.10.22.04.00,19726
Heilongjiang,2050.10.22.05.00,21722
Heilongjiang,2050.10.22.06.00,24769
Heilongjiang,2050.10.22.07.00,25701
Heilongjiang,2050.10.22.08.00,25683
Heilongjiang,2050.10.22.09.00,26334
Heilongjiang,2050.10.22.10.00,27191
Heilongjiang,2050.10.22.11.00,28680
Heilongjiang,2050.10.22.12.00,26523
Heilongjiang,2050.10.22.13.00,25612
Heilongjiang,2050.10.22.14.00,25950
Heilongjiang,2050.10.22.15.00,25987
Heilongjiang,2050.10.22.16.00,27380
Heilongjiang,2050.10.22.17.00,29093
Heilongjiang,2050.10.22.18.00,27486
Heilongjiang,2050.10.22.19.00,26819
Heilongjiang,2050.10.22.20.00,27149
Heilongjiang,2050.10.22.21.00,25669
Heilongjiang,2050.10.22.22.00,23622
Heilongjiang,2050.10.22.23.00,21731
Henan,2030.01.28.00.00,75647
Henan,2030.01.28.01.00,75152
Henan,2030.01.28.02.00,72389
Henan,2030.01.28.03.00,70086
Henan,2030.01.28.04.00,67924
Henan,2030.01.28.05.00,66767
Henan,2030.01.28.06.00,67616
Henan,2030.01.28.07.00,69699
Henan,2030.01.28.08.00,69950
Henan,2030.01.28.09.00,72397
Henan,2030.01.28.10.00,76674
Henan,2030.01.28.11.00,81258
Henan,2030.01.28.12.00,84966
Henan,2030.01.28.13.00,86995
Henan,2030.01.28.14.00,86079
Henan,2030.01.28.15.00,85020
Henan,2030.01.28.16.00,84248
Henan,2030.01.28.17.00,82539
Henan,2030.01.28.18.00,81461
Henan,2030.01.28.19.00,79370
Henan,2030.01.28.20.00,81400
Henan,2030.01.28.21.00,83820
Henan,2030.01.28.22.00,82776
Henan,2030.01.28.23.00,78666
Henan,2030.04.15.00.00,57645
Henan,2030.04.15.01.00,57267
Henan,2030.04.15.02.00,55163
Henan,2030.04.15.03.00,53407
Henan,2030.04.15.04.00,51760
Henan,2030.04.15.05.00,50878
Henan,2030.04.15.06.00,51525
Henan,2030.04.15.07.00,53112
Henan,2030.04.15.08.00,53303
Henan,2030.04.15.09.00,55168
Henan,2030.04.15.10.00,58428
Henan,2030.04.15.11.00,61921
Henan,2030.04.15.12.00,64747
Henan,2030.04.15.13.00,66292
Henan,2030.04.15.14.00,65594
Henan,2030.04.15.15.00,64787
Henan,2030.04.15.16.00,64199
Henan,2030.04.15.17.00,62897
Henan,2030.04.15.18.00,62075
Henan,2030.04.15.19.00,60482
Henan,2030.04.15.20.00,62029
Henan,2030.04.15.21.00,63872
Henan,2030.04.15.22.00,63078
Henan,2030.04.15.23.00,59945
Henan,2030.07.01.00.00,77611
Henan,2030.07.01.01.00,77102
Henan,2030.07.01.02.00,74269
Henan,2030.07.01.03.00,71906
Henan,2030.07.01.04.00,69687
Henan,2030.07.01.05.00,68500
Henan,2030.07.01.06.00,69371
Henan,2030.07.01.07.00,71508
Henan,2030.07.01.08.00,71765
Henan,2030.07.01.09.00,74275
Henan,2030.07.01.10.00,78664
Henan,2030.07.01.11.00,83368
Henan,2030.07.01.12.00,87172
Henan,2030.07.01.13.00,89253
Henan,2030.07.01.14.00,88314
Henan,2030.07.01.15.00,87227
Henan,2030.07.01.16.00,86435
Henan,2030.07.01.17.00,84682
Henan,2030.07.01.18.00,83576
Henan,2030.07.01.19.00,81431
Henan,2030.07.01.20.00,83514
Henan,2030.07.01.21.00,85995
Henan,2030.07.01.22.00,84925
Henan,2030.07.01.23.00,80709
Henan,2030.10.31.00.00,60633
Henan,2030.10.31.01.00,60235
Henan,2030.10.31.02.00,58022
Henan,2030.10.31.03.00,56175
Henan,2030.10.31.04.00,54443
Henan,2030.10.31.05.00,53515
Henan,2030.10.31.06.00,54196
Henan,2030.10.31.07.00,55865
Henan,2030.10.31.08.00,56066
Henan,2030.10.31.09.00,58027
Henan,2030.10.31.10.00,61456
Henan,2030.10.31.11.00,65130
Henan,2030.10.31.12.00,68102
Henan,2030.10.31.13.00,69728
Henan,2030.10.31.14.00,68994
Henan,2030.10.31.15.00,68145
Henan,2030.10.31.16.00,67526
Henan,2030.10.31.17.00,66157
Henan,2030.10.31.18.00,65293
Henan,2030.10.31.19.00,63617
Henan,2030.10.31.20.00,65244
Henan,2030.10.31.21.00,67183
Henan,2030.10.31.22.00,66347
Henan,2030.10.31.23.00,63053
Henan,2040.01.02.00.00,89700
Henan,2040.01.02.01.00,89112
Henan,2040.01.02.02.00,85838
Henan,2040.01.02.03.00,83107
Henan,2040.01.02.04.00,80542
Henan,2040.01.02.05.00,79170
Henan,2040.01.02.06.00,80177
Henan,2040.01.02.07.00,82648
Henan,2040.01.02.08.00,82944
Henan,2040.01.02.09.00,85845
Henan,2040.01.02.10.00,90918
Henan,2040.01.02.11.00,96354
Henan,2040.01.02.12.00,100751
Henan,2040.01.02.13.00,103156
Henan,2040.01.02.14.00,102070
Henan,2040.01.02.15.00,100815
Henan,2040.01.02.16.00,99899
Henan,2040.01.02.17.00,97873
Henan,2040.01.02.18.00,96594
Henan,2040.01.02.19.00,94115
Henan,2040.01.02.20.00,96523
Henan,2040.01.02.21.00,99391
Henan,2040.01.02.22.00,98155
Henan,2040.01.02.23.00,93281
Henan,2040.04.19.00.00,68573
Henan,2040.04.19.01.00,68124
Henan,2040.04.19.02.00,65621
Henan,2040.04.19.03.00,63533
Henan,2040.04.19.04.00,61572
Henan,2040.04.19.05.00,60523
Henan,2040.04.19.06.00,61293
Henan,2040.04.19.07.00,63181
Henan,2040.04.19.08.00,63408
Henan,2040.04.19.09.00,65626
Henan,2040.04.19.10.00,69504
Henan,2040.04.19.11.00,73659
Henan,2040.04.19.12.00,77021
Henan,2040.04.19.13.00,78859
Henan,2040.04.19.14.00,78029
Henan,2040.04.19.15.00,77069
Henan,2040.04.19.16.00,76369
Henan,2040.04.19.17.00,74821
Henan,2040.04.19.18.00,73843
Henan,2040.04.19.19.00,71948
Henan,2040.04.19.20.00,73788
Henan,2040.04.19.21.00,75982
Henan,2040.04.19.22.00,75035
Henan,2040.04.19.23.00,71310
Henan,2040.07.24.00.00,109567
Henan,2040.07.24.01.00,108849
Henan,2040.07.24.02.00,104850
Henan,2040.07.24.03.00,101513
Henan,2040.07.24.04.00,98381
Henan,2040.07.24.05.00,96705
Henan,2040.07.24.06.00,97935
Henan,2040.07.24.07.00,100952
Henan,2040.07.24.08.00,101315
Henan,2040.07.24.09.00,104859
Henan,2040.07.24.10.00,111055
Henan,2040.07.24.11.00,117695
Henan,2040.07.24.12.00,123065
Henan,2040.07.24.13.00,126003
Henan,2040.07.24.14.00,124677
Henan,2040.07.24.15.00,123143
Henan,2040.07.24.16.00,122025
Henan,2040.07.24.17.00,119550
Henan,2040.07.24.18.00,117989
Henan,2040.07.24.19.00,114960
Henan,2040.07.24.20.00,117900
Henan,2040.07.24.21.00,121404
Henan,2040.07.24.22.00,119894
Henan,2040.07.24.23.00,113940
Henan,2040.10.13.00.00,72260
Henan,2040.10.13.01.00,71787
Henan,2040.10.13.02.00,69149
Henan,2040.10.13.03.00,66949
Henan,2040.10.13.04.00,64883
Henan,2040.10.13.05.00,63778
Henan,2040.10.13.06.00,64589
Henan,2040.10.13.07.00,66578
Henan,2040.10.13.08.00,66818
Henan,2040.10.13.09.00,69155
Henan,2040.10.13.10.00,73241
Henan,2040.10.13.11.00,77620
Henan,2040.10.13.12.00,81162
Henan,2040.10.13.13.00,83099
Henan,2040.10.13.14.00,82225
Henan,2040.10.13.15.00,81213
Henan,2040.10.13.16.00,80476
Henan,2040.10.13.17.00,78844
Henan,2040.10.13.18.00,77814
Henan,2040.10.13.19.00,75818
Henan,2040.10.13.20.00,77756
Henan,2040.10.13.21.00,80067
Henan,2040.10.13.22.00,79070
Henan,2040.10.13.23.00,75144
Henan,2050.01.04.00.00,95278
Henan,2050.01.04.01.00,94654
Henan,2050.01.04.02.00,91176
Henan,2050.01.04.03.00,88275
Henan,2050.01.04.04.00,85551
Henan,2050.01.04.05.00,84094
Henan,2050.01.04.06.00,85164
Henan,2050.01.04.07.00,87787
Henan,2050.01.04.08.00,88103
Henan,2050.01.04.09.00,91184
Henan,2050.01.04.10.00,96572
Henan,2050.01.04.11.00,102346
Henan,2050.01.04.12.00,107016
Henan,2050.01.04.13.00,109570
Henan,2050.01.04.14.00,108418
Henan,2050.01.04.15.00,107084
Henan,2050.01.04.16.00,106111
Henan,2050.01.04.17.00,103959
Henan,2050.01.04.18.00,102601
Henan,2050.01.04.19.00,99968
Henan,2050.01.04.20.00,102524
Henan,2050.01.04.21.00,105572
Henan,2050.01.04.22.00,104258
Henan,2050.01.04.23.00,99082
Henan,2050.04.29.00.00,73022
Henan,2050.04.29.01.00,72543
Henan,2050.04.29.02.00,69878
Henan,2050.04.29.03.00,67655
Henan,2050.04.29.04.00,65568
Henan,2050.04.29.05.00,64450
Henan,2050.04.29.06.00,65270
Henan,2050.04.29.07.00,67281
Henan,2050.04.29.08.00,67522
Henan,2050.04.29.09.00,69884
Henan,2050.04.29.10.00,74013
Henan,2050.04.29.11.00,78439
Henan,2050.04.29.12.00,82018
Henan,2050.04.29.13.00,83976
Henan,2050.04.29.14.00,83092
Henan,2050.04.29.15.00,82070
Henan,2050.04.29.16.00,81325
Henan,2050.04.29.17.00,79675
Henan,2050.04.29.18.00,78635
Henan,2050.04.29.19.00,76616
Henan,2050.04.29.20.00,78576
Henan,2050.04.29.21.00,80912
Henan,2050.04.29.22.00,79905
Henan,2050.04.29.23.00,75937
Henan,2050.07.23.00.00,124529
Henan,2050.07.23.01.00,123713
Henan,2050.07.23.02.00,119167
Henan,2050.07.23.03.00,115375
Henan,2050.07.23.04.00,111815
Henan,2050.07.23.05.00,109910
Henan,2050.07.23.06.00,111309
Henan,2050.07.23.07.00,114738
Henan,2050.07.23.08.00,115149
Henan,2050.07.23.09.00,119177
Henan,2050.07.23.10.00,126219
Henan,2050.07.23.11.00,133766
Henan,2050.07.23.12.00,139870
Henan,2050.07.23.13.00,143209
Henan,2050.07.23.14.00,141701
Henan,2050.07.23.15.00,139958
Henan,2050.07.23.16.00,138686
Henan,2050.07.23.17.00,135875
Henan,2050.07.23.18.00,134099
Henan,2050.07.23.19.00,130658
Henan,2050.07.23.20.00,133999
Henan,2050.07.23.21.00,137983
Henan,2050.07.23.22.00,136265
Henan,2050.07.23.23.00,129499
Henan,2050.10.22.00.00,78984
Henan,2050.10.22.01.00,78466
Henan,2050.10.22.02.00,75582
Henan,2050.10.22.03.00,73178
Henan,2050.10.22.04.00,70920
Henan,2050.10.22.05.00,69711
Henan,2050.10.22.06.00,70598
Henan,2050.10.22.07.00,72773
Henan,2050.10.22.08.00,73034
Henan,2050.10.22.09.00,75589
Henan,2050.10.22.10.00,80056
Henan,2050.10.22.11.00,84842
Henan,2050.10.22.12.00,88713
Henan,2050.10.22.13.00,90831
Henan,2050.10.22.14.00,89875
Henan,2050.10.22.15.00,88770
Henan,2050.10.22.16.00,87963
Henan,2050.10.22.17.00,86180
Henan,2050.10.22.18.00,85054
Henan,2050.10.22.19.00,82871
Henan,2050.10.22.20.00,84990
Henan,2050.10.22.21.00,87516
Henan,2050.10.22.22.00,86427
Henan,2050.10.22.23.00,82136
Hubei,2030.01.28.00.00,45282
Hubei,2030.01.28.01.00,44389
Hubei,2030.01.28.02.00,43379
Hubei,2030.01.28.03.00,41867
Hubei,2030.01.28.04.00,40877
Hubei,2030.01.28.05.00,40013
Hubei,2030.01.28.06.00,39747
Hubei,2030.01.28.07.00,39846
Hubei,2030.01.28.08.00,41247
Hubei,2030.01.28.09.00,44947
Hubei,2030.01.28.10.00,47190
Hubei,2030.01.28.11.00,48845
Hubei,2030.01.28.12.00,49070
Hubei,2030.01.28.13.00,50976
Hubei,2030.01.28.14.00,51756
Hubei,2030.01.28.15.00,51714
Hubei,2030.01.28.16.00,51151
Hubei,2030.01.28.17.00,50321
Hubei,2030.01.28.18.00,47253
Hubei,2030.01.28.19.00,45055
Hubei,2030.01.28.20.00,48510
Hubei,2030.01.28.21.00,50583
Hubei,2030.01.28.22.00,50095
Hubei,2030.01.28.23.00,47627
Hubei,2030.04.15.00.00,33172
Hubei,2030.04.15.01.00,32519
Hubei,2030.04.15.02.00,31778
Hubei,2030.04.15.03.00,30670
Hubei,2030.04.15.04.00,29945
Hubei,2030.04.15.05.00,29313
Hubei,2030.04.15.06.00,29119
Hubei,2030.04.15.07.00,29191
Hubei,2030.04.15.08.00,30218
Hubei,2030.04.15.09.00,32928
Hubei,2030.04.15.10.00,34571
Hubei,2030.04.15.11.00,35783
Hubei,2030.04.15.12.00,35949
Hubei,2030.04.15.13.00,37343
Hubei,2030.04.15.14.00,37915
Hubei,2030.04.15.15.00,37885
Hubei,2030.04.15.16.00,37473
Hubei,2030.04.15.17.00,36864
Hubei,2030.04.15.18.00,34616
Hubei,2030.04.15.19.00,33007
Hubei,2030.04.15.20.00,35538
Hubei,2030.04.15.21.00,37057
Hubei,2030.04.15.22.00,36700
Hubei,2030.04.15.23.00,34890
Hubei,2030.07.01.00.00,48418
Hubei,2030.07.01.01.00,47464
Hubei,2030.07.01.02.00,46383
Hubei,2030.07.01.03.00,44767
Hubei,2030.07.01.04.00,43708
Hubei,2030.07.01.05.00,42785
Hubei,2030.07.01.06.00,42501
Hubei,2030.07.01.07.00,42607
Hubei,2030.07.01.08.00,44105
Hubei,2030.07.01.09.00,48060
Hubei,2030.07.01.10.00,50459
Hubei,2030.07.01.11.00,52228
Hubei,2030.07.01.12.00,52470
Hubei,2030.07.01.13.00,54507
Hubei,2030.07.01.14.00,55341
Hubei,2030.07.01.15.00,55296
Hubei,2030.07.01.16.00,54694
Hubei,2030.07.01.17.00,53806
Hubei,2030.07.01.18.00,50526
Hubei,2030.07.01.19.00,48177
Hubei,2030.07.01.20.00,51870
Hubei,2030.07.01.21.00,54088
Hubei,2030.07.01.22.00,53565
Hubei,2030.07.01.23.00,50926
Hubei,2030.10.31.00.00,35464
Hubei,2030.10.31.01.00,34766
Hubei,2030.10.31.02.00,33974
Hubei,2030.10.31.03.00,32790
Hubei,2030.10.31.04.00,32015
Hubei,2030.10.31.05.00,31337
Hubei,2030.10.31.06.00,31130
Hubei,2030.10.31.07.00,31208
Hubei,2030.10.31.08.00,32304
Hubei,2030.10.31.09.00,35202
Hubei,2030.10.31.10.00,36960
Hubei,2030.10.31.11.00,38255
Hubei,2030.10.31.12.00,38433
Hubei,2030.10.31.13.00,39924
Hubei,2030.10.31.14.00,40535
Hubei,2030.10.31.15.00,40502
Hubei,2030.10.31.16.00,40062
Hubei,2030.10.31.17.00,39411
Hubei,2030.10.31.18.00,37008
Hubei,2030.10.31.19.00,35287
Hubei,2030.10.31.20.00,37993
Hubei,2030.10.31.21.00,39617
Hubei,2030.10.31.22.00,39234
Hubei,2030.10.31.23.00,37301
Hubei,2040.01.02.00.00,50878
Hubei,2040.01.02.01.00,49874
Hubei,2040.01.02.02.00,48739
Hubei,2040.01.02.03.00,47040
Hubei,2040.01.02.04.00,45928
Hubei,2040.01.02.05.00,44958
Hubei,2040.01.02.06.00,44660
Hubei,2040.01.02.07.00,44771
Hubei,2040.01.02.08.00,46344
Hubei,2040.01.02.09.00,50501
Hubei,2040.01.02.10.00,53022
Hubei,2040.01.02.11.00,54881
Hubei,2040.01.02.12.00,55134
Hubei,2040.01.02.13.00,57274
Hubei,2040.01.02.14.00,58151
Hubei,2040.01.02.15.00,58104
Hubei,2040.01.02.16.00,57472
Hubei,2040.01.02.17.00,56539
Hubei,2040.01.02.18.00,53091
Hubei,2040.01.02.19.00,50623
Hubei,2040.01.02.20.00,54505
Hubei,2040.01.02.21.00,56833
Hubei,2040.01.02.22.00,56286
Hubei,2040.01.02.23.00,53511
Hubei,2040.04.19.00.00,39469
Hubei,2040.04.19.01.00,38691
Hubei,2040.04.19.02.00,37809
Hubei,2040.04.19.03.00,36492
Hubei,2040.04.19.04.00,35629
Hubei,2040.04.19.05.00,34876
Hubei,2040.04.19.06.00,34645
Hubei,2040.04.19.07.00,34732
Hubei,2040.04.19.08.00,35952
Hubei,2040.04.19.09.00,39177
Hubei,2040.04.19.10.00,41133
Hubei,2040.04.19.11.00,42575
Hubei,2040.04.19.12.00,42772
Hubei,2040.04.19.13.00,44431
Hubei,2040.04.19.14.00,45112
Hubei,2040.04.19.15.00,45075
Hubei,2040.04.19.16.00,44584
Hubei,2040.04.19.17.00,43861
Hubei,2040.04.19.18.00,41187
Hubei,2040.04.19.19.00,39271
Hubei,2040.04.19.20.00,42282
Hubei,2040.04.19.21.00,44090
Hubei,2040.04.19.22.00,43664
Hubei,2040.04.19.23.00,41512
Hubei,2040.07.24.00.00,62514
Hubei,2040.07.24.01.00,61281
Hubei,2040.07.24.02.00,59885
Hubei,2040.07.24.03.00,57798
Hubei,2040.07.24.04.00,56432
Hubei,2040.07.24.05.00,55239
Hubei,2040.07.24.06.00,54874
Hubei,2040.07.24.07.00,55010
Hubei,2040.07.24.08.00,56944
Hubei,2040.07.24.09.00,62051
Hubei,2040.07.24.10.00,65148
Hubei,2040.07.24.11.00,67432
Hubei,2040.07.24.12.00,67744
Hubei,2040.07.24.13.00,70373
Hubei,2040.07.24.14.00,71451
Hubei,2040.07.24.15.00,71393
Hubei,2040.07.24.16.00,70616
Hubei,2040.07.24.17.00,69469
Hubei,2040.07.24.18.00,65233
Hubei,2040.07.24.19.00,62201
Hubei,2040.07.24.20.00,66970
Hubei,2040.07.24.21.00,69832
Hubei,2040.07.24.22.00,69159
Hubei,2040.07.24.23.00,65750
Hubei,2040.10.13.00.00,42492
Hubei,2040.10.13.01.00,41655
Hubei,2040.10.13.02.00,40706
Hubei,2040.10.13.03.00,39287
Hubei,2040.10.13.04.00,38358
Hubei,2040.10.13.05.00,37548
Hubei,2040.10.13.06.00,37299
Hubei,2040.10.13.07.00,37392
Hubei,2040.10.13.08.00,38706
Hubei,2040.10.13.09.00,42178
Hubei,2040.10.13.10.00,44283
Hubei,2040.10.13.11.00,45836
Hubei,2040.10.13.12.00,46048
Hubei,2040.10.13.13.00,47835
Hubei,2040.10.13.14.00,48567
Hubei,2040.10.13.15.00,48529
Hubei,2040.10.13.16.00,48000
Hubei,2040.10.13.17.00,47221
Hubei,2040.10.13.18.00,44341
Hubei,2040.10.13.19.00,42280
Hubei,2040.10.13.20.00,45522
Hubei,2040.10.13.21.00,47467
Hubei,2040.10.13.22.00,47010
Hubei,2040.10.13.23.00,44692
Hubei,2050.01.04.00.00,57227
Hubei,2050.01.04.01.00,56099
Hubei,2050.01.04.02.00,54822
Hubei,2050.01.04.03.00,52911
Hubei,2050.01.04.04.00,51660
Hubei,2050.01.04.05.00,50569
Hubei,2050.01.04.06.00,50234
Hubei,2050.01.04.07.00,50358
Hubei,2050.01.04.08.00,52128
Hubei,2050.01.04.09.00,56804
Hubei,2050.01.04.10.00,59639
Hubei,2050.01.04.11.00,61730
Hubei,2050.01.04.12.00,62016
Hubei,2050.01.04.13.00,64423
Hubei,2050.01.04.14.00,65410
Hubei,2050.01.04.15.00,65357
Hubei,2050.01.04.16.00,64645
Hubei,2050.01.04.17.00,63595
Hubei,2050.01.04.18.00,59718
Hubei,2050.01.04.19.00,56942
Hubei,2050.01.04.20.00,61307
Hubei,2050.01.04.21.00,63927
Hubei,2050.01.04.22.00,63310
Hubei,2050.01.04.23.00,60190
Hubei,2050.04.29.00.00,40754
Hubei,2050.04.29.01.00,39951
Hubei,2050.04.29.02.00,39042
Hubei,2050.04.29.03.00,37681
Hubei,2050.04.29.04.00,36789
Hubei,2050.04.29.05.00,36012
Hubei,2050.04.29.06.00,35773
Hubei,2050.04.29.07.00,35863
Hubei,2050.04.29.08.00,37123
Hubei,2050.04.29.09.00,40453
Hubei,2050.04.29.10.00,42472
Hubei,2050.04.29.11.00,43961
Hubei,2050.04.29.12.00,44164
Hubei,2050.04.29.13.00,45879
Hubei,2050.04.29.14.00,46581
Hubei,2050.04.29.15.00,46544
Hubei,2050.04.29.16.00,46037
Hubei,2050.04.29.17.00,45289
Hubei,2050.04.29.18.00,42528
Hubei,2050.04.29.19.00,40550
Hubei,2050.04.29.20.00,43660
Hubei,2050.04.29.21.00,45526
Hubei,2050.04.29.22.00,45087
Hubei,2050.04.29.23.00,42864
Hubei,2050.07.23.00.00,72116
Hubei,2050.07.23.01.00,70694
Hubei,2050.07.23.02.00,69085
Hubei,2050.07.23.03.00,66676
Hubei,2050.07.23.04.00,65099
Hubei,2050.07.23.05.00,63725
Hubei,2050.07.23.06.00,63302
Hubei,2050.07.23.07.00,63460
Hubei,2050.07.23.08.00,65690
Hubei,2050.07.23.09.00,71583
Hubei,2050.07.23.10.00,75156
Hubei,2050.07.23.11.00,77790
Hubei,2050.07.23.12.00,78150
Hubei,2050.07.23.13.00,81183
Hubei,2050.07.23.14.00,82426
Hubei,2050.07.23.15.00,82359
Hubei,2050.07.23.16.00,81463
Hubei,2050.07.23.17.00,80140
Hubei,2050.07.23.18.00,75254
Hubei,2050.07.23.19.00,71755
Hubei,2050.07.23.20.00,77257
Hubei,2050.07.23.21.00,80559
Hubei,2050.07.23.22.00,79782
Hubei,2050.07.23.23.00,75850
Hubei,2050.10.22.00.00,45922
Hubei,2050.10.22.01.00,45018
Hubei,2050.10.22.02.00,43993
Hubei,2050.10.22.03.00,42459
Hubei,2050.10.22.04.00,41455
Hubei,2050.10.22.05.00,40579
Hubei,2050.10.22.06.00,40310
Hubei,2050.10.22.07.00,40410
Hubei,2050.10.22.08.00,41831
Hubei,2050.10.22.09.00,45583
Hubei,2050.10.22.10.00,47858
Hubei,2050.10.22.11.00,49536
Hubei,2050.10.22.12.00,49765
Hubei,2050.10.22.13.00,51697
Hubei,2050.10.22.14.00,52488
Hubei,2050.10.22.15.00,52445
Hubei,2050.10.22.16.00,51875
Hubei,2050.10.22.17.00,51033
Hubei,2050.10.22.18.00,47921
Hubei,2050.10.22.19.00,45693
Hubei,2050.10.22.20.00,49197
Hubei,2050.10.22.21.00,51299
Hubei,2050.10.22.22.00,50804
Hubei,2050.10.22.23.00,48300
Hunan,2030.01.28.00.00,41936
Hunan,2030.01.28.01.00,37287
Hunan,2030.01.28.02.00,35417
Hunan,2030.01.28.03.00,34069
Hunan,2030.01.28.04.00,32625
Hunan,2030.01.28.05.00,31721
Hunan,2030.01.28.06.00,31737
Hunan,2030.01.28.07.00,33052
Hunan,2030.01.28.08.00,34997
Hunan,2030.01.28.09.00,38545
Hunan,2030.01.28.10.00,41384
Hunan,2030.01.28.11.00,43996
Hunan,2030.01.28.12.00,44148
Hunan,2030.01.28.13.00,44400
Hunan,2030.01.28.14.00,44480
Hunan,2030.01.28.15.00,43541
Hunan,2030.01.28.16.00,42960
Hunan,2030.01.28.17.00,43616
Hunan,2030.01.28.18.00,41763
Hunan,2030.01.28.19.00,40643
Hunan,2030.01.28.20.00,44046
Hunan,2030.01.28.21.00,45203
Hunan,2030.01.28.22.00,43934
Hunan,2030.01.28.23.00,42166
Hunan,2030.04.15.00.00,28779
Hunan,2030.04.15.01.00,25589
Hunan,2030.04.15.02.00,24306
Hunan,2030.04.15.03.00,23379
Hunan,2030.04.15.04.00,22389
Hunan,2030.04.15.05.00,21769
Hunan,2030.04.15.06.00,21780
Hunan,2030.04.15.07.00,22682
Hunan,2030.04.15.08.00,24017
Hunan,2030.04.15.09.00,26452
Hunan,2030.04.15.10.00,28400
Hunan,2030.04.15.11.00,30193
Hunan,2030.04.15.12.00,30296
Hunan,2030.04.15.13.00,30469
Hunan,2030.04.15.14.00,30525
Hunan,2030.04.15.15.00,29880
Hunan,2030.04.15.16.00,29482
Hunan,2030.04.15.17.00,29932
Hunan,2030.04.15.18.00,28660
Hunan,2030.04.15.19.00,27892
Hunan,2030.04.15.20.00,30227
Hunan,2030.04.15.21.00,31021
Hunan,2030.04.15.22.00,30150
Hunan,2030.04.15.23.00,28936
Hunan,2030.07.01.00.00,41538
Hunan,2030.07.01.01.00,36933
Hunan,2030.07.01.02.00,35082
Hunan,2030.07.01.03.00,33746
Hunan,2030.07.01.04.00,32316
Hunan,2030.07.01.05.00,31420
Hunan,2030.07.01.06.00,31436
Hunan,2030.07.01.07.00,32738
Hunan,2030.07.01.08.00,34666
Hunan,2030.07.01.09.00,38180
Hunan,2030.07.01.10.00,40992
Hunan,2030.07.01.11.00,43578
Hunan,2030.07.01.12.00,43728
Hunan,2030.07.01.13.00,43978
Hunan,2030.07.01.14.00,44058
Hunan,2030.07.01.15.00,43128
Hunan,2030.07.01.16.00,42553
Hunan,2030.07.01.17.00,43202
Hunan,2030.07.01.18.00,41367
Hunan,2030.07.01.19.00,40257
Hunan,2030.07.01.20.00,43627
Hunan,2030.07.01.21.00,44774
Hunan,2030.07.01.22.00,43517
Hunan,2030.07.01.23.00,41766
Hunan,2030.10.31.00.00,30138
Hunan,2030.10.31.01.00,26796
Hunan,2030.10.31.02.00,25453
Hunan,2030.10.31.03.00,24483
Hunan,2030.10.31.04.00,23446
Hunan,2030.10.31.05.00,22796
Hunan,2030.10.31.06.00,22808
Hunan,2030.10.31.07.00,23753
Hunan,2030.10.31.08.00,25151
Hunan,2030.10.31.09.00,27700
Hunan,2030.10.31.10.00,29741
Hunan,2030.10.31.11.00,31618
Hunan,2030.10.31.12.00,31726
Hunan,2030.10.31.13.00,31908
Hunan,2030.10.31.14.00,31966
Hunan,2030.10.31.15.00,31291
Hunan,2030.10.31.16.00,30873
Hunan,2030.10.31.17.00,31345
Hunan,2030.10.31.18.00,30014
Hunan,2030.10.31.19.00,29209
Hunan,2030.10.31.20.00,31654
Hunan,2030.10.31.21.00,32485
Hunan,2030.10.31.22.00,31573
Hunan,2030.10.31.23.00,30302
Hunan,2040.01.02.00.00,47839
Hunan,2040.01.02.01.00,42535
Hunan,2040.01.02.02.00,40402
Hunan,2040.01.02.03.00,38864
Hunan,2040.01.02.04.00,37217
Hunan,2040.01.02.05.00,36186
Hunan,2040.01.02.06.00,36204
Hunan,2040.01.02.07.00,37703
Hunan,2040.01.02.08.00,39923
Hunan,2040.01.02.09.00,43970
Hunan,2040.01.02.10.00,47209
Hunan,2040.01.02.11.00,50188
Hunan,2040.01.02.12.00,50360
Hunan,2040.01.02.13.00,50649
Hunan,2040.01.02.14.00,50741
Hunan,2040.01.02.15.00,49669
Hunan,2040.01.02.16.00,49007
Hunan,2040.01.02.17.00,49755
Hunan,2040.01.02.18.00,47641
Hunan,2040.01.02.19.00,46364
Hunan,2040.01.02.20.00,50245
Hunan,2040.01.02.21.00,51565
Hunan,2040.01.02.22.00,50118
Hunan,2040.01.02.23.00,48100
Hunan,2040.04.19.00.00,34620
Hunan,2040.04.19.01.00,30782
Hunan,2040.04.19.02.00,29238
Hunan,2040.04.19.03.00,28124
Hunan,2040.04.19.04.00,26933
Hunan,2040.04.19.05.00,26186
Hunan,2040.04.19.06.00,26201
Hunan,2040.04.19.07.00,27285
Hunan,2040.04.19.08.00,28892
Hunan,2040.04.19.09.00,31820
Hunan,2040.04.19.10.00,34164
Hunan,2040.04.19.11.00,36320
Hunan,2040.04.19.12.00,36446
Hunan,2040.04.19.13.00,36654
Hunan,2040.04.19.14.00,36720
Hunan,2040.04.19.15.00,35945
Hunan,2040.04.19.16.00,35465
Hunan,2040.04.19.17.00,36007
Hunan,2040.04.19.18.00,34477
Hunan,2040.04.19.19.00,33553
Hunan,2040.04.19.20.00,36361
Hunan,2040.04.19.21.00,37317
Hunan,2040.04.19.22.00,36269
Hunan,2040.04.19.23.00,34810
Hunan,2040.07.24.00.00,46182
Hunan,2040.07.24.01.00,41062
Hunan,2040.07.24.02.00,39003
Hunan,2040.07.24.03.00,37518
Hunan,2040.07.24.04.00,35927
Hunan,2040.07.24.05.00,34932
Hunan,2040.07.24.06.00,34950
Hunan,2040.07.24.07.00,36398
Hunan,2040.07.24.08.00,38541
Hunan,2040.07.24.09.00,42447
Hunan,2040.07.24.10.00,45574
Hunan,2040.07.24.11.00,48450
Hunan,2040.07.24.12.00,48616
Hunan,2040.07.24.13.00,48895
Hunan,2040.07.24.14.00,48983
Hunan,2040.07.24.15.00,47948
Hunan,2040.07.24.16.00,47310
Hunan,2040.07.24.17.00,48032
Hunan,2040.07.24.18.00,45991
Hunan,2040.07.24.19.00,44758
Hunan,2040.07.24.20.00,48505
Hunan,2040.07.24.21.00,49779
Hunan,2040.07.24.22.00,48382
Hunan,2040.07.24.23.00,46434
Hunan,2040.10.13.00.00,35750
Hunan,2040.10.13.01.00,31786
Hunan,2040.10.13.02.00,30193
Hunan,2040.10.13.03.00,29042
Hunan,2040.10.13.04.00,27812
Hunan,2040.10.13.05.00,27041
Hunan,2040.10.13.06.00,27056
Hunan,2040.10.13.07.00,28176
Hunan,2040.10.13.08.00,29835
Hunan,2040.10.13.09.00,32859
Hunan,2040.10.13.10.00,35280
Hunan,2040.10.13.11.00,37506
Hunan,2040.10.13.12.00,37635
Hunan,2040.10.13.13.00,37850
Hunan,2040.10.13.14.00,37919
Hunan,2040.10.13.15.00,37118
Hunan,2040.10.13.16.00,36623
Hunan,2040.10.13.17.00,37182
Hunan,2040.10.13.18.00,35602
Hunan,2040.10.13.19.00,34647
Hunan,2040.10.13.20.00,37548
Hunan,2040.10.13.21.00,38535
Hunan,2040.10.13.22.00,37453
Hunan,2040.10.13.23.00,35946
Hunan,2050.01.04.00.00,54984
Hunan,2050.01.04.01.00,48889
Hunan,2050.01.04.02.00,46438
Hunan,2050.01.04.03.00,44669
Hunan,2050.01.04.04.00,42776
Hunan,2050.01.04.05.00,41591
Hunan,2050.01.04.06.00,41612
Hunan,2050.01.04.07.00,43335
Hunan,2050.01.04.08.00,45887
Hunan,2050.01.04.09.00,50538
Hunan,2050.01.04.10.00,54260
Hunan,2050.01.04.11.00,57685
Hunan,2050.01.04.12.00,57883
Hunan,2050.01.04.13.00,58213
Hunan,2050.01.04.14.00,58320
Hunan,2050.01.04.15.00,57087
Hunan,2050.01.04.16.00,56327
Hunan,2050.01.04.17.00,57186
Hunan,2050.01.04.18.00,54757
Hunan,2050.01.04.19.00,53289
Hunan,2050.01.04.20.00,57749
Hunan,2050.01.04.21.00,59267
Hunan,2050.01.04.22.00,57603
Hunan,2050.01.04.23.00,55285
Hunan,2050.04.29.00.00,34681
Hunan,2050.04.29.01.00,30836
Hunan,2050.04.29.02.00,29290
Hunan,2050.04.29.03.00,28174
Hunan,2050.04.29.04.00,26980
Hunan,2050.04.29.05.00,26233
Hunan,2050.04.29.06.00,26247
Hunan,2050.04.29.07.00,27334
Hunan,2050.04.29.08.00,28943
Hunan,2050.04.29.09.00,31876
Hunan,2050.04.29.10.00,34224
Hunan,2050.04.29.11.00,36384
Hunan,2050.04.29.12.00,36510
Hunan,2050.04.29.13.00,36718
Hunan,2050.04.29.14.00,36785
Hunan,2050.04.29.15.00,36008
Hunan,2050.04.29.16.00,35529
Hunan,2050.04.29.17.00,36070
Hunan,2050.04.29.18.00,34538
Hunan,2050.04.29.19.00,33612
Hunan,2050.04.29.20.00,36425
Hunan,2050.04.29.21.00,37383
Hunan,2050.04.29.22.00,36333
Hunan,2050.04.29.23.00,34871
Hunan,2050.07.23.00.00,57540
Hunan,2050.07.23.01.00,51161
Hunan,2050.07.23.02.00,48596
Hunan,2050.07.23.03.00,46745
Hunan,2050.07.23.04.00,44764
Hunan,2050.07.23.05.00,43523
Hunan,2050.07.23.06.00,43546
Hunan,2050.07.23.07.00,45349
Hunan,2050.07.23.08.00,48020
Hunan,2050.07.23.09.00,52887
Hunan,2050.07.23.10.00,56782
Hunan,2050.07.23.11.00,60366
Hunan,2050.07.23.12.00,60574
Hunan,2050.07.23.13.00,60920
Hunan,2050.07.23.14.00,61031
Hunan,2050.07.23.15.00,59741
Hunan,2050.07.23.16.00,58946
Hunan,2050.07.23.17.00,59844
Hunan,2050.07.23.18.00,57303
Hunan,2050.07.23.19.00,55765
Hunan,2050.07.23.20.00,60434
Hunan,2050.07.23.21.00,62022
Hunan,2050.07.23.22.00,60281
Hunan,2050.07.23.23.00,57854
Hunan,2050.10.22.00.00,38666
Hunan,2050.10.22.01.00,34379
Hunan,2050.10.22.02.00,32655
Hunan,2050.10.22.03.00,31412
Hunan,2050.10.22.04.00,30081
Hunan,2050.10.22.05.00,29246
Hunan,2050.10.22.06.00,29262
Hunan,2050.10.22.07.00,30474
Hunan,2050.10.22.08.00,32268
Hunan,2050.10.22.09.00,35539
Hunan,2050.10.22.10.00,38156
Hunan,2050.10.22.11.00,40564
Hunan,2050.10.22.12.00,40704
Hunan,2050.10.22.13.00,40937
Hunan,2050.10.22.14.00,41011
Hunan,2050.10.22.15.00,40145
Hunan,2050.10.22.16.00,39610
Hunan,2050.10.22.17.00,40215
Hunan,2050.10.22.18.00,38506
Hunan,2050.10.22.19.00,37474
Hunan,2050.10.22.20.00,40610
Hunan,2050.10.22.21.00,41677
Hunan,2050.10.22.22.00,40507
Hunan,2050.10.22.23.00,38877
Jiangsu,2030.01.28.00.00,122329
Jiangsu,2030.01.28.01.00,120335
Jiangsu,2030.01.28.02.00,117182
Jiangsu,2030.01.28.03.00,114077
Jiangsu,2030.01.28.04.00,112053
Jiangsu,2030.01.28.05.00,111921
Jiangsu,2030.01.28.06.00,114220
Jiangsu,2030.01.28.07.00,116170
Jiangsu,2030.01.28.08.00,124564
Jiangsu,2030.01.28.09.00,135564
Jiangsu,2030.01.28.10.00,142955
Jiangsu,2030.01.28.11.00,144616
Jiangsu,2030.01.28.12.00,142298
Jiangsu,2030.01.28.13.00,147270
Jiangsu,2030.01.28.14.00,147837
Jiangsu,2030.01.28.15.00,147244
Jiangsu,2030.01.28.16.00,145673
Jiangsu,2030.01.28.17.00,140896
Jiangsu,2030.01.28.18.00,133741
Jiangsu,2030.01.28.19.00,134955
Jiangsu,2030.01.28.20.00,140645
Jiangsu,2030.01.28.21.00,141169
Jiangsu,2030.01.28.22.00,137198
Jiangsu,2030.01.28.23.00,129023
Jiangsu,2030.04.15.00.00,96152
Jiangsu,2030.04.15.01.00,94584
Jiangsu,2030.04.15.02.00,92106
Jiangsu,2030.04.15.03.00,89665
Jiangsu,2030.04.15.04.00,88075
Jiangsu,2030.04.15.05.00,87971
Jiangsu,2030.04.15.06.00,89778
Jiangsu,2030.04.15.07.00,91310
Jiangsu,2030.04.15.08.00,97909
Jiangsu,2030.04.15.09.00,106555
Jiangsu,2030.04.15.10.00,112364
Jiangsu,2030.04.15.11.00,113670
Jiangsu,2030.04.15.12.00,111848
Jiangsu,2030.04.15.13.00,115756
Jiangsu,2030.04.15.14.00,116201
Jiangsu,2030.04.15.15.00,115735
Jiangsu,2030.04.15.16.00,114500
Jiangsu,2030.04.15.17.00,110745
Jiangsu,2030.04.15.18.00,105122
Jiangsu,2030.04.15.19.00,106076
Jiangsu,2030.04.15.20.00,110548
Jiangsu,2030.04.15.21.00,110961
Jiangsu,2030.04.15.22.00,107840
Jiangsu,2030.04.15.23.00,101414
Jiangsu,2030.07.01.00.00,120573
Jiangsu,2030.07.01.01.00,118608
Jiangsu,2030.07.01.02.00,115500
Jiangsu,2030.07.01.03.00,112440
Jiangsu,2030.07.01.04.00,110445
Jiangsu,2030.07.01.05.00,110315
Jiangsu,2030.07.01.06.00,112580
Jiangsu,2030.07.01.07.00,114503
Jiangsu,2030.07.01.08.00,122776
Jiangsu,2030.07.01.09.00,133619
Jiangsu,2030.07.01.10.00,140904
Jiangsu,2030.07.01.11.00,142540
Jiangsu,2030.07.01.12.00,140256
Jiangsu,2030.07.01.13.00,145156
Jiangsu,2030.07.01.14.00,145715
Jiangsu,2030.07.01.15.00,145131
Jiangsu,2030.07.01.16.00,143582
Jiangsu,2030.07.01.17.00,138873
Jiangsu,2030.07.01.18.00,131822
Jiangsu,2030.07.01.19.00,133018
Jiangsu,2030.07.01.20.00,138626
Jiangsu,2030.07.01.21.00,139143
Jiangsu,2030.07.01.22.00,135230
Jiangsu,2030.07.01.23.00,127172
Jiangsu,2030.10.31.00.00,97713
Jiangsu,2030.10.31.01.00,96120
Jiangsu,2030.10.31.02.00,93601
Jiangsu,2030.10.31.03.00,91121
Jiangsu,2030.10.31.04.00,89504
Jiangsu,2030.10.31.05.00,89399
Jiangsu,2030.10.31.06.00,91235
Jiangsu,2030.10.31.07.00,92793
Jiangsu,2030.10.31.08.00,99498
Jiangsu,2030.10.31.09.00,108285
Jiangsu,2030.10.31.10.00,114188
Jiangsu,2030.10.31.11.00,115515
Jiangsu,2030.10.31.12.00,113664
Jiangsu,2030.10.31.13.00,117635
Jiangsu,2030.10.31.14.00,118087
Jiangsu,2030.10.31.15.00,117614
Jiangsu,2030.10.31.16.00,116360
Jiangsu,2030.10.31.17.00,112543
Jiangsu,2030.10.31.18.00,106829
Jiangsu,2030.10.31.19.00,107798
Jiangsu,2030.10.31.20.00,112343
Jiangsu,2030.10.31.21.00,112762
Jiangsu,2030.10.31.22.00,109590
Jiangsu,2030.10.31.23.00,103060
Jiangsu,2040.01.02.00.00,131254
Jiangsu,2040.01.02.01.00,129113
Jiangsu,2040.01.02.02.00,125730
Jiangsu,2040.01.02.03.00,122399
Jiangsu,2040.01.02.04.00,120227
Jiangsu,2040.01.02.05.00,120086
Jiangsu,2040.01.02.06.00,122553
Jiangsu,2040.01.02.07.00,124645
Jiangsu,2040.01.02.08.00,133652
Jiangsu,2040.01.02.09.00,145454
Jiangsu,2040.01.02.10.00,153385
Jiangsu,2040.01.02.11.00,155165
Jiangsu,2040.01.02.12.00,152680
Jiangsu,2040.01.02.13.00,158013
Jiangsu,2040.01.02.14.00,158622
Jiangsu,2040.01.02.15.00,157986
Jiangsu,2040.01.02.16.00,156301
Jiangsu,2040.01.02.17.00,151174
Jiangsu,2040.01.02.18.00,143498
Jiangsu,2040.01.02.19.00,144800
Jiangsu,2040.01.02.20.00,150905
Jiangsu,2040.01.02.21.00,151468
Jiangsu,2040.01.02.22.00,147207
Jiangsu,2040.01.02.23.00,138435
Jiangsu,2040.04.19.00.00,118462
Jiangsu,2040.04.19.01.00,116530
Jiangsu,2040.04.19.02.00,113477
Jiangsu,2040.04.19.03.00,110470
Jiangsu,2040.04.19.04.00,108511
Jiangsu,2040.04.19.05.00,108383
Jiangsu,2040.04.19.06.00,110609
Jiangsu,2040.04.19.07.00,112498
Jiangsu,2040.04.19.08.00,120626
Jiangsu,2040.04.19.09.00,131279
Jiangsu,2040.04.19.10.00,138436
Jiangsu,2040.04.19.11.00,140044
Jiangsu,2040.04.19.12.00,137800
Jiangsu,2040.04.19.13.00,142614
Jiangsu,2040.04.19.14.00,143163
Jiangsu,2040.04.19.15.00,142589
Jiangsu,2040.04.19.16.00,141068
Jiangsu,2040.04.19.17.00,136441
Jiangsu,2040.04.19.18.00,129513
Jiangsu,2040.04.19.19.00,130689
Jiangsu,2040.04.19.20.00,136199
Jiangsu,2040.04.19.21.00,136707
Jiangsu,2040.04.19.22.00,132861
Jiangsu,2040.04.19.23.00,124944
Jiangsu,2040.07.24.00.00,145736
Jiangsu,2040.07.24.01.00,143359
Jiangsu,2040.07.24.02.00,139603
Jiangsu,2040.07.24.03.00,135904
Jiangsu,2040.07.24.04.00,133493
Jiangsu,2040.07.24.05.00,133335
Jiangsu,2040.07.24.06.00,136074
Jiangsu,2040.07.24.07.00,138398
Jiangsu,2040.07.24.08.00,148398
Jiangsu,2040.07.24.09.00,161503
Jiangsu,2040.07.24.10.00,170308
Jiangsu,2040.07.24.11.00,172286
Jiangsu,2040.07.24.12.00,169525
Jiangsu,2040.07.24.13.00,175448
Jiangsu,2040.07.24.14.00,176123
Jiangsu,2040.07.24.15.00,175418
Jiangsu,2040.07.24.16.00,173546
Jiangsu,2040.07.24.17.00,167854
Jiangsu,2040.07.24.18.00,159331
Jiangsu,2040.07.24.19.00,160776
Jiangsu,2040.07.24.20.00,167555
Jiangsu,2040.07.24.21.00,168180
Jiangsu,2040.07.24.22.00,163450
Jiangsu,2040.07.24.23.00,153710
Jiangsu,2040.10.13.00.00,119429
Jiangsu,2040.10.13.01.00,117481
Jiangsu,2040.10.13.02.00,114403
Jiangsu,2040.10.13.03.00,111372
Jiangsu,2040.10.13.04.00,109396
Jiangsu,2040.10.13.05.00,109268
Jiangsu,2040.10.13.06.00,111512
Jiangsu,2040.10.13.07.00,113416
Jiangsu,2040.10.13.08.00,121611
Jiangsu,2040.10.13.09.00,132350
Jiangsu,2040.10.13.10.00,139566
Jiangsu,2040.10.13.11.00,141186
Jiangsu,2040.10.13.12.00,138924
Jiangsu,2040.10.13.13.00,143778
Jiangsu,2040.10.13.14.00,144332
Jiangsu,2040.10.13.15.00,143753
Jiangsu,2040.10.13.16.00,142219
Jiangsu,2040.10.13.17.00,137554
Jiangsu,2040.10.13.18.00,130570
Jiangsu,2040.10.13.19.00,131754
Jiangsu,2040.10.13.20.00,137309
Jiangsu,2040.10.13.21.00,137821
Jiangsu,2040.10.13.22.00,133945
Jiangsu,2040.10.13.23.00,125963
Jiangsu,2050.01.04.00.00,155989
Jiangsu,2050.01.04.01.00,153445
Jiangsu,2050.01.04.02.00,149425
Jiangsu,2050.01.04.03.00,145465
Jiangsu,2050.01.04.04.00,142885
Jiangsu,2050.01.04.05.00,142716
Jiangsu,2050.01.04.06.00,145648
Jiangsu,2050.01.04.07.00,148135
Jiangsu,2050.01.04.08.00,158838
Jiangsu,2050.01.04.09.00,172867
Jiangsu,2050.01.04.10.00,182290
Jiangsu,2050.01.04.11.00,184408
Jiangsu,2050.01.04.12.00,181453
Jiangsu,2050.01.04.13.00,187792
Jiangsu,2050.01.04.14.00,188515
Jiangsu,2050.01.04.15.00,187760
Jiangsu,2050.01.04.16.00,185756
Jiangsu,2050.01.04.17.00,179664
Jiangsu,2050.01.04.18.00,170541
Jiangsu,2050.01.04.19.00,172088
Jiangsu,2050.01.04.20.00,179344
Jiangsu,2050.01.04.21.00,180013
Jiangsu,2050.01.04.22.00,174949
Jiangsu,2050.01.04.23.00,164524
Jiangsu,2050.04.29.00.00,120132
Jiangsu,2050.04.29.01.00,118173
Jiangsu,2050.04.29.02.00,115076
Jiangsu,2050.04.29.03.00,112028
Jiangsu,2050.04.29.04.00,110040
Jiangsu,2050.04.29.05.00,109910
Jiangsu,2050.04.29.06.00,112168
Jiangsu,2050.04.29.07.00,114083
Jiangsu,2050.04.29.08.00,122327
Jiangsu,2050.04.29.09.00,133129
Jiangsu,2050.04.29.10.00,140388
Jiangsu,2050.04.29.11.00,142018
Jiangsu,2050.04.29.12.00,139742
Jiangsu,2050.04.29.13.00,144624
Jiangsu,2050.04.29.14.00,145182
Jiangsu,2050.04.29.15.00,144599
Jiangsu,2050.04.29.16.00,143056
Jiangsu,2050.04.29.17.00,138364
Jiangsu,2050.04.29.18.00,131338
Jiangsu,2050.04.29.19.00,132531
Jiangsu,2050.04.29.20.00,138118
Jiangsu,2050.04.29.21.00,138633
Jiangsu,2050.04.29.22.00,134734
Jiangsu,2050.04.29.23.00,126704
Jiangsu,2050.07.23.00.00,166140
Jiangsu,2050.07.23.01.00,163431
Jiangsu,2050.07.23.02.00,159150
Jiangsu,2050.07.23.03.00,154932
Jiangsu,2050.07.23.04.00,152184
Jiangsu,2050.07.23.05.00,152004
Jiangsu,2050.07.23.06.00,155127
Jiangsu,2050.07.23.07.00,157776
Jiangsu,2050.07.23.08.00,169175
Jiangsu,2050.07.23.09.00,184116
Jiangsu,2050.07.23.10.00,194154
Jiangsu,2050.07.23.11.00,196408
Jiangsu,2050.07.23.12.00,193261
Jiangsu,2050.07.23.13.00,200013
Jiangsu,2050.07.23.14.00,200784
Jiangsu,2050.07.23.15.00,199978
Jiangsu,2050.07.23.16.00,197844
Jiangsu,2050.07.23.17.00,191356
Jiangsu,2050.07.23.18.00,181640
Jiangsu,2050.07.23.19.00,183288
Jiangsu,2050.07.23.20.00,191015
Jiangsu,2050.07.23.21.00,191727
Jiangsu,2050.07.23.22.00,186335
Jiangsu,2050.07.23.23.00,175231
Jiangsu,2050.10.22.00.00,122427
Jiangsu,2050.10.22.01.00,120430
Jiangsu,2050.10.22.02.00,117276
Jiangsu,2050.10.22.03.00,114168
Jiangsu,2050.10.22.04.00,112143
Jiangsu,2050.10.22.05.00,112010
Jiangsu,2050.10.22.06.00,114311
Jiangsu,2050.10.22.07.00,116263
Jiangsu,2050.10.22.08.00,124663
Jiangsu,2050.10.22.09.00,135673
Jiangsu,2050.10.22.10.00,143069
Jiangsu,2050.10.22.11.00,144731
Jiangsu,2050.10.22.12.00,142412
Jiangsu,2050.10.22.13.00,147387
Jiangsu,2050.10.22.14.00,147955
Jiangsu,2050.10.22.15.00,147361
Jiangsu,2050.10.22.16.00,145790
Jiangsu,2050.10.22.17.00,141008
Jiangsu,2050.10.22.18.00,133848
Jiangsu,2050.10.22.19.00,135062
Jiangsu,2050.10.22.20.00,140757
Jiangsu,2050.10.22.21.00,141282
Jiangsu,2050.10.22.22.00,137308
Jiangsu,2050.10.22.23.00,129126
Jiangxi,2030.01.28.00.00,28999
Jiangxi,2030.01.28.01.00,28974
Jiangxi,2030.01.28.02.00,27586
Jiangxi,2030.01.28.03.00,26609
Jiangxi,2030.01.28.04.00,25866
Jiangxi,2030.01.28.05.00,25200
Jiangxi,2030.01.28.06.00,25645
Jiangxi,2030.01.28.07.00,25324
Jiangxi,2030.01.28.08.00,26122
Jiangxi,2030.01.28.09.00,29305
Jiangxi,2030.01.28.10.00,31056
Jiangxi,2030.01.28.11.00,32728
Jiangxi,2030.01.28.12.00,30976
Jiangxi,2030.01.28.13.00,31466
Jiangxi,2030.01.28.14.00,32323
Jiangxi,2030.01.28.15.00,32523
Jiangxi,2030.01.28.16.00,32503
Jiangxi,2030.01.28.17.00,32494
Jiangxi,2030.01.28.18.00,31169
Jiangxi,2030.01.28.19.00,30692
Jiangxi,2030.01.28.20.00,32827
Jiangxi,2030.01.28.21.00,34084
Jiangxi,2030.01.28.22.00,33373
Jiangxi,2030.01.28.23.00,31331
Jiangxi,2030.04.15.00.00,24210
Jiangxi,2030.04.15.01.00,24189
Jiangxi,2030.04.15.02.00,23031
Jiangxi,2030.04.15.03.00,22215
Jiangxi,2030.04.15.04.00,21594
Jiangxi,2030.04.15.05.00,21039
Jiangxi,2030.04.15.06.00,21410
Jiangxi,2030.04.15.07.00,21142
Jiangxi,2030.04.15.08.00,21809
Jiangxi,2030.04.15.09.00,24466
Jiangxi,2030.04.15.10.00,25927
Jiangxi,2030.04.15.11.00,27324
Jiangxi,2030.04.15.12.00,25861
Jiangxi,2030.04.15.13.00,26270
Jiangxi,2030.04.15.14.00,26985
Jiangxi,2030.04.15.15.00,27152
Jiangxi,2030.04.15.16.00,27136
Jiangxi,2030.04.15.17.00,27128
Jiangxi,2030.04.15.18.00,26022
Jiangxi,2030.04.15.19.00,25624
Jiangxi,2030.04.15.20.00,27406
Jiangxi,2030.04.15.21.00,28456
Jiangxi,2030.04.15.22.00,27862
Jiangxi,2030.04.15.23.00,26158
Jiangxi,2030.07.01.00.00,27218
Jiangxi,2030.07.01.01.00,27195
Jiangxi,2030.07.01.02.00,25892
Jiangxi,2030.07.01.03.00,24975
Jiangxi,2030.07.01.04.00,24278
Jiangxi,2030.07.01.05.00,23653
Jiangxi,2030.07.01.06.00,24070
Jiangxi,2030.07.01.07.00,23768
Jiangxi,2030.07.01.08.00,24518
Jiangxi,2030.07.01.09.00,27505
Jiangxi,2030.07.01.10.00,29150
Jiangxi,2030.07.01.11.00,30718
Jiangxi,2030.07.01.12.00,29074
Jiangxi,2030.07.01.13.00,29534
Jiangxi,2030.07.01.14.00,30338
Jiangxi,2030.07.01.15.00,30526
Jiangxi,2030.07.01.16.00,30508
Jiangxi,2030.07.01.17.00,30499
Jiangxi,2030.07.01.18.00,29256
Jiangxi,2030.07.01.19.00,28808
Jiangxi,2030.07.01.20.00,30811
Jiangxi,2030.07.01.21.00,31991
Jiangxi,2030.07.01.22.00,31324
Jiangxi,2030.07.01.23.00,29408
Jiangxi,2030.10.31.00.00,25635
Jiangxi,2030.10.31.01.00,25613
Jiangxi,2030.10.31.02.00,24386
Jiangxi,2030.10.31.03.00,23522
Jiangxi,2030.10.31.04.00,22865
Jiangxi,2030.10.31.05.00,22277
Jiangxi,2030.10.31.06.00,22670
Jiangxi,2030.10.31.07.00,22386
Jiangxi,2030.10.31.08.00,23092
Jiangxi,2030.10.31.09.00,25905
Jiangxi,2030.10.31.10.00,27453
Jiangxi,2030.10.31.11.00,28931
Jiangxi,2030.10.31.12.00,27383
Jiangxi,2030.10.31.13.00,27815
Jiangxi,2030.10.31.14.00,28573
Jiangxi,2030.10.31.15.00,28750
Jiangxi,2030.10.31.16.00,28733
Jiangxi,2030.10.31.17.00,28724
Jiangxi,2030.10.31.18.00,27553
Jiangxi,2030.10.31.19.00,27132
Jiangxi,2030.10.31.20.00,29019
Jiangxi,2030.10.31.21.00,30131
Jiangxi,2030.10.31.22.00,29502
Jiangxi,2030.10.31.23.00,27697
Jiangxi,2040.01.02.00.00,33950
Jiangxi,2040.01.02.01.00,33921
Jiangxi,2040.01.02.02.00,32295
Jiangxi,2040.01.02.03.00,31152
Jiangxi,2040.01.02.04.00,30282
Jiangxi,2040.01.02.05.00,29502
Jiangxi,2040.01.02.06.00,30023
Jiangxi,2040.01.02.07.00,29646
Jiangxi,2040.01.02.08.00,30582
Jiangxi,2040.01.02.09.00,34308
Jiangxi,2040.01.02.10.00,36358
Jiangxi,2040.01.02.11.00,38315
Jiangxi,2040.01.02.12.00,36265
Jiangxi,2040.01.02.13.00,36838
Jiangxi,2040.01.02.14.00,37841
Jiangxi,2040.01.02.15.00,38076
Jiangxi,2040.01.02.16.00,38053
Jiangxi,2040.01.02.17.00,38042
Jiangxi,2040.01.02.18.00,36491
Jiangxi,2040.01.02.19.00,35933
Jiangxi,2040.01.02.20.00,38432
Jiangxi,2040.01.02.21.00,39903
Jiangxi,2040.01.02.22.00,39071
Jiangxi,2040.01.02.23.00,36680
Jiangxi,2040.04.19.00.00,28674
Jiangxi,2040.04.19.01.00,28651
Jiangxi,2040.04.19.02.00,27278
Jiangxi,2040.04.19.03.00,26311
Jiangxi,2040.04.19.04.00,25577
Jiangxi,2040.04.19.05.00,24919
Jiangxi,2040.04.19.06.00,25358
Jiangxi,2040.04.19.07.00,25040
Jiangxi,2040.04.19.08.00,25829
Jiangxi,2040.04.19.09.00,28977
Jiangxi,2040.04.19.10.00,30709
Jiangxi,2040.04.19.11.00,32362
Jiangxi,2040.04.19.12.00,30631
Jiangxi,2040.04.19.13.00,31114
Jiangxi,2040.04.19.14.00,31961
Jiangxi,2040.04.19.15.00,32160
Jiangxi,2040.04.19.16.00,32140
Jiangxi,2040.04.19.17.00,32131
Jiangxi,2040.04.19.18.00,30820
Jiangxi,2040.04.19.19.00,30349
Jiangxi,2040.04.19.20.00,32459
Jiangxi,2040.04.19.21.00,33704
Jiangxi,2040.04.19.22.00,33001
Jiangxi,2040.04.19.23.00,30981
Jiangxi,2040.07.24.00.00,35996
Jiangxi,2040.07.24.01.00,35966
Jiangxi,2040.07.24.02.00,34242
Jiangxi,2040.07.24.03.00,33030
Jiangxi,2040.07.24.04.00,32108
Jiangxi,2040.07.24.05.00,31281
Jiangxi,2040.07.24.06.00,31833
Jiangxi,2040.07.24.07.00,31433
Jiangxi,2040.07.24.08.00,32425
Jiangxi,2040.07.24.09.00,36376
Jiangxi,2040.07.24.10.00,38550
Jiangxi,2040.07.24.11.00,40626
Jiangxi,2040.07.24.12.00,38451
Jiangxi,2040.07.24.13.00,39059
Jiangxi,2040.07.24.14.00,40122
Jiangxi,2040.07.24.15.00,40371
Jiangxi,2040.07.24.16.00,40347
Jiangxi,2040.07.24.17.00,40335
Jiangxi,2040.07.24.18.00,38691
Jiangxi,2040.07.24.19.00,38099
Jiangxi,2040.07.24.20.00,40748
Jiangxi,2040.07.24.21.00,42310
Jiangxi,2040.07.24.22.00,41427
Jiangxi,2040.07.24.23.00,38892
Jiangxi,2040.10.13.00.00,30633
Jiangxi,2040.10.13.01.00,30607
Jiangxi,2040.10.13.02.00,29140
Jiangxi,2040.10.13.03.00,28108
Jiangxi,2040.10.13.04.00,27324
Jiangxi,2040.10.13.05.00,26620
Jiangxi,2040.10.13.06.00,27090
Jiangxi,2040.10.13.07.00,26750
Jiangxi,2040.10.13.08.00,27594
Jiangxi,2040.10.13.09.00,30956
Jiangxi,2040.10.13.10.00,32806
Jiangxi,2040.10.13.11.00,34572
Jiangxi,2040.10.13.12.00,32722
Jiangxi,2040.10.13.13.00,33239
Jiangxi,2040.10.13.14.00,34143
Jiangxi,2040.10.13.15.00,34356
Jiangxi,2040.10.13.16.00,34335
Jiangxi,2040.10.13.17.00,34325
Jiangxi,2040.10.13.18.00,32926
Jiangxi,2040.10.13.19.00,32422
Jiangxi,2040.10.13.20.00,34677
Jiangxi,2040.10.13.21.00,36005
Jiangxi,2040.10.13.22.00,35254
Jiangxi,2040.10.13.23.00,33097
Jiangxi,2050.01.04.00.00,37416
Jiangxi,2050.01.04.01.00,37384
Jiangxi,2050.01.04.02.00,35593
Jiangxi,2050.01.04.03.00,34332
Jiangxi,2050.01.04.04.00,33374
Jiangxi,2050.01.04.05.00,32515
Jiangxi,2050.01.04.06.00,33089
Jiangxi,2050.01.04.07.00,32674
Jiangxi,2050.01.04.08.00,33704
Jiangxi,2050.01.04.09.00,37810
Jiangxi,2050.01.04.10.00,40071
Jiangxi,2050.01.04.11.00,42227
Jiangxi,2050.01.04.12.00,39968
Jiangxi,2050.01.04.13.00,40599
Jiangxi,2050.01.04.14.00,41705
Jiangxi,2050.01.04.15.00,41963
Jiangxi,2050.01.04.16.00,41938
Jiangxi,2050.01.04.17.00,41926
Jiangxi,2050.01.04.18.00,40217
Jiangxi,2050.01.04.19.00,39602
Jiangxi,2050.01.04.20.00,42356
Jiangxi,2050.01.04.21.00,43978
Jiangxi,2050.01.04.22.00,43061
Jiangxi,2050.01.04.23.00,40426
Jiangxi,2050.04.29.00.00,30207
Jiangxi,2050.04.29.01.00,30183
Jiangxi,2050.04.29.02.00,28736
Jiangxi,2050.04.29.03.00,27719
Jiangxi,2050.04.29.04.00,26944
Jiangxi,2050.04.29.05.00,26251
Jiangxi,2050.04.29.06.00,26714
Jiangxi,2050.04.29.07.00,26379
Jiangxi,2050.04.29.08.00,27211
Jiangxi,2050.04.29.09.00,30527
Jiangxi,2050.04.29.10.00,32351
Jiangxi,2050.04.29.11.00,34092
Jiangxi,2050.04.29.12.00,32268
Jiangxi,2050.04.29.13.00,32778
Jiangxi,2050.04.29.14.00,33670
Jiangxi,2050.04.29.15.00,33879
Jiangxi,2050.04.29.16.00,33859
Jiangxi,2050.04.29.17.00,33849
Jiangxi,2050.04.29.18.00,32469
Jiangxi,2050.04.29.19.00,31972
Jiangxi,2050.04.29.20.00,34196
Jiangxi,2050.04.29.21.00,35506
Jiangxi,2050.04.29.22.00,34766
Jiangxi,2050.04.29.23.00,32638
Jiangxi,2050.07.23.00.00,41004
Jiangxi,2050.07.23.01.00,40969
Jiangxi,2050.07.23.02.00,39007
Jiangxi,2050.07.23.03.00,37625
Jiangxi,2050.07.23.04.00,36575
Jiangxi,2050.07.23.05.00,35634
Jiangxi,2050.07.23.06.00,36262
Jiangxi,2050.07.23.07.00,35807
Jiangxi,2050.07.23.08.00,36936
Jiangxi,2050.07.23.09.00,41438
Jiangxi,2050.07.23.10.00,43913
Jiangxi,2050.07.23.11.00,46277
Jiangxi,2050.07.23.12.00,43801
Jiangxi,2050.07.23.13.00,44493
Jiangxi,2050.07.23.14.00,45704
Jiangxi,2050.07.23.15.00,45988
Jiangxi,2050.07.23.16.00,45960
Jiangxi,2050.07.23.17.00,45947
Jiangxi,2050.07.23.18.00,44073
Jiangxi,2050.07.23.19.00,43399
Jiangxi,2050.07.23.20.00,46417
Jiangxi,2050.07.23.21.00,48196
Jiangxi,2050.07.23.22.00,47191
Jiangxi,2050.07.23.23.00,44303
Jiangxi,2050.10.22.00.00,32861
Jiangxi,2050.10.22.01.00,32834
Jiangxi,2050.10.22.02.00,31261
Jiangxi,2050.10.22.03.00,30153
Jiangxi,2050.10.22.04.00,29312
Jiangxi,2050.10.22.05.00,28557
Jiangxi,2050.10.22.06.00,29061
Jiangxi,2050.10.22.07.00,28697
Jiangxi,2050.10.22.08.00,29601
Jiangxi,2050.10.22.09.00,33208
Jiangxi,2050.10.22.10.00,35193
Jiangxi,2050.10.22.11.00,37087
Jiangxi,2050.10.22.12.00,35103
Jiangxi,2050.10.22.13.00,35657
Jiangxi,2050.10.22.14.00,36628
Jiangxi,2050.10.22.15.00,36856
Jiangxi,2050.10.22.16.00,36833
Jiangxi,2050.10.22.17.00,36822
Jiangxi,2050.10.22.18.00,35322
Jiangxi,2050.10.22.19.00,34781
Jiangxi,2050.10.22.20.00,37199
Jiangxi,2050.10.22.21.00,38625
Jiangxi,2050.10.22.22.00,37820
Jiangxi,2050.10.22.23.00,35505
Jilin,2030.01.28.00.00,13648
Jilin,2030.01.28.01.00,13251
Jilin,2030.01.28.02.00,12922
Jilin,2030.01.28.03.00,12768
Jilin,2030.01.28.04.00,12897
Jilin,2030.01.28.05.00,13783
Jilin,2030.01.28.06.00,15534
Jilin,2030.01.28.07.00,16175
Jilin,2030.01.28.08.00,16672
Jilin,2030.01.28.09.00,17797
Jilin,2030.01.28.10.00,18447
Jilin,2030.01.28.11.00,18780
Jilin,2030.01.28.12.00,17669
Jilin,2030.01.28.13.00,17759
Jilin,2030.01.28.14.00,17965
Jilin,2030.01.28.15.00,18113
Jilin,2030.01.28.16.00,18498
Jilin,2030.01.28.17.00,18656
Jilin,2030.01.28.18.00,17996
Jilin,2030.01.28.19.00,17817
Jilin,2030.01.28.20.00,18101
Jilin,2030.01.28.21.00,17257
Jilin,2030.01.28.22.00,15934
Jilin,2030.01.28.23.00,14673
Jilin,2030.04.15.00.00,11298
Jilin,2030.04.15.01.00,10969
Jilin,2030.04.15.02.00,10698
Jilin,2030.04.15.03.00,10570
Jilin,2030.04.15.04.00,10676
Jilin,2030.04.15.05.00,11410
Jilin,2030.04.15.06.00,12859
Jilin,2030.04.15.07.00,13391
Jilin,2030.04.15.08.00,13802
Jilin,2030.04.15.09.00,14733
Jilin,2030.04.15.10.00,15270
Jilin,2030.04.15.11.00,15547
Jilin,2030.04.15.12.00,14628
Jilin,2030.04.15.13.00,14701
Jilin,2030.04.15.14.00,14872
Jilin,2030.04.15.15.00,14994
Jilin,2030.04.15.16.00,15313
Jilin,2030.04.15.17.00,15443
Jilin,2030.04.15.18.00,14897
Jilin,2030.04.15.19.00,14750
Jilin,2030.04.15.20.00,14985
Jilin,2030.04.15.21.00,14286
Jilin,2030.04.15.22.00,13191
Jilin,2030.04.15.23.00,12146
Jilin,2030.07.01.00.00,11836
Jilin,2030.07.01.01.00,11492
Jilin,2030.07.01.02.00,11208
Jilin,2030.07.01.03.00,11074
Jilin,2030.07.01.04.00,11185
Jilin,2030.07.01.05.00,11954
Jilin,2030.07.01.06.00,13472
Jilin,2030.07.01.07.00,14029
Jilin,2030.07.01.08.00,14461
Jilin,2030.07.01.09.00,15436
Jilin,2030.07.01.10.00,15999
Jilin,2030.07.01.11.00,16288
Jilin,2030.07.01.12.00,15326
Jilin,2030.07.01.13.00,15403
Jilin,2030.07.01.14.00,15582
Jilin,2030.07.01.15.00,15709
Jilin,2030.07.01.16.00,16044
Jilin,2030.07.01.17.00,16180
Jilin,2030.07.01.18.00,15608
Jilin,2030.07.01.19.00,15453
Jilin,2030.07.01.20.00,15700
Jilin,2030.07.01.21.00,14967
Jilin,2030.07.01.22.00,13820
Jilin,2030.07.01.23.00,12726
Jilin,2030.10.31.00.00,13127
Jilin,2030.10.31.01.00,12746
Jilin,2030.10.31.02.00,12430
Jilin,2030.10.31.03.00,12282
Jilin,2030.10.31.04.00,12405
Jilin,2030.10.31.05.00,13258
Jilin,2030.10.31.06.00,14941
Jilin,2030.10.31.07.00,15559
Jilin,2030.10.31.08.00,16036
Jilin,2030.10.31.09.00,17119
Jilin,2030.10.31.10.00,17744
Jilin,2030.10.31.11.00,18064
Jilin,2030.10.31.12.00,16996
Jilin,2030.10.31.13.00,17082
Jilin,2030.10.31.14.00,17281
Jilin,2030.10.31.15.00,17423
Jilin,2030.10.31.16.00,17793
Jilin,2030.10.31.17.00,17944
Jilin,2030.10.31.18.00,17309
Jilin,2030.10.31.19.00,17138
Jilin,2030.10.31.20.00,17411
Jilin,2030.10.31.21.00,16599
Jilin,2030.10.31.22.00,15327
Jilin,2030.10.31.23.00,14114
Jilin,2040.01.02.00.00,16807
Jilin,2040.01.02.01.00,16319
Jilin,2040.01.02.02.00,15914
Jilin,2040.01.02.03.00,15724
Jilin,2040.01.02.04.00,15882
Jilin,2040.01.02.05.00,16974
Jilin,2040.01.02.06.00,19129
Jilin,2040.01.02.07.00,19921
Jilin,2040.01.02.08.00,20533
Jilin,2040.01.02.09.00,21917
Jilin,2040.01.02.10.00,22717
Jilin,2040.01.02.11.00,23127
Jilin,2040.01.02.12.00,21761
Jilin,2040.01.02.13.00,21870
Jilin,2040.01.02.14.00,22125
Jilin,2040.01.02.15.00,22306
Jilin,2040.01.02.16.00,22781
Jilin,2040.01.02.17.00,22974
Jilin,2040.01.02.18.00,22162
Jilin,2040.01.02.19.00,21942
Jilin,2040.01.02.20.00,22292
Jilin,2040.01.02.21.00,21253
Jilin,2040.01.02.22.00,19623
Jilin,2040.01.02.23.00,18069
Jilin,2040.04.19.00.00,13126
Jilin,2040.04.19.01.00,12745
Jilin,2040.04.19.02.00,12429
Jilin,2040.04.19.03.00,12281
Jilin,2040.04.19.04.00,12404
Jilin,2040.04.19.05.00,13257
Jilin,2040.04.19.06.00,14940
Jilin,2040.04.19.07.00,15558
Jilin,2040.04.19.08.00,16035
Jilin,2040.04.19.09.00,17117
Jilin,2040.04.19.10.00,17742
Jilin,2040.04.19.11.00,18062
Jilin,2040.04.19.12.00,16995
Jilin,2040.04.19.13.00,17081
Jilin,2040.04.19.14.00,17279
Jilin,2040.04.19.15.00,17421
Jilin,2040.04.19.16.00,17792
Jilin,2040.04.19.17.00,17943
Jilin,2040.04.19.18.00,17308
Jilin,2040.04.19.19.00,17137
Jilin,2040.04.19.20.00,17409
Jilin,2040.04.19.21.00,16598
Jilin,2040.04.19.22.00,15326
Jilin,2040.04.19.23.00,14112
Jilin,2040.07.24.00.00,13553
Jilin,2040.07.24.01.00,13160
Jilin,2040.07.24.02.00,12834
Jilin,2040.07.24.03.00,12681
Jilin,2040.07.24.04.00,12808
Jilin,2040.07.24.05.00,13688
Jilin,2040.07.24.06.00,15426
Jilin,2040.07.24.07.00,16064
Jilin,2040.07.24.08.00,16558
Jilin,2040.07.24.09.00,17674
Jilin,2040.07.24.10.00,18319
Jilin,2040.07.24.11.00,18651
Jilin,2040.07.24.12.00,17548
Jilin,2040.07.24.13.00,17637
Jilin,2040.07.24.14.00,17841
Jilin,2040.07.24.15.00,17988
Jilin,2040.07.24.16.00,18370
Jilin,2040.07.24.17.00,18526
Jilin,2040.07.24.18.00,17871
Jilin,2040.07.24.19.00,17695
Jilin,2040.07.24.20.00,17976
Jilin,2040.07.24.21.00,17138
Jilin,2040.07.24.22.00,15824
Jilin,2040.07.24.23.00,14572
Jilin,2040.10.13.00.00,14190
Jilin,2040.10.13.01.00,13778
Jilin,2040.10.13.02.00,13436
Jilin,2040.10.13.03.00,13276
Jilin,2040.10.13.04.00,13410
Jilin,2040.10.13.05.00,14332
Jilin,2040.10.13.06.00,16152
Jilin,2040.10.13.07.00,16820
Jilin,2040.10.13.08.00,17336
Jilin,2040.10.13.09.00,18505
Jilin,2040.10.13.10.00,19181
Jilin,2040.10.13.11.00,19528
Jilin,2040.10.13.12.00,18373
Jilin,2040.10.13.13.00,18466
Jilin,2040.10.13.14.00,18680
Jilin,2040.10.13.15.00,18834
Jilin,2040.10.13.16.00,19234
Jilin,2040.10.13.17.00,19398
Jilin,2040.10.13.18.00,18712
Jilin,2040.10.13.19.00,18527
Jilin,2040.10.13.20.00,18822
Jilin,2040.10.13.21.00,17945
Jilin,2040.10.13.22.00,16568
Jilin,2040.10.13.23.00,15257
Jilin,2050.01.04.00.00,17843
Jilin,2050.01.04.01.00,17325
Jilin,2050.01.04.02.00,16895
Jilin,2050.01.04.03.00,16693
Jilin,2050.01.04.04.00,16861
Jilin,2050.01.04.05.00,18020
Jilin,2050.01.04.06.00,20308
Jilin,2050.01.04.07.00,21148
Jilin,2050.01.04.08.00,21797
Jilin,2050.01.04.09.00,23267
Jilin,2050.01.04.10.00,24117
Jilin,2050.01.04.11.00,24552
Jilin,2050.01.04.12.00,23102
Jilin,2050.01.04.13.00,23218
Jilin,2050.01.04.14.00,23488
Jilin,2050.01.04.15.00,23680
Jilin,2050.01.04.16.00,24184
Jilin,2050.01.04.17.00,24390
Jilin,2050.01.04.18.00,23527
Jilin,2050.01.04.19.00,23295
Jilin,2050.01.04.20.00,23665
Jilin,2050.01.04.21.00,22562
Jilin,2050.01.04.22.00,20832
Jilin,2050.01.04.23.00,19183
Jilin,2050.04.29.00.00,13651
Jilin,2050.04.29.01.00,13254
Jilin,2050.04.29.02.00,12925
Jilin,2050.04.29.03.00,12771
Jilin,2050.04.29.04.00,12900
Jilin,2050.04.29.05.00,13786
Jilin,2050.04.29.06.00,15537
Jilin,2050.04.29.07.00,16179
Jilin,2050.04.29.08.00,16677
Jilin,2050.04.29.09.00,17801
Jilin,2050.04.29.10.00,18452
Jilin,2050.04.29.11.00,18784
Jilin,2050.04.29.12.00,17675
Jilin,2050.04.29.13.00,17763
Jilin,2050.04.29.14.00,17969
Jilin,2050.04.29.15.00,18117
Jilin,2050.04.29.16.00,18503
Jilin,2050.04.29.17.00,18660
Jilin,2050.04.29.18.00,18000
Jilin,2050.04.29.19.00,17822
Jilin,2050.04.29.20.00,18106
Jilin,2050.04.29.21.00,17261
Jilin,2050.04.29.22.00,15938
Jilin,2050.04.29.23.00,14676
Jilin,2050.07.23.00.00,15504
Jilin,2050.07.23.01.00,15054
Jilin,2050.07.23.02.00,14681
Jilin,2050.07.23.03.00,14505
Jilin,2050.07.23.04.00,14651
Jilin,2050.07.23.05.00,15658
Jilin,2050.07.23.06.00,17646
Jilin,2050.07.23.07.00,18376
Jilin,2050.07.23.08.00,18940
Jilin,2050.07.23.09.00,20217
Jilin,2050.07.23.10.00,20957
Jilin,2050.07.23.11.00,21334
Jilin,2050.07.23.12.00,20074
Jilin,2050.07.23.13.00,20175
Jilin,2050.07.23.14.00,20409
Jilin,2050.07.23.15.00,20577
Jilin,2050.07.23.16.00,21015
Jilin,2050.07.23.17.00,21194
Jilin,2050.07.23.18.00,20444
Jilin,2050.07.23.19.00,20242
Jilin,2050.07.23.20.00,20564
Jilin,2050.07.23.21.00,19605
Jilin,2050.07.23.22.00,18102
Jilin,2050.07.23.23.00,16669
Jilin,2050.10.22.00.00,15959
Jilin,2050.10.22.01.00,15495
Jilin,2050.10.22.02.00,15111
Jilin,2050.10.22.03.00,14931
Jilin,2050.10.22.04.00,15081
Jilin,2050.10.22.05.00,16117
Jilin,2050.10.22.06.00,18164
Jilin,2050.10.22.07.00,18915
Jilin,2050.10.22.08.00,19496
Jilin,2050.10.22.09.00,20811
Jilin,2050.10.22.10.00,21571
Jilin,2050.10.22.11.00,21961
Jilin,2050.10.22.12.00,20662
Jilin,2050.10.22.13.00,20766
Jilin,2050.10.22.14.00,21008
Jilin,2050.10.22.15.00,21180
Jilin,2050.10.22.16.00,21631
Jilin,2050.10.22.17.00,21815
Jilin,2050.10.22.18.00,21044
Jilin,2050.10.22.19.00,20836
Jilin,2050.10.22.20.00,21167
Jilin,2050.10.22.21.00,20181
Jilin,2050.10.22.22.00,18632
Jilin,2050.10.22.23.00,17157
Liaoning,2030.01.28.00.00,45688
Liaoning,2030.01.28.01.00,44750
Liaoning,2030.01.28.02.00,43812
Liaoning,2030.01.28.03.00,43306
Liaoning,2030.01.28.04.00,43342
Liaoning,2030.01.28.05.00,43368
Liaoning,2030.01.28.06.00,45634
Liaoning,2030.01.28.07.00,46497
Liaoning,2030.01.28.08.00,46219
Liaoning,2030.01.28.09.00,49034
Liaoning,2030.01.28.10.00,50846
Liaoning,2030.01.28.11.00,50736
Liaoning,2030.01.28.12.00,49215
Liaoning,2030.01.28.13.00,49614
Liaoning,2030.01.28.14.00,50401
Liaoning,2030.01.28.15.00,50220
Liaoning,2030.01.28.16.00,50628
Liaoning,2030.01.28.17.00,49740
Liaoning,2030.01.28.18.00,48683
Liaoning,2030.01.28.19.00,48221
Liaoning,2030.01.28.20.00,49629
Liaoning,2030.01.28.21.00,49541
Liaoning,2030.01.28.22.00,50409
Liaoning,2030.01.28.23.00,48018
Liaoning,2030.04.15.00.00,43310
Liaoning,2030.04.15.01.00,42422
Liaoning,2030.04.15.02.00,41532
Liaoning,2030.04.15.03.00,41053
Liaoning,2030.04.15.04.00,41087
Liaoning,2030.04.15.05.00,41112
Liaoning,2030.04.15.06.00,43260
Liaoning,2030.04.15.07.00,44078
Liaoning,2030.04.15.08.00,43815
Liaoning,2030.04.15.09.00,46483
Liaoning,2030.04.15.10.00,48201
Liaoning,2030.04.15.11.00,48096
Liaoning,2030.04.15.12.00,46655
Liaoning,2030.04.15.13.00,47033
Liaoning,2030.04.15.14.00,47779
Liaoning,2030.04.15.15.00,47606
Liaoning,2030.04.15.16.00,47994
Liaoning,2030.04.15.17.00,47152
Liaoning,2030.04.15.18.00,46150
Liaoning,2030.04.15.19.00,45711
Liaoning,2030.04.15.20.00,47046
Liaoning,2030.04.15.21.00,46964
Liaoning,2030.04.15.22.00,47786
Liaoning,2030.04.15.23.00,45520
Liaoning,2030.07.01.00.00,45120
Liaoning,2030.07.01.01.00,44195
Liaoning,2030.07.01.02.00,43267
Liaoning,2030.07.01.03.00,42768
Liaoning,2030.07.01.04.00,42802
Liaoning,2030.07.01.05.00,42829
Liaoning,2030.07.01.06.00,45067
Liaoning,2030.07.01.07.00,45919
Liaoning,2030.07.01.08.00,45645
Liaoning,2030.07.01.09.00,48426
Liaoning,2030.07.01.10.00,50214
Liaoning,2030.07.01.11.00,50104
Liaoning,2030.07.01.12.00,48603
Liaoning,2030.07.01.13.00,48998
Liaoning,2030.07.01.14.00,49775
Liaoning,2030.07.01.15.00,49595
Liaoning,2030.07.01.16.00,49998
Liaoning,2030.07.01.17.00,49121
Liaoning,2030.07.01.18.00,48078
Liaoning,2030.07.01.19.00,47621
Liaoning,2030.07.01.20.00,49012
Liaoning,2030.07.01.21.00,48925
Liaoning,2030.07.01.22.00,49782
Liaoning,2030.07.01.23.00,47421
Liaoning,2030.10.31.00.00,45628
Liaoning,2030.10.31.01.00,44691
Liaoning,2030.10.31.02.00,43754
Liaoning,2030.10.31.03.00,43249
Liaoning,2030.10.31.04.00,43285
Liaoning,2030.10.31.05.00,43311
Liaoning,2030.10.31.06.00,45575
Liaoning,2030.10.31.07.00,46436
Liaoning,2030.10.31.08.00,46159
Liaoning,2030.10.31.09.00,48970
Liaoning,2030.10.31.10.00,50780
Liaoning,2030.10.31.11.00,50669
Liaoning,2030.10.31.12.00,49151
Liaoning,2030.10.31.13.00,49550
Liaoning,2030.10.31.14.00,50335
Liaoning,2030.10.31.15.00,50153
Liaoning,2030.10.31.16.00,50561
Liaoning,2030.10.31.17.00,49675
Liaoning,2030.10.31.18.00,48618
Liaoning,2030.10.31.19.00,48157
Liaoning,2030.10.31.20.00,49564
Liaoning,2030.10.31.21.00,49476
Liaoning,2030.10.31.22.00,50343
Liaoning,2030.10.31.23.00,47954
Liaoning,2040.01.02.00.00,55747
Liaoning,2040.01.02.01.00,54603
Liaoning,2040.01.02.02.00,53458
Liaoning,2040.01.02.03.00,52841
Liaoning,2040.01.02.04.00,52884
Liaoning,2040.01.02.05.00,52917
Liaoning,2040.01.02.06.00,55682
Liaoning,2040.01.02.07.00,56734
Liaoning,2040.01.02.08.00,56396
Liaoning,2040.01.02.09.00,59831
Liaoning,2040.01.02.10.00,62040
Liaoning,2040.01.02.11.00,61906
Liaoning,2040.01.02.12.00,60050
Liaoning,2040.01.02.13.00,60538
Liaoning,2040.01.02.14.00,61498
Liaoning,2040.01.02.15.00,61277
Liaoning,2040.01.02.16.00,61775
Liaoning,2040.01.02.17.00,60691
Liaoning,2040.01.02.18.00,59401
Liaoning,2040.01.02.19.00,58838
Liaoning,2040.01.02.20.00,60555
Liaoning,2040.01.02.21.00,60449
Liaoning,2040.01.02.22.00,61508
Liaoning,2040.01.02.23.00,58590
Liaoning,2040.04.19.00.00,51022
Liaoning,2040.04.19.01.00,49976
Liaoning,2040.04.19.02.00,48927
Liaoning,2040.04.19.03.00,48363
Liaoning,2040.04.19.04.00,48402
Liaoning,2040.04.19.05.00,48433
Liaoning,2040.04.19.06.00,50963
Liaoning,2040.04.19.07.00,51926
Liaoning,2040.04.19.08.00,51617
Liaoning,2040.04.19.09.00,54761
Liaoning,2040.04.19.10.00,56783
Liaoning,2040.04.19.11.00,56660
Liaoning,2040.04.19.12.00,54962
Liaoning,2040.04.19.13.00,55407
Liaoning,2040.04.19.14.00,56287
Liaoning,2040.04.19.15.00,56084
Liaoning,2040.04.19.16.00,56540
Liaoning,2040.04.19.17.00,55548
Liaoning,2040.04.19.18.00,54367
Liaoning,2040.04.19.19.00,53851
Liaoning,2040.04.19.20.00,55424
Liaoning,2040.04.19.21.00,55327
Liaoning,2040.04.19.22.00,56296
Liaoning,2040.04.19.23.00,53624
Liaoning,2040.07.24.00.00,51583
Liaoning,2040.07.24.01.00,50525
Liaoning,2040.07.24.02.00,49465
Liaoning,2040.07.24.03.00,48894
Liaoning,2040.07.24.04.00,48935
Liaoning,2040.07.24.05.00,48964
Liaoning,2040.07.24.06.00,51522
Liaoning,2040.07.24.07.00,52496
Liaoning,2040.07.24.08.00,52183
Liaoning,2040.07.24.09.00,55363
Liaoning,2040.07.24.10.00,57408
Liaoning,2040.07.24.11.00,57282
Liaoning,2040.07.24.12.00,55566
Liaoning,2040.07.24.13.00,56016
Liaoning,2040.07.24.14.00,56905
Liaoning,2040.07.24.15.00,56700
Liaoning,2040.07.24.16.00,57161
Liaoning,2040.07.24.17.00,56158
Liaoning,2040.07.24.18.00,54965
Liaoning,2040.07.24.19.00,54443
Liaoning,2040.07.24.20.00,56033
Liaoning,2040.07.24.21.00,55934
Liaoning,2040.07.24.22.00,56914
Liaoning,2040.07.24.23.00,54213
Liaoning,2040.10.13.00.00,51934
Liaoning,2040.10.13.01.00,50868
Liaoning,2040.10.13.02.00,49802
Liaoning,2040.10.13.03.00,49227
Liaoning,2040.10.13.04.00,49267
Liaoning,2040.10.13.05.00,49298
Liaoning,2040.10.13.06.00,51873
Liaoning,2040.10.13.07.00,52854
Liaoning,2040.10.13.08.00,52539
Liaoning,2040.10.13.09.00,55739
Liaoning,2040.10.13.10.00,57798
Liaoning,2040.10.13.11.00,57672
Liaoning,2040.10.13.12.00,55944
Liaoning,2040.10.13.13.00,56398
Liaoning,2040.10.13.14.00,57292
Liaoning,2040.10.13.15.00,57086
Liaoning,2040.10.13.16.00,57550
Liaoning,2040.10.13.17.00,56541
Liaoning,2040.10.13.18.00,55339
Liaoning,2040.10.13.19.00,54814
Liaoning,2040.10.13.20.00,56414
Liaoning,2040.10.13.21.00,56314
Liaoning,2040.10.13.22.00,57302
Liaoning,2040.10.13.23.00,54582
Liaoning,2050.01.04.00.00,58430
Liaoning,2050.01.04.01.00,57231
Liaoning,2050.01.04.02.00,56031
Liaoning,2050.01.04.03.00,55384
Liaoning,2050.01.04.04.00,55430
Liaoning,2050.01.04.05.00,55464
Liaoning,2050.01.04.06.00,58361
Liaoning,2050.01.04.07.00,59465
Liaoning,2050.01.04.08.00,59110
Liaoning,2050.01.04.09.00,62711
Liaoning,2050.01.04.10.00,65027
Liaoning,2050.01.04.11.00,64885
Liaoning,2050.01.04.12.00,62941
Liaoning,2050.01.04.13.00,63451
Liaoning,2050.01.04.14.00,64458
Liaoning,2050.01.04.15.00,64226
Liaoning,2050.01.04.16.00,64749
Liaoning,2050.01.04.17.00,63612
Liaoning,2050.01.04.18.00,62260
Liaoning,2050.01.04.19.00,61669
Liaoning,2050.01.04.20.00,63470
Liaoning,2050.01.04.21.00,63358
Liaoning,2050.01.04.22.00,64468
Liaoning,2050.01.04.23.00,61409
Liaoning,2050.04.29.00.00,52535
Liaoning,2050.04.29.01.00,51458
Liaoning,2050.04.29.02.00,50379
Liaoning,2050.04.29.03.00,49797
Liaoning,2050.04.29.04.00,49838
Liaoning,2050.04.29.05.00,49869
Liaoning,2050.04.29.06.00,52474
Liaoning,2050.04.29.07.00,53466
Liaoning,2050.04.29.08.00,53147
Liaoning,2050.04.29.09.00,56385
Liaoning,2050.04.29.10.00,58467
Liaoning,2050.04.29.11.00,58340
Liaoning,2050.04.29.12.00,56592
Liaoning,2050.04.29.13.00,57051
Liaoning,2050.04.29.14.00,57955
Liaoning,2050.04.29.15.00,57747
Liaoning,2050.04.29.16.00,58217
Liaoning,2050.04.29.17.00,57195
Liaoning,2050.04.29.18.00,55980
Liaoning,2050.04.29.19.00,55448
Liaoning,2050.04.29.20.00,57067
Liaoning,2050.04.29.21.00,56967
Liaoning,2050.04.29.22.00,57965
Liaoning,2050.04.29.23.00,55215
Liaoning,2050.07.23.00.00,58667
Liaoning,2050.07.23.01.00,57464
Liaoning,2050.07.23.02.00,56259
Liaoning,2050.07.23.03.00,55609
Liaoning,2050.07.23.04.00,55654
Liaoning,2050.07.23.05.00,55689
Liaoning,2050.07.23.06.00,58599
Liaoning,2050.07.23.07.00,59707
Liaoning,2050.07.23.08.00,59351
Liaoning,2050.07.23.09.00,62966
Liaoning,2050.07.23.10.00,65291
Liaoning,2050.07.23.11.00,65149
Liaoning,2050.07.23.12.00,63196
Liaoning,2050.07.23.13.00,63709
Liaoning,2050.07.23.14.00,64720
Liaoning,2050.07.23.15.00,64487
Liaoning,2050.07.23.16.00,65012
Liaoning,2050.07.23.17.00,63870
Liaoning,2050.07.23.18.00,62513
Liaoning,2050.07.23.19.00,61920
Liaoning,2050.07.23.20.00,63728
Liaoning,2050.07.23.21.00,63616
Liaoning,2050.07.23.22.00,64730
Liaoning,2050.07.23.23.00,61659
Liaoning,2050.10.22.00.00,55464
Liaoning,2050.10.22.01.00,54325
Liaoning,2050.10.22.02.00,53186
Liaoning,2050.10.22.03.00,52572
Liaoning,2050.10.22.04.00,52616
Liaoning,2050.10.22.05.00,52647
Liaoning,2050.10.22.06.00,55398
Liaoning,2050.10.22.07.00,56446
Liaoning,2050.10.22.08.00,56109
Liaoning,2050.10.22.09.00,59527
Liaoning,2050.10.22.10.00,61725
Liaoning,2050.10.22.11.00,61592
Liaoning,2050.10.22.12.00,59745
Liaoning,2050.10.22.13.00,60230
Liaoning,2050.10.22.14.00,61186
Liaoning,2050.10.22.15.00,60965
Liaoning,2050.10.22.16.00,61461
Liaoning,2050.10.22.17.00,60383
Liaoning,2050.10.22.18.00,59099
Liaoning,2050.10.22.19.00,58539
Liaoning,2050.10.22.20.00,60247
Liaoning,2050.10.22.21.00,60141
Liaoning,2050.10.22.22.00,61195
Liaoning,2050.10.22.23.00,58292
Ningxia,2030.01.28.00.00,18219
Ningxia,2030.01.28.01.00,18054
Ningxia,2030.01.28.02.00,18072
Ningxia,2030.01.28.03.00,17925
Ningxia,2030.01.28.04.00,17787
Ningxia,2030.01.28.05.00,17753
Ningxia,2030.01.28.06.00,17908
Ningxia,2030.01.28.07.00,18002
Ningxia,2030.01.28.08.00,17751
Ningxia,2030.01.28.09.00,17954
Ningxia,2030.01.28.10.00,17959
Ningxia,2030.01.28.11.00,18006
Ningxia,2030.01.28.12.00,18098
Ningxia,2030.01.28.13.00,18298
Ningxia,2030.01.28.14.00,18229
Ningxia,2030.01.28.15.00,18444
Ningxia,2030.01.28.16.00,18509
Ningxia,2030.01.28.17.00,19062
Ningxia,2030.01.28.18.00,19378
Ningxia,2030.01.28.19.00,19373
Ningxia,2030.01.28.20.00,19562
Ningxia,2030.01.28.21.00,19598
Ningxia,2030.01.28.22.00,19274
Ningxia,2030.01.28.23.00,18798
Ningxia,2030.04.15.00.00,18795
Ningxia,2030.04.15.01.00,18624
Ningxia,2030.04.15.02.00,18643
Ningxia,2030.04.15.03.00,18491
Ningxia,2030.04.15.04.00,18349
Ningxia,2030.04.15.05.00,18313
Ningxia,2030.04.15.06.00,18474
Ningxia,2030.04.15.07.00,18571
Ningxia,2030.04.15.08.00,18311
Ningxia,2030.04.15.09.00,18521
Ningxia,2030.04.15.10.00,18525
Ningxia,2030.04.15.11.00,18574
Ningxia,2030.04.15.12.00,18669
Ningxia,2030.04.15.13.00,18875
Ningxia,2030.04.15.14.00,18805
Ningxia,2030.04.15.15.00,19026
Ningxia,2030.04.15.16.00,19093
Ningxia,2030.04.15.17.00,19664
Ningxia,2030.04.15.18.00,19989
Ningxia,2030.04.15.19.00,19984
Ningxia,2030.04.15.20.00,20180
Ningxia,2030.04.15.21.00,20216
Ningxia,2030.04.15.22.00,19882
Ningxia,2030.04.15.23.00,19390
Ningxia,2030.07.01.00.00,19381
Ningxia,2030.07.01.01.00,19206
Ningxia,2030.07.01.02.00,19224
Ningxia,2030.07.01.03.00,19068
Ningxia,2030.07.01.04.00,18921
Ningxia,2030.07.01.05.00,18884
Ningxia,2030.07.01.06.00,19051
Ningxia,2030.07.01.07.00,19151
Ningxia,2030.07.01.08.00,18882
Ningxia,2030.07.01.09.00,19100
Ningxia,2030.07.01.10.00,19104
Ningxia,2030.07.01.11.00,19154
Ningxia,2030.07.01.12.00,19251
Ningxia,2030.07.01.13.00,19464
Ningxia,2030.07.01.14.00,19391
Ningxia,2030.07.01.15.00,19620
Ningxia,2030.07.01.16.00,19689
Ningxia,2030.07.01.17.00,20278
Ningxia,2030.07.01.18.00,20613
Ningxia,2030.07.01.19.00,20607
Ningxia,2030.07.01.20.00,20809
Ningxia,2030.07.01.21.00,20847
Ningxia,2030.07.01.22.00,20502
Ningxia,2030.07.01.23.00,19995
Ningxia,2030.10.31.00.00,20059
Ningxia,2030.10.31.01.00,19877
Ningxia,2030.10.31.02.00,19897
Ningxia,2030.10.31.03.00,19735
Ningxia,2030.10.31.04.00,19583
Ningxia,2030.10.31.05.00,19545
Ningxia,2030.10.31.06.00,19717
Ningxia,2030.10.31.07.00,19821
Ningxia,2030.10.31.08.00,19543
Ningxia,2030.10.31.09.00,19768
Ningxia,2030.10.31.10.00,19773
Ningxia,2030.10.31.11.00,19824
Ningxia,2030.10.31.12.00,19926
Ningxia,2030.10.31.13.00,20145
Ningxia,2030.10.31.14.00,20071
Ningxia,2030.10.31.15.00,20306
Ningxia,2030.10.31.16.00,20378
Ningxia,2030.10.31.17.00,20988
Ningxia,2030.10.31.18.00,21334
Ningxia,2030.10.31.19.00,21328
Ningxia,2030.10.31.20.00,21537
Ningxia,2030.10.31.21.00,21577
Ningxia,2030.10.31.22.00,21220
Ningxia,2030.10.31.23.00,20696
Ningxia,2040.01.02.00.00,20049
Ningxia,2040.01.02.01.00,19868
Ningxia,2040.01.02.02.00,19887
Ningxia,2040.01.02.03.00,19726
Ningxia,2040.01.02.04.00,19574
Ningxia,2040.01.02.05.00,19536
Ningxia,2040.01.02.06.00,19707
Ningxia,2040.01.02.07.00,19810
Ningxia,2040.01.02.08.00,19534
Ningxia,2040.01.02.09.00,19758
Ningxia,2040.01.02.10.00,19763
Ningxia,2040.01.02.11.00,19815
Ningxia,2040.01.02.12.00,19917
Ningxia,2040.01.02.13.00,20136
Ningxia,2040.01.02.14.00,20060
Ningxia,2040.01.02.15.00,20296
Ningxia,2040.01.02.16.00,20368
Ningxia,2040.01.02.17.00,20977
Ningxia,2040.01.02.18.00,21324
Ningxia,2040.01.02.19.00,21319
Ningxia,2040.01.02.20.00,21527
Ningxia,2040.01.02.21.00,21567
Ningxia,2040.01.02.22.00,21210
Ningxia,2040.01.02.23.00,20686
Ningxia,2040.04.19.00.00,22256
Ningxia,2040.04.19.01.00,22054
Ningxia,2040.04.19.02.00,22077
Ningxia,2040.04.19.03.00,21897
Ningxia,2040.04.19.04.00,21728
Ningxia,2040.04.19.05.00,21686
Ningxia,2040.04.19.06.00,21877
Ningxia,2040.04.19.07.00,21991
Ningxia,2040.04.19.08.00,21684
Ningxia,2040.04.19.09.00,21933
Ningxia,2040.04.19.10.00,21938
Ningxia,2040.04.19.11.00,21995
Ningxia,2040.04.19.12.00,22109
Ningxia,2040.04.19.13.00,22352
Ningxia,2040.04.19.14.00,22269
Ningxia,2040.04.19.15.00,22531
Ningxia,2040.04.19.16.00,22610
Ningxia,2040.04.19.17.00,23287
Ningxia,2040.04.19.18.00,23671
Ningxia,2040.04.19.19.00,23665
Ningxia,2040.04.19.20.00,23897
Ningxia,2040.04.19.21.00,23940
Ningxia,2040.04.19.22.00,23545
Ningxia,2040.04.19.23.00,22962
Ningxia,2040.07.24.00.00,21134
Ningxia,2040.07.24.01.00,20944
Ningxia,2040.07.24.02.00,20964
Ningxia,2040.07.24.03.00,20794
Ningxia,2040.07.24.04.00,20634
Ningxia,2040.07.24.05.00,20594
Ningxia,2040.07.24.06.00,20774
Ningxia,2040.07.24.07.00,20883
Ningxia,2040.07.24.08.00,20591
Ningxia,2040.07.24.09.00,20827
Ningxia,2040.07.24.10.00,20832
Ningxia,2040.07.24.11.00,20887
Ningxia,2040.07.24.12.00,20995
Ningxia,2040.07.24.13.00,21225
Ningxia,2040.07.24.14.00,21147
Ningxia,2040.07.24.15.00,21395
Ningxia,2040.07.24.16.00,21471
Ningxia,2040.07.24.17.00,22113
Ningxia,2040.07.24.18.00,22479
Ningxia,2040.07.24.19.00,22473
Ningxia,2040.07.24.20.00,22692
Ningxia,2040.07.24.21.00,22734
Ningxia,2040.07.24.22.00,22357
Ningxia,2040.07.24.23.00,21806
Ningxia,2040.10.13.00.00,23435
Ningxia,2040.10.13.01.00,23222
Ningxia,2040.10.13.02.00,23245
Ningxia,2040.10.13.03.00,23056
Ningxia,2040.10.13.04.00,22879
Ningxia,2040.10.13.05.00,22835
Ningxia,2040.10.13.06.00,23035
Ningxia,2040.10.13.07.00,23156
Ningxia,2040.10.13.08.00,22832
Ningxia,2040.10.13.09.00,23094
Ningxia,2040.10.13.10.00,23100
Ningxia,2040.10.13.11.00,23160
Ningxia,2040.10.13.12.00,23279
Ningxia,2040.10.13.13.00,23535
Ningxia,2040.10.13.14.00,23448
Ningxia,2040.10.13.15.00,23723
Ningxia,2040.10.13.16.00,23807
Ningxia,2040.10.13.17.00,24519
Ningxia,2040.10.13.18.00,24925
Ningxia,2040.10.13.19.00,24919
Ningxia,2040.10.13.20.00,25161
Ningxia,2040.10.13.21.00,25208
Ningxia,2040.10.13.22.00,24791
Ningxia,2040.10.13.23.00,24178
Ningxia,2050.01.04.00.00,20599
Ningxia,2050.01.04.01.00,20412
Ningxia,2050.01.04.02.00,20433
Ningxia,2050.01.04.03.00,20266
Ningxia,2050.01.04.04.00,20110
Ningxia,2050.01.04.05.00,20072
Ningxia,2050.01.04.06.00,20248
Ningxia,2050.01.04.07.00,20354
Ningxia,2050.01.04.08.00,20069
Ningxia,2050.01.04.09.00,20299
Ningxia,2050.01.04.10.00,20304
Ningxia,2050.01.04.11.00,20357
Ningxia,2050.01.04.12.00,20462
Ningxia,2050.01.04.13.00,20687
Ningxia,2050.01.04.14.00,20610
Ningxia,2050.01.04.15.00,20852
Ningxia,2050.01.04.16.00,20926
Ningxia,2050.01.04.17.00,21552
Ningxia,2050.01.04.18.00,21909
Ningxia,2050.01.04.19.00,21902
Ningxia,2050.01.04.20.00,22117
Ningxia,2050.01.04.21.00,22157
Ningxia,2050.01.04.22.00,21791
Ningxia,2050.01.04.23.00,21253
Ningxia,2050.04.29.00.00,23475
Ningxia,2050.04.29.01.00,23263
Ningxia,2050.04.29.02.00,23287
Ningxia,2050.04.29.03.00,23097
Ningxia,2050.04.29.04.00,22919
Ningxia,2050.04.29.05.00,22875
Ningxia,2050.04.29.06.00,23075
Ningxia,2050.04.29.07.00,23197
Ningxia,2050.04.29.08.00,22872
Ningxia,2050.04.29.09.00,23135
Ningxia,2050.04.29.10.00,23141
Ningxia,2050.04.29.11.00,23201
Ningxia,2050.04.29.12.00,23320
Ningxia,2050.04.29.13.00,23576
Ningxia,2050.04.29.14.00,23490
Ningxia,2050.04.29.15.00,23765
Ningxia,2050.04.29.16.00,23849
Ningxia,2050.04.29.17.00,24562
Ningxia,2050.04.29.18.00,24969
Ningxia,2050.04.29.19.00,24962
Ningxia,2050.04.29.20.00,25206
Ningxia,2050.04.29.21.00,25252
Ningxia,2050.04.29.22.00,24835
Ningxia,2050.04.29.23.00,24221
Ningxia,2050.07.23.00.00,24308
Ningxia,2050.07.23.01.00,24087
Ningxia,2050.07.23.02.00,24111
Ningxia,2050.07.23.03.00,23915
Ningxia,2050.07.23.04.00,23730
Ningxia,2050.07.23.05.00,23685
Ningxia,2050.07.23.06.00,23892
Ningxia,2050.07.23.07.00,24018
Ningxia,2050.07.23.08.00,23682
Ningxia,2050.07.23.09.00,23954
Ningxia,2050.07.23.10.00,23960
Ningxia,2050.07.23.11.00,24023
Ningxia,2050.07.23.12.00,24145
Ningxia,2050.07.23.13.00,24412
Ningxia,2050.07.23.14.00,24321
Ningxia,2050.07.23.15.00,24606
Ningxia,2050.07.23.16.00,24694
Ningxia,2050.07.23.17.00,25432
Ningxia,2050.07.23.18.00,25853
Ningxia,2050.07.23.19.00,25846
Ningxia,2050.07.23.20.00,26099
Ningxia,2050.07.23.21.00,26147
Ningxia,2050.07.23.22.00,25714
Ningxia,2050.07.23.23.00,25079
Ningxia,2050.10.22.00.00,25452
Ningxia,2050.10.22.01.00,25222
Ningxia,2050.10.22.02.00,25246
Ningxia,2050.10.22.03.00,25041
Ningxia,2050.10.22.04.00,24848
Ningxia,2050.10.22.05.00,24800
Ningxia,2050.10.22.06.00,25018
Ningxia,2050.10.22.07.00,25149
Ningxia,2050.10.22.08.00,24797
Ningxia,2050.10.22.09.00,25082
Ningxia,2050.10.22.10.00,25088
Ningxia,2050.10.22.11.00,25153
Ningxia,2050.10.22.12.00,25283
Ningxia,2050.10.22.13.00,25561
Ningxia,2050.10.22.14.00,25466
Ningxia,2050.10.22.15.00,25765
Ningxia,2050.10.22.16.00,25856
Ningxia,2050.10.22.17.00,26629
Ningxia,2050.10.22.18.00,27070
Ningxia,2050.10.22.19.00,27063
Ningxia,2050.10.22.20.00,27328
Ningxia,2050.10.22.21.00,27378
Ningxia,2050.10.22.22.00,26925
Ningxia,2050.10.22.23.00,26259
Qinghai,2030.01.28.00.00,14537
Qinghai,2030.01.28.01.00,14593
Qinghai,2030.01.28.02.00,14448
Qinghai,2030.01.28.03.00,14365
Qinghai,2030.01.28.04.00,14410
Qinghai,2030.01.28.05.00,14501
Qinghai,2030.01.28.06.00,14607
Qinghai,2030.01.28.07.00,14922
Qinghai,2030.01.28.08.00,14721
Qinghai,2030.01.28.09.00,14654
Qinghai,2030.01.28.10.00,14199
Qinghai,2030.01.28.11.00,14384
Qinghai,2030.01.28.12.00,14613
Qinghai,2030.01.28.13.00,14862
Qinghai,2030.01.28.14.00,14855
Qinghai,2030.01.28.15.00,14992
Qinghai,2030.01.28.16.00,14962
Qinghai,2030.01.28.17.00,14648
Qinghai,2030.01.28.18.00,14585
Qinghai,2030.01.28.19.00,14799
Qinghai,2030.01.28.20.00,14802
Qinghai,2030.01.28.21.00,14939
Qinghai,2030.01.28.22.00,14679
Qinghai,2030.01.28.23.00,14625
Qinghai,2030.04.15.00.00,14649
Qinghai,2030.04.15.01.00,14706
Qinghai,2030.04.15.02.00,14559
Qinghai,2030.04.15.03.00,14476
Qinghai,2030.04.15.04.00,14522
Qinghai,2030.04.15.05.00,14614
Qinghai,2030.04.15.06.00,14720
Qinghai,2030.04.15.07.00,15037
Qinghai,2030.04.15.08.00,14835
Qinghai,2030.04.15.09.00,14768
Qinghai,2030.04.15.10.00,14310
Qinghai,2030.04.15.11.00,14495
Qinghai,2030.04.15.12.00,14726
Qinghai,2030.04.15.13.00,14977
Qinghai,2030.04.15.14.00,14970
Qinghai,2030.04.15.15.00,15108
Qinghai,2030.04.15.16.00,15078
Qinghai,2030.04.15.17.00,14761
Qinghai,2030.04.15.18.00,14698
Qinghai,2030.04.15.19.00,14914
Qinghai,2030.04.15.20.00,14916
Qinghai,2030.04.15.21.00,15054
Qinghai,2030.04.15.22.00,14793
Qinghai,2030.04.15.23.00,14738
Qinghai,2030.07.01.00.00,15293
Qinghai,2030.07.01.01.00,15353
Qinghai,2030.07.01.02.00,15200
Qinghai,2030.07.01.03.00,15112
Qinghai,2030.07.01.04.00,15160
Qinghai,2030.07.01.05.00,15256
Qinghai,2030.07.01.06.00,15367
Qinghai,2030.07.01.07.00,15698
Qinghai,2030.07.01.08.00,15487
Qinghai,2030.07.01.09.00,15417
Qinghai,2030.07.01.10.00,14939
Qinghai,2030.07.01.11.00,15133
Qinghai,2030.07.01.12.00,15372
Qinghai,2030.07.01.13.00,15636
Qinghai,2030.07.01.14.00,15628
Qinghai,2030.07.01.15.00,15772
Qinghai,2030.07.01.16.00,15742
Qinghai,2030.07.01.17.00,15411
Qinghai,2030.07.01.18.00,15345
Qinghai,2030.07.01.19.00,15569
Qinghai,2030.07.01.20.00,15573
Qinghai,2030.07.01.21.00,15716
Qinghai,2030.07.01.22.00,15443
Qinghai,2030.07.01.23.00,15386
Qinghai,2030.10.31.00.00,15453
Qinghai,2030.10.31.01.00,15513
Qinghai,2030.10.31.02.00,15359
Qinghai,2030.10.31.03.00,15270
Qinghai,2030.10.31.04.00,15318
Qinghai,2030.10.31.05.00,15416
Qinghai,2030.10.31.06.00,15528
Qinghai,2030.10.31.07.00,15862
Qinghai,2030.10.31.08.00,15649
Qinghai,2030.10.31.09.00,15578
Qinghai,2030.10.31.10.00,15095
Qinghai,2030.10.31.11.00,15291
Qinghai,2030.10.31.12.00,15534
Qinghai,2030.10.31.13.00,15799
Qinghai,2030.10.31.14.00,15792
Qinghai,2030.10.31.15.00,15938
Qinghai,2030.10.31.16.00,15906
Qinghai,2030.10.31.17.00,15572
Qinghai,2030.10.31.18.00,15505
Qinghai,2030.10.31.19.00,15732
Qinghai,2030.10.31.20.00,15736
Qinghai,2030.10.31.21.00,15880
Qinghai,2030.10.31.22.00,15605
Qinghai,2030.10.31.23.00,15547
Qinghai,2040.01.02.00.00,19926
Qinghai,2040.01.02.01.00,20003
Qinghai,2040.01.02.02.00,19804
Qinghai,2040.01.02.03.00,19690
Qinghai,2040.01.02.04.00,19751
Qinghai,2040.01.02.05.00,19877
Qinghai,2040.01.02.06.00,20022
Qinghai,2040.01.02.07.00,20452
Qinghai,2040.01.02.08.00,20178
Qinghai,2040.01.02.09.00,20087
Qinghai,2040.01.02.10.00,19464
Qinghai,2040.01.02.11.00,19716
Qinghai,2040.01.02.12.00,20029
Qinghai,2040.01.02.13.00,20371
Qinghai,2040.01.02.14.00,20361
Qinghai,2040.01.02.15.00,20550
Qinghai,2040.01.02.16.00,20509
Qinghai,2040.01.02.17.00,20079
Qinghai,2040.01.02.18.00,19992
Qinghai,2040.01.02.19.00,20286
Qinghai,2040.01.02.20.00,20290
Qinghai,2040.01.02.21.00,20477
Qinghai,2040.01.02.22.00,20121
Qinghai,2040.01.02.23.00,20046
Qinghai,2040.04.19.00.00,17435
Qinghai,2040.04.19.01.00,17503
Qinghai,2040.04.19.02.00,17329
Qinghai,2040.04.19.03.00,17229
Qinghai,2040.04.19.04.00,17283
Qinghai,2040.04.19.05.00,17393
Qinghai,2040.04.19.06.00,17520
Qinghai,2040.04.19.07.00,17896
Qinghai,2040.04.19.08.00,17655
Qinghai,2040.04.19.09.00,17576
Qinghai,2040.04.19.10.00,17030
Qinghai,2040.04.19.11.00,17251
Qinghai,2040.04.19.12.00,17526
Qinghai,2040.04.19.13.00,17826
Qinghai,2040.04.19.14.00,17816
Qinghai,2040.04.19.15.00,17981
Qinghai,2040.04.19.16.00,17945
Qinghai,2040.04.19.17.00,17568
Qinghai,2040.04.19.18.00,17493
Qinghai,2040.04.19.19.00,17750
Qinghai,2040.04.19.20.00,17753
Qinghai,2040.04.19.21.00,17916
Qinghai,2040.04.19.22.00,17605
Qinghai,2040.04.19.23.00,17541
Qinghai,2040.07.24.00.00,15977
Qinghai,2040.07.24.01.00,16040
Qinghai,2040.07.24.02.00,15880
Qinghai,2040.07.24.03.00,15789
Qinghai,2040.07.24.04.00,15838
Qinghai,2040.07.24.05.00,15939
Qinghai,2040.07.24.06.00,16055
Qinghai,2040.07.24.07.00,16400
Qinghai,2040.07.24.08.00,16179
Qinghai,2040.07.24.09.00,16107
Qinghai,2040.07.24.10.00,15607
Qinghai,2040.07.24.11.00,15809
Qinghai,2040.07.24.12.00,16060
Qinghai,2040.07.24.13.00,16335
Qinghai,2040.07.24.14.00,16327
Qinghai,2040.07.24.15.00,16478
Qinghai,2040.07.24.16.00,16445
Qinghai,2040.07.24.17.00,16101
Qinghai,2040.07.24.18.00,16030
Qinghai,2040.07.24.19.00,16266
Qinghai,2040.07.24.20.00,16269
Qinghai,2040.07.24.21.00,16419
Qinghai,2040.07.24.22.00,16134
Qinghai,2040.07.24.23.00,16074
Qinghai,2040.10.13.00.00,18170
Qinghai,2040.10.13.01.00,18241
Qinghai,2040.10.13.02.00,18059
Qinghai,2040.10.13.03.00,17955
Qinghai,2040.10.13.04.00,18011
Qinghai,2040.10.13.05.00,18126
Qinghai,2040.10.13.06.00,18258
Qinghai,2040.10.13.07.00,18651
Qinghai,2040.10.13.08.00,18400
Qinghai,2040.10.13.09.00,18317
Qinghai,2040.10.13.10.00,17749
Qinghai,2040.10.13.11.00,17980
Qinghai,2040.10.13.12.00,18264
Qinghai,2040.10.13.13.00,18577
Qinghai,2040.10.13.14.00,18568
Qinghai,2040.10.13.15.00,18739
Qinghai,2040.10.13.16.00,18703
Qinghai,2040.10.13.17.00,18310
Qinghai,2040.10.13.18.00,18230
Qinghai,2040.10.13.19.00,18499
Qinghai,2040.10.13.20.00,18502
Qinghai,2040.10.13.21.00,18672
Qinghai,2040.10.13.22.00,18348
Qinghai,2040.10.13.23.00,18280
Qinghai,2050.01.04.00.00,19924
Qinghai,2050.01.04.01.00,20001
Qinghai,2050.01.04.02.00,19802
Qinghai,2050.01.04.03.00,19688
Qinghai,2050.01.04.04.00,19749
Qinghai,2050.01.04.05.00,19876
Qinghai,2050.01.04.06.00,20020
Qinghai,2050.01.04.07.00,20451
Qinghai,2050.01.04.08.00,20176
Qinghai,2050.01.04.09.00,20085
Qinghai,2050.01.04.10.00,19462
Qinghai,2050.01.04.11.00,19715
Qinghai,2050.01.04.12.00,20027
Qinghai,2050.01.04.13.00,20369
Qinghai,2050.01.04.14.00,20359
Qinghai,2050.01.04.15.00,20548
Qinghai,2050.01.04.16.00,20507
Qinghai,2050.01.04.17.00,20077
Qinghai,2050.01.04.18.00,19990
Qinghai,2050.01.04.19.00,20284
Qinghai,2050.01.04.20.00,20288
Qinghai,2050.01.04.21.00,20474
Qinghai,2050.01.04.22.00,20118
Qinghai,2050.01.04.23.00,20044
Qinghai,2050.04.29.00.00,18365
Qinghai,2050.04.29.01.00,18437
Qinghai,2050.04.29.02.00,18253
Qinghai,2050.04.29.03.00,18148
Qinghai,2050.04.29.04.00,18204
Qinghai,2050.04.29.05.00,18320
Qinghai,2050.04.29.06.00,18454
Qinghai,2050.04.29.07.00,18851
Qinghai,2050.04.29.08.00,18598
Qinghai,2050.04.29.09.00,18513
Qinghai,2050.04.29.10.00,17939
Qinghai,2050.04.29.11.00,18171
Qinghai,2050.04.29.12.00,18460
Qinghai,2050.04.29.13.00,18776
Qinghai,2050.04.29.14.00,18767
Qinghai,2050.04.29.15.00,18940
Qinghai,2050.04.29.16.00,18903
Qinghai,2050.04.29.17.00,18506
Qinghai,2050.04.29.18.00,18426
Qinghai,2050.04.29.19.00,18697
Qinghai,2050.04.29.20.00,18701
Qinghai,2050.04.29.21.00,18872
Qinghai,2050.04.29.22.00,18545
Qinghai,2050.04.29.23.00,18476
Qinghai,2050.07.23.00.00,18396
Qinghai,2050.07.23.01.00,18467
Qinghai,2050.07.23.02.00,18284
Qinghai,2050.07.23.03.00,18178
Qinghai,2050.07.23.04.00,18235
Qinghai,2050.07.23.05.00,18351
Qinghai,2050.07.23.06.00,18484
Qinghai,2050.07.23.07.00,18882
Qinghai,2050.07.23.08.00,18628
Qinghai,2050.07.23.09.00,18545
Qinghai,2050.07.23.10.00,17968
Qinghai,2050.07.23.11.00,18202
Qinghai,2050.07.23.12.00,18491
Qinghai,2050.07.23.13.00,18807
Qinghai,2050.07.23.14.00,18799
Qinghai,2050.07.23.15.00,18972
Qinghai,2050.07.23.16.00,18934
Qinghai,2050.07.23.17.00,18536
Qinghai,2050.07.23.18.00,18457
Qinghai,2050.07.23.19.00,18728
Qinghai,2050.07.23.20.00,18731
Qinghai,2050.07.23.21.00,18904
Qinghai,2050.07.23.22.00,18576
Qinghai,2050.07.23.23.00,18507
Qinghai,2050.10.22.00.00,19420
Qinghai,2050.10.22.01.00,19496
Qinghai,2050.10.22.02.00,19301
Qinghai,2050.10.22.03.00,19190
Qinghai,2050.10.22.04.00,19250
Qinghai,2050.10.22.05.00,19373
Qinghai,2050.10.22.06.00,19514
Qinghai,2050.10.22.07.00,19934
Qinghai,2050.10.22.08.00,19666
Qinghai,2050.10.22.09.00,19577
Qinghai,2050.10.22.10.00,18970
Qinghai,2050.10.22.11.00,19216
Qinghai,2050.10.22.12.00,19521
Qinghai,2050.10.22.13.00,19854
Qinghai,2050.10.22.14.00,19845
Qinghai,2050.10.22.15.00,20029
Qinghai,2050.10.22.16.00,19989
Qinghai,2050.10.22.17.00,19570
Qinghai,2050.10.22.18.00,19485
Qinghai,2050.10.22.19.00,19771
Qinghai,2050.10.22.20.00,19775
Qinghai,2050.10.22.21.00,19956
Qinghai,2050.10.22.22.00,19611
Qinghai,2050.10.22.23.00,19538
Shaanxi,2030.01.28.00.00,30627
Shaanxi,2030.01.28.01.00,29215
Shaanxi,2030.01.28.02.00,27952
Shaanxi,2030.01.28.03.00,26907
Shaanxi,2030.01.28.04.00,25947
Shaanxi,2030.01.28.05.00,25451
Shaanxi,2030.01.28.06.00,25697
Shaanxi,2030.01.28.07.00,26758
Shaanxi,2030.01.28.08.00,27972
Shaanxi,2030.01.28.09.00,30553
Shaanxi,2030.01.28.10.00,32594
Shaanxi,2030.01.28.11.00,34465
Shaanxi,2030.01.28.12.00,35541
Shaanxi,2030.01.28.13.00,36244
Shaanxi,2030.01.28.14.00,36043
Shaanxi,2030.01.28.15.00,36106
Shaanxi,2030.01.28.16.00,35883
Shaanxi,2030.01.28.17.00,35833
Shaanxi,2030.01.28.18.00,35005
Shaanxi,2030.01.28.19.00,33764
Shaanxi,2030.01.28.20.00,34905
Shaanxi,2030.01.28.21.00,35982
Shaanxi,2030.01.28.22.00,34996
Shaanxi,2030.01.28.23.00,32533
Shaanxi,2030.04.15.00.00,24382
Shaanxi,2030.04.15.01.00,23258
Shaanxi,2030.04.15.02.00,22253
Shaanxi,2030.04.15.03.00,21421
Shaanxi,2030.04.15.04.00,20657
Shaanxi,2030.04.15.05.00,20262
Shaanxi,2030.04.15.06.00,20457
Shaanxi,2030.04.15.07.00,21302
Shaanxi,2030.04.15.08.00,22269
Shaanxi,2030.04.15.09.00,24324
Shaanxi,2030.04.15.10.00,25949
Shaanxi,2030.04.15.11.00,27438
Shaanxi,2030.04.15.12.00,28294
Shaanxi,2030.04.15.13.00,28854
Shaanxi,2030.04.15.14.00,28694
Shaanxi,2030.04.15.15.00,28745
Shaanxi,2030.04.15.16.00,28567
Shaanxi,2030.04.15.17.00,28526
Shaanxi,2030.04.15.18.00,27868
Shaanxi,2030.04.15.19.00,26880
Shaanxi,2030.04.15.20.00,27788
Shaanxi,2030.04.15.21.00,28646
Shaanxi,2030.04.15.22.00,27860
Shaanxi,2030.04.15.23.00,25899
Shaanxi,2030.07.01.00.00,31156
Shaanxi,2030.07.01.01.00,29720
Shaanxi,2030.07.01.02.00,28436
Shaanxi,2030.07.01.03.00,27372
Shaanxi,2030.07.01.04.00,26395
Shaanxi,2030.07.01.05.00,25891
Shaanxi,2030.07.01.06.00,26141
Shaanxi,2030.07.01.07.00,27219
Shaanxi,2030.07.01.08.00,28455
Shaanxi,2030.07.01.09.00,31080
Shaanxi,2030.07.01.10.00,33157
Shaanxi,2030.07.01.11.00,35059
Shaanxi,2030.07.01.12.00,36154
Shaanxi,2030.07.01.13.00,36869
Shaanxi,2030.07.01.14.00,36665
Shaanxi,2030.07.01.15.00,36729
Shaanxi,2030.07.01.16.00,36503
Shaanxi,2030.07.01.17.00,36451
Shaanxi,2030.07.01.18.00,35610
Shaanxi,2030.07.01.19.00,34347
Shaanxi,2030.07.01.20.00,35507
Shaanxi,2030.07.01.21.00,36603
Shaanxi,2030.07.01.22.00,35600
Shaanxi,2030.07.01.23.00,33094
Shaanxi,2030.10.31.00.00,25707
Shaanxi,2030.10.31.01.00,24522
Shaanxi,2030.10.31.02.00,23463
Shaanxi,2030.10.31.03.00,22585
Shaanxi,2030.10.31.04.00,21779
Shaanxi,2030.10.31.05.00,21363
Shaanxi,2030.10.31.06.00,21569
Shaanxi,2030.10.31.07.00,22459
Shaanxi,2030.10.31.08.00,23479
Shaanxi,2030.10.31.09.00,25646
Shaanxi,2030.10.31.10.00,27359
Shaanxi,2030.10.31.11.00,28929
Shaanxi,2030.10.31.12.00,29832
Shaanxi,2030.10.31.13.00,30422
Shaanxi,2030.10.31.14.00,30253
Shaanxi,2030.10.31.15.00,30306
Shaanxi,2030.10.31.16.00,30120
Shaanxi,2030.10.31.17.00,30077
Shaanxi,2030.10.31.18.00,29383
Shaanxi,2030.10.31.19.00,28341
Shaanxi,2030.10.31.20.00,29298
Shaanxi,2030.10.31.21.00,30202
Shaanxi,2030.10.31.22.00,29375
Shaanxi,2030.10.31.23.00,27306
Shaanxi,2040.01.02.00.00,37643
Shaanxi,2040.01.02.01.00,35907
Shaanxi,2040.01.02.02.00,34356
Shaanxi,2040.01.02.03.00,33071
Shaanxi,2040.01.02.04.00,31891
Shaanxi,2040.01.02.05.00,31282
Shaanxi,2040.01.02.06.00,31583
Shaanxi,2040.01.02.07.00,32887
Shaanxi,2040.01.02.08.00,34380
Shaanxi,2040.01.02.09.00,37552
Shaanxi,2040.01.02.10.00,40062
Shaanxi,2040.01.02.11.00,42360
Shaanxi,2040.01.02.12.00,43683
Shaanxi,2040.01.02.13.00,44546
Shaanxi,2040.01.02.14.00,44300
Shaanxi,2040.01.02.15.00,44377
Shaanxi,2040.01.02.16.00,44103
Shaanxi,2040.01.02.17.00,44041
Shaanxi,2040.01.02.18.00,43025
Shaanxi,2040.01.02.19.00,41499
Shaanxi,2040.01.02.20.00,42901
Shaanxi,2040.01.02.21.00,44224
Shaanxi,2040.01.02.22.00,43012
Shaanxi,2040.01.02.23.00,39985
Shaanxi,2040.04.19.00.00,28751
Shaanxi,2040.04.19.01.00,27426
Shaanxi,2040.04.19.02.00,26241
Shaanxi,2040.04.19.03.00,25259
Shaanxi,2040.04.19.04.00,24358
Shaanxi,2040.04.19.05.00,23892
Shaanxi,2040.04.19.06.00,24123
Shaanxi,2040.04.19.07.00,25119
Shaanxi,2040.04.19.08.00,26259
Shaanxi,2040.04.19.09.00,28681
Shaanxi,2040.04.19.10.00,30598
Shaanxi,2040.04.19.11.00,32353
Shaanxi,2040.04.19.12.00,33364
Shaanxi,2040.04.19.13.00,34023
Shaanxi,2040.04.19.14.00,33835
Shaanxi,2040.04.19.15.00,33895
Shaanxi,2040.04.19.16.00,33686
Shaanxi,2040.04.19.17.00,33638
Shaanxi,2040.04.19.18.00,32861
Shaanxi,2040.04.19.19.00,31695
Shaanxi,2040.04.19.20.00,32766
Shaanxi,2040.04.19.21.00,33777
Shaanxi,2040.04.19.22.00,32852
Shaanxi,2040.04.19.23.00,30540
Shaanxi,2040.07.24.00.00,39363
Shaanxi,2040.07.24.01.00,37548
Shaanxi,2040.07.24.02.00,35925
Shaanxi,2040.07.24.03.00,34582
Shaanxi,2040.07.24.04.00,33348
Shaanxi,2040.07.24.05.00,32711
Shaanxi,2040.07.24.06.00,33027
Shaanxi,2040.07.24.07.00,34389
Shaanxi,2040.07.24.08.00,35951
Shaanxi,2040.07.24.09.00,39268
Shaanxi,2040.07.24.10.00,41891
Shaanxi,2040.07.24.11.00,44296
Shaanxi,2040.07.24.12.00,45679
Shaanxi,2040.07.24.13.00,46581
Shaanxi,2040.07.24.14.00,46323
Shaanxi,2040.07.24.15.00,46405
Shaanxi,2040.07.24.16.00,46118
Shaanxi,2040.07.24.17.00,46053
Shaanxi,2040.07.24.18.00,44990
Shaanxi,2040.07.24.19.00,43395
Shaanxi,2040.07.24.20.00,44861
Shaanxi,2040.07.24.21.00,46245
Shaanxi,2040.07.24.22.00,44978
Shaanxi,2040.07.24.23.00,41812
Shaanxi,2040.10.13.00.00,29481
Shaanxi,2040.10.13.01.00,28121
Shaanxi,2040.10.13.02.00,26907
Shaanxi,2040.10.13.03.00,25901
Shaanxi,2040.10.13.04.00,24977
Shaanxi,2040.10.13.05.00,24499
Shaanxi,2040.10.13.06.00,24735
Shaanxi,2040.10.13.07.00,25756
Shaanxi,2040.10.13.08.00,26926
Shaanxi,2040.10.13.09.00,29411
Shaanxi,2040.10.13.10.00,31375
Shaanxi,2040.10.13.11.00,33176
Shaanxi,2040.10.13.12.00,34211
Shaanxi,2040.10.13.13.00,34887
Shaanxi,2040.10.13.14.00,34694
Shaanxi,2040.10.13.15.00,34755
Shaanxi,2040.10.13.16.00,34540
Shaanxi,2040.10.13.17.00,34491
Shaanxi,2040.10.13.18.00,33696
Shaanxi,2040.10.13.19.00,32501
Shaanxi,2040.10.13.20.00,33599
Shaanxi,2040.10.13.21.00,34635
Shaanxi,2040.10.13.22.00,33687
Shaanxi,2040.10.13.23.00,31315
Shaanxi,2050.01.04.00.00,41561
Shaanxi,2050.01.04.01.00,39645
Shaanxi,2050.01.04.02.00,37933
Shaanxi,2050.01.04.03.00,36514
Shaanxi,2050.01.04.04.00,35210
Shaanxi,2050.01.04.05.00,34538
Shaanxi,2050.01.04.06.00,34871
Shaanxi,2050.01.04.07.00,36310
Shaanxi,2050.01.04.08.00,37959
Shaanxi,2050.01.04.09.00,41462
Shaanxi,2050.01.04.10.00,44231
Shaanxi,2050.01.04.11.00,46769
Shaanxi,2050.01.04.12.00,48230
Shaanxi,2050.01.04.13.00,49183
Shaanxi,2050.01.04.14.00,48911
Shaanxi,2050.01.04.15.00,48997
Shaanxi,2050.01.04.16.00,48694
Shaanxi,2050.01.04.17.00,48625
Shaanxi,2050.01.04.18.00,47503
Shaanxi,2050.01.04.19.00,45818
Shaanxi,2050.01.04.20.00,47367
Shaanxi,2050.01.04.21.00,48828
Shaanxi,2050.01.04.22.00,47490
Shaanxi,2050.01.04.23.00,44148
Shaanxi,2050.04.29.00.00,30891
Shaanxi,2050.04.29.01.00,29467
Shaanxi,2050.04.29.02.00,28193
Shaanxi,2050.04.29.03.00,27139
Shaanxi,2050.04.29.04.00,26170
Shaanxi,2050.04.29.05.00,25670
Shaanxi,2050.04.29.06.00,25917
Shaanxi,2050.04.29.07.00,26987
Shaanxi,2050.04.29.08.00,28213
Shaanxi,2050.04.29.09.00,30816
Shaanxi,2050.04.29.10.00,32875
Shaanxi,2050.04.29.11.00,34762
Shaanxi,2050.04.29.12.00,35847
Shaanxi,2050.04.29.13.00,36555
Shaanxi,2050.04.29.14.00,36353
Shaanxi,2050.04.29.15.00,36417
Shaanxi,2050.04.29.16.00,36192
Shaanxi,2050.04.29.17.00,36141
Shaanxi,2050.04.29.18.00,35307
Shaanxi,2050.04.29.19.00,34055
Shaanxi,2050.04.29.20.00,35205
Shaanxi,2050.04.29.21.00,36292
Shaanxi,2050.04.29.22.00,35297
Shaanxi,2050.04.29.23.00,32812
Shaanxi,2050.07.23.00.00,43860
Shaanxi,2050.07.23.01.00,41838
Shaanxi,2050.07.23.02.00,40031
Shaanxi,2050.07.23.03.00,38534
Shaanxi,2050.07.23.04.00,37159
Shaanxi,2050.07.23.05.00,36449
Shaanxi,2050.07.23.06.00,36800
Shaanxi,2050.07.23.07.00,38318
Shaanxi,2050.07.23.08.00,40058
Shaanxi,2050.07.23.09.00,43755
Shaanxi,2050.07.23.10.00,46678
Shaanxi,2050.07.23.11.00,49357
Shaanxi,2050.07.23.12.00,50898
Shaanxi,2050.07.23.13.00,51904
Shaanxi,2050.07.23.14.00,51616
Shaanxi,2050.07.23.15.00,51707
Shaanxi,2050.07.23.16.00,51388
Shaanxi,2050.07.23.17.00,51315
Shaanxi,2050.07.23.18.00,50131
Shaanxi,2050.07.23.19.00,48353
Shaanxi,2050.07.23.20.00,49987
Shaanxi,2050.07.23.21.00,51529
Shaanxi,2050.07.23.22.00,50118
Shaanxi,2050.07.23.23.00,46590
Shaanxi,2050.10.22.00.00,32991
Shaanxi,2050.10.22.01.00,31470
Shaanxi,2050.10.22.02.00,30110
Shaanxi,2050.10.22.03.00,28984
Shaanxi,2050.10.22.04.00,27950
Shaanxi,2050.10.22.05.00,27417
Shaanxi,2050.10.22.06.00,27680
Shaanxi,2050.10.22.07.00,28822
Shaanxi,2050.10.22.08.00,30132
Shaanxi,2050.10.22.09.00,32912
Shaanxi,2050.10.22.10.00,35110
Shaanxi,2050.10.22.11.00,37125
Shaanxi,2050.10.22.12.00,38285
Shaanxi,2050.10.22.13.00,39041
Shaanxi,2050.10.22.14.00,38825
Shaanxi,2050.10.22.15.00,38893
Shaanxi,2050.10.22.16.00,38653
Shaanxi,2050.10.22.17.00,38598
Shaanxi,2050.10.22.18.00,37707
Shaanxi,2050.10.22.19.00,36370
Shaanxi,2050.10.22.20.00,37599
Shaanxi,2050.10.22.21.00,38759
Shaanxi,2050.10.22.22.00,37697
Shaanxi,2050.10.22.23.00,35044
Shandong,2030.01.28.00.00,99462
Shandong,2030.01.28.01.00,97336
Shandong,2030.01.28.02.00,95259
Shandong,2030.01.28.03.00,92551
Shandong,2030.01.28.04.00,91255
Shandong,2030.01.28.05.00,91121
Shandong,2030.01.28.06.00,93869
Shandong,2030.01.28.07.00,95812
Shandong,2030.01.28.08.00,99183
Shandong,2030.01.28.09.00,104437
Shandong,2030.01.28.10.00,107681
Shandong,2030.01.28.11.00,110359
Shandong,2030.01.28.12.00,110029
Shandong,2030.01.28.13.00,109611
Shandong,2030.01.28.14.00,110940
Shandong,2030.01.28.15.00,111939
Shandong,2030.01.28.16.00,110791
Shandong,2030.01.28.17.00,109290
Shandong,2030.01.28.18.00,106099
Shandong,2030.01.28.19.00,103439
Shandong,2030.01.28.20.00,103604
Shandong,2030.01.28.21.00,102007
Shandong,2030.01.28.22.00,100468
Shandong,2030.01.28.23.00,97162
Shandong,2030.04.15.00.00,88036
Shandong,2030.04.15.01.00,86154
Shandong,2030.04.15.02.00,84316
Shandong,2030.04.15.03.00,81919
Shandong,2030.04.15.04.00,80773
Shandong,2030.04.15.05.00,80653
Shandong,2030.04.15.06.00,83085
Shandong,2030.04.15.07.00,84806
Shandong,2030.04.15.08.00,87789
Shandong,2030.04.15.09.00,92440
Shandong,2030.04.15.10.00,95312
Shandong,2030.04.15.11.00,97682
Shandong,2030.04.15.12.00,97391
Shandong,2030.04.15.13.00,97019
Shandong,2030.04.15.14.00,98195
Shandong,2030.04.15.15.00,99080
Shandong,2030.04.15.16.00,98065
Shandong,2030.04.15.17.00,96735
Shandong,2030.04.15.18.00,93911
Shandong,2030.04.15.19.00,91557
Shandong,2030.04.15.20.00,91703
Shandong,2030.04.15.21.00,90289
Shandong,2030.04.15.22.00,88927
Shandong,2030.04.15.23.00,86000
Shandong,2030.07.01.00.00,100516
Shandong,2030.07.01.01.00,98367
Shandong,2030.07.01.02.00,96269
Shandong,2030.07.01.03.00,93531
Shandong,2030.07.01.04.00,92222
Shandong,2030.07.01.05.00,92087
Shandong,2030.07.01.06.00,94863
Shandong,2030.07.01.07.00,96828
Shandong,2030.07.01.08.00,100234
Shandong,2030.07.01.09.00,105543
Shandong,2030.07.01.10.00,108822
Shandong,2030.07.01.11.00,111529
Shandong,2030.07.01.12.00,111195
Shandong,2030.07.01.13.00,110773
Shandong,2030.07.01.14.00,112115
Shandong,2030.07.01.15.00,113125
Shandong,2030.07.01.16.00,111965
Shandong,2030.07.01.17.00,110448
Shandong,2030.07.01.18.00,107223
Shandong,2030.07.01.19.00,104535
Shandong,2030.07.01.20.00,104702
Shandong,2030.07.01.21.00,103088
Shandong,2030.07.01.22.00,101533
Shandong,2030.07.01.23.00,98191
Shandong,2030.10.31.00.00,93150
Shandong,2030.10.31.01.00,91159
Shandong,2030.10.31.02.00,89214
Shandong,2030.10.31.03.00,86678
Shandong,2030.10.31.04.00,85465
Shandong,2030.10.31.05.00,85338
Shandong,2030.10.31.06.00,87912
Shandong,2030.10.31.07.00,89732
Shandong,2030.10.31.08.00,92889
Shandong,2030.10.31.09.00,97810
Shandong,2030.10.31.10.00,100848
Shandong,2030.10.31.11.00,103357
Shandong,2030.10.31.12.00,103048
Shandong,2030.10.31.13.00,102656
Shandong,2030.10.31.14.00,103900
Shandong,2030.10.31.15.00,104836
Shandong,2030.10.31.16.00,103762
Shandong,2030.10.31.17.00,102355
Shandong,2030.10.31.18.00,99367
Shandong,2030.10.31.19.00,96876
Shandong,2030.10.31.20.00,97031
Shandong,2030.10.31.21.00,95534
Shandong,2030.10.31.22.00,94093
Shandong,2030.10.31.23.00,90996
Shandong,2040.01.02.00.00,122654
Shandong,2040.01.02.01.00,120032
Shandong,2040.01.02.02.00,117471
Shandong,2040.01.02.03.00,114131
Shandong,2040.01.02.04.00,112534
Shandong,2040.01.02.05.00,112368
Shandong,2040.01.02.06.00,115756
Shandong,2040.01.02.07.00,118153
Shandong,2040.01.02.08.00,122310
Shandong,2040.01.02.09.00,128789
Shandong,2040.01.02.10.00,132790
Shandong,2040.01.02.11.00,136092
Shandong,2040.01.02.12.00,135687
Shandong,2040.01.02.13.00,135169
Shandong,2040.01.02.14.00,136809
Shandong,2040.01.02.15.00,138041
Shandong,2040.01.02.16.00,136626
Shandong,2040.01.02.17.00,134774
Shandong,2040.01.02.18.00,130839
Shandong,2040.01.02.19.00,127559
Shandong,2040.01.02.20.00,127762
Shandong,2040.01.02.21.00,125793
Shandong,2040.01.02.22.00,123894
Shandong,2040.01.02.23.00,119817
Shandong,2040.04.19.00.00,103900
Shandong,2040.04.19.01.00,101680
Shandong,2040.04.19.02.00,99510
Shandong,2040.04.19.03.00,96681
Shandong,2040.04.19.04.00,95328
Shandong,2040.04.19.05.00,95187
Shandong,2040.04.19.06.00,98058
Shandong,2040.04.19.07.00,100088
Shandong,2040.04.19.08.00,103610
Shandong,2040.04.19.09.00,109097
Shandong,2040.04.19.10.00,112487
Shandong,2040.04.19.11.00,115284
Shandong,2040.04.19.12.00,114941
Shandong,2040.04.19.13.00,114503
Shandong,2040.04.19.14.00,115891
Shandong,2040.04.19.15.00,116935
Shandong,2040.04.19.16.00,115736
Shandong,2040.04.19.17.00,114167
Shandong,2040.04.19.18.00,110834
Shandong,2040.04.19.19.00,108056
Shandong,2040.04.19.20.00,108228
Shandong,2040.04.19.21.00,106559
Shandong,2040.04.19.22.00,104952
Shandong,2040.04.19.23.00,101498
Shandong,2040.07.24.00.00,122268
Shandong,2040.07.24.01.00,119654
Shandong,2040.07.24.02.00,117102
Shandong,2040.07.24.03.00,113772
Shandong,2040.07.24.04.00,112180
Shandong,2040.07.24.05.00,112014
Shandong,2040.07.24.06.00,115392
Shandong,2040.07.24.07.00,117781
Shandong,2040.07.24.08.00,121926
Shandong,2040.07.24.09.00,128383
Shandong,2040.07.24.10.00,132373
Shandong,2040.07.24.11.00,135664
Shandong,2040.07.24.12.00,135259
Shandong,2040.07.24.13.00,134744
Shandong,2040.07.24.14.00,136378
Shandong,2040.07.24.15.00,137606
Shandong,2040.07.24.16.00,136196
Shandong,2040.07.24.17.00,134349
Shandong,2040.07.24.18.00,130427
Shandong,2040.07.24.19.00,127157
Shandong,2040.07.24.20.00,127360
Shandong,2040.07.24.21.00,125397
Shandong,2040.07.24.22.00,123505
Shandong,2040.07.24.23.00,119441
Shandong,2040.10.13.00.00,109232
Shandong,2040.10.13.01.00,106897
Shandong,2040.10.13.02.00,104616
Shandong,2040.10.13.03.00,101642
Shandong,2040.10.13.04.00,100219
Shandong,2040.10.13.05.00,100071
Shandong,2040.10.13.06.00,103089
Shandong,2040.10.13.07.00,105224
Shandong,2040.10.13.08.00,108926
Shandong,2040.10.13.09.00,114696
Shandong,2040.10.13.10.00,118259
Shandong,2040.10.13.11.00,121199
Shandong,2040.10.13.12.00,120838
Shandong,2040.10.13.13.00,120378
Shandong,2040.10.13.14.00,121838
Shandong,2040.10.13.15.00,122934
Shandong,2040.10.13.16.00,121675
Shandong,2040.10.13.17.00,120025
Shandong,2040.10.13.18.00,116522
Shandong,2040.10.13.19.00,113600
Shandong,2040.10.13.20.00,113782
Shandong,2040.10.13.21.00,112028
Shandong,2040.10.13.22.00,110337
Shandong,2040.10.13.23.00,106706
Shandong,2050.01.04.00.00,129467
Shandong,2050.01.04.01.00,126699
Shandong,2050.01.04.02.00,123996
Shandong,2050.01.04.03.00,120471
Shandong,2050.01.04.04.00,118785
Shandong,2050.01.04.05.00,118610
Shandong,2050.01.04.06.00,122186
Shandong,2050.01.04.07.00,124716
Shandong,2050.01.04.08.00,129104
Shandong,2050.01.04.09.00,135943
Shandong,2050.01.04.10.00,140166
Shandong,2050.01.04.11.00,143652
Shandong,2050.01.04.12.00,143223
Shandong,2050.01.04.13.00,142678
Shandong,2050.01.04.14.00,144408
Shandong,2050.01.04.15.00,145708
Shandong,2050.01.04.16.00,144215
Shandong,2050.01.04.17.00,142259
Shandong,2050.01.04.18.00,138107
Shandong,2050.01.04.19.00,134644
Shandong,2050.01.04.20.00,134859
Shandong,2050.01.04.21.00,132781
Shandong,2050.01.04.22.00,130776
Shandong,2050.01.04.23.00,126473
Shandong,2050.04.29.00.00,108405
Shandong,2050.04.29.01.00,106086
Shandong,2050.04.29.02.00,103824
Shandong,2050.04.29.03.00,100872
Shandong,2050.04.29.04.00,99460
Shandong,2050.04.29.05.00,99313
Shandong,2050.04.29.06.00,102308
Shandong,2050.04.29.07.00,104427
Shandong,2050.04.29.08.00,108101
Shandong,2050.04.29.09.00,113827
Shandong,2050.04.29.10.00,117362
Shandong,2050.04.29.11.00,120281
Shandong,2050.04.29.12.00,119922
Shandong,2050.04.29.13.00,119465
Shandong,2050.04.29.14.00,120914
Shandong,2050.04.29.15.00,122003
Shandong,2050.04.29.16.00,120753
Shandong,2050.04.29.17.00,119116
Shandong,2050.04.29.18.00,115638
Shandong,2050.04.29.19.00,112740
Shandong,2050.04.29.20.00,112919
Shandong,2050.04.29.21.00,111178
Shandong,2050.04.29.22.00,109501
Shandong,2050.04.29.23.00,105897
Shandong,2050.07.23.00.00,143448
Shandong,2050.07.23.01.00,140382
Shandong,2050.07.23.02.00,137387
Shandong,2050.07.23.03.00,133480
Shandong,2050.07.23.04.00,131613
Shandong,2050.07.23.05.00,131418
Shandong,2050.07.23.06.00,135381
Shandong,2050.07.23.07.00,138185
Shandong,2050.07.23.08.00,143046
Shandong,2050.07.23.09.00,150623
Shandong,2050.07.23.10.00,155302
Shandong,2050.07.23.11.00,159165
Shandong,2050.07.23.12.00,158690
Shandong,2050.07.23.13.00,158086
Shandong,2050.07.23.14.00,160002
Shandong,2050.07.23.15.00,161443
Shandong,2050.07.23.16.00,159788
Shandong,2050.07.23.17.00,157623
Shandong,2050.07.23.18.00,153021
Shandong,2050.07.23.19.00,149184
Shandong,2050.07.23.20.00,149423
Shandong,2050.07.23.21.00,147119
Shandong,2050.07.23.22.00,144899
Shandong,2050.07.23.23.00,140131
Shandong,2050.10.22.00.00,118618
Shandong,2050.10.22.01.00,116082
Shandong,2050.10.22.02.00,113607
Shandong,2050.10.22.03.00,110376
Shandong,2050.10.22.04.00,108831
Shandong,2050.10.22.05.00,108671
Shandong,2050.10.22.06.00,111947
Shandong,2050.10.22.07.00,114266
Shandong,2050.10.22.08.00,118285
Shandong,2050.10.22.09.00,124551
Shandong,2050.10.22.10.00,128420
Shandong,2050.10.22.11.00,131615
Shandong,2050.10.22.12.00,131222
Shandong,2050.10.22.13.00,130722
Shandong,2050.10.22.14.00,132307
Shandong,2050.10.22.15.00,133499
Shandong,2050.10.22.16.00,132130
Shandong,2050.10.22.17.00,130339
Shandong,2050.10.22.18.00,126534
Shandong,2050.10.22.19.00,123362
Shandong,2050.10.22.20.00,123559
Shandong,2050.10.22.21.00,121653
Shandong,2050.10.22.22.00,119818
Shandong,2050.10.22.23.00,115875
Shanghai,2030.01.28.00.00,31442
Shanghai,2030.01.28.01.00,30088
Shanghai,2030.01.28.02.00,28839
Shanghai,2030.01.28.03.00,27873
Shanghai,2030.01.28.04.00,27292
Shanghai,2030.01.28.05.00,27483
Shanghai,2030.01.28.06.00,27804
Shanghai,2030.01.28.07.00,29892
Shanghai,2030.01.28.08.00,34211
Shanghai,2030.01.28.09.00,39364
Shanghai,2030.01.28.10.00,41521
Shanghai,2030.01.28.11.00,42220
Shanghai,2030.01.28.12.00,42338
Shanghai,2030.01.28.13.00,42702
Shanghai,2030.01.28.14.00,42753
Shanghai,2030.01.28.15.00,42009
Shanghai,2030.01.28.16.00,42029
Shanghai,2030.01.28.17.00,40682
Shanghai,2030.01.28.18.00,38669
Shanghai,2030.01.28.19.00,38446
Shanghai,2030.01.28.20.00,38644
Shanghai,2030.01.28.21.00,38390
Shanghai,2030.01.28.22.00,37456
Shanghai,2030.01.28.23.00,34792
Shanghai,2030.04.15.00.00,21916
Shanghai,2030.04.15.01.00,20972
Shanghai,2030.04.15.02.00,20101
Shanghai,2030.04.15.03.00,19427
Shanghai,2030.04.15.04.00,19023
Shanghai,2030.04.15.05.00,19156
Shanghai,2030.04.15.06.00,19380
Shanghai,2030.04.15.07.00,20836
Shanghai,2030.04.15.08.00,23846
Shanghai,2030.04.15.09.00,27438
Shanghai,2030.04.15.10.00,28941
Shanghai,2030.04.15.11.00,29428
Shanghai,2030.04.15.12.00,29511
Shanghai,2030.04.15.13.00,29764
Shanghai,2030.04.15.14.00,29799
Shanghai,2030.04.15.15.00,29280
Shanghai,2030.04.15.16.00,29295
Shanghai,2030.04.15.17.00,28356
Shanghai,2030.04.15.18.00,26952
Shanghai,2030.04.15.19.00,26797
Shanghai,2030.04.15.20.00,26936
Shanghai,2030.04.15.21.00,26759
Shanghai,2030.04.15.22.00,26108
Shanghai,2030.04.15.23.00,24251
Shanghai,2030.07.01.00.00,30136
Shanghai,2030.07.01.01.00,28838
Shanghai,2030.07.01.02.00,27642
Shanghai,2030.07.01.03.00,26715
Shanghai,2030.07.01.04.00,26159
Shanghai,2030.07.01.05.00,26342
Shanghai,2030.07.01.06.00,26650
Shanghai,2030.07.01.07.00,28651
Shanghai,2030.07.01.08.00,32791
Shanghai,2030.07.01.09.00,37730
Shanghai,2030.07.01.10.00,39797
Shanghai,2030.07.01.11.00,40466
Shanghai,2030.07.01.12.00,40581
Shanghai,2030.07.01.13.00,40929
Shanghai,2030.07.01.14.00,40977
Shanghai,2030.07.01.15.00,40265
Shanghai,2030.07.01.16.00,40284
Shanghai,2030.07.01.17.00,38993
Shanghai,2030.07.01.18.00,37064
Shanghai,2030.07.01.19.00,36850
Shanghai,2030.07.01.20.00,37039
Shanghai,2030.07.01.21.00,36795
Shanghai,2030.07.01.22.00,35901
Shanghai,2030.07.01.23.00,33348
Shanghai,2030.10.31.00.00,21721
Shanghai,2030.10.31.01.00,20786
Shanghai,2030.10.31.02.00,19923
Shanghai,2030.10.31.03.00,19255
Shanghai,2030.10.31.04.00,18854
Shanghai,2030.10.31.05.00,18985
Shanghai,2030.10.31.06.00,19208
Shanghai,2030.10.31.07.00,20650
Shanghai,2030.10.31.08.00,23633
Shanghai,2030.10.31.09.00,27194
Shanghai,2030.10.31.10.00,28684
Shanghai,2030.10.31.11.00,29166
Shanghai,2030.10.31.12.00,29249
Shanghai,2030.10.31.13.00,29499
Shanghai,2030.10.31.14.00,29535
Shanghai,2030.10.31.15.00,29020
Shanghai,2030.10.31.16.00,29034
Shanghai,2030.10.31.17.00,28104
Shanghai,2030.10.31.18.00,26713
Shanghai,2030.10.31.19.00,26559
Shanghai,2030.10.31.20.00,26696
Shanghai,2030.10.31.21.00,26520
Shanghai,2030.10.31.22.00,25875
Shanghai,2030.10.31.23.00,24035
Shanghai,2040.01.02.00.00,33237
Shanghai,2040.01.02.01.00,31807
Shanghai,2040.01.02.02.00,30487
Shanghai,2040.01.02.03.00,29464
Shanghai,2040.01.02.04.00,28851
Shanghai,2040.01.02.05.00,29053
Shanghai,2040.01.02.06.00,29392
Shanghai,2040.01.02.07.00,31599
Shanghai,2040.01.02.08.00,36165
Shanghai,2040.01.02.09.00,41612
Shanghai,2040.01.02.10.00,43893
Shanghai,2040.01.02.11.00,44630
Shanghai,2040.01.02.12.00,44757
Shanghai,2040.01.02.13.00,45140
Shanghai,2040.01.02.14.00,45194
Shanghai,2040.01.02.15.00,44408
Shanghai,2040.01.02.16.00,44429
Shanghai,2040.01.02.17.00,43005
Shanghai,2040.01.02.18.00,40878
Shanghai,2040.01.02.19.00,40641
Shanghai,2040.01.02.20.00,40851
Shanghai,2040.01.02.21.00,40582
Shanghai,2040.01.02.22.00,39595
Shanghai,2040.01.02.23.00,36779
Shanghai,2040.04.19.00.00,26886
Shanghai,2040.04.19.01.00,25728
Shanghai,2040.04.19.02.00,24661
Shanghai,2040.04.19.03.00,23833
Shanghai,2040.04.19.04.00,23338
Shanghai,2040.04.19.05.00,23501
Shanghai,2040.04.19.06.00,23775
Shanghai,2040.04.19.07.00,25561
Shanghai,2040.04.19.08.00,29255
Shanghai,2040.04.19.09.00,33661
Shanghai,2040.04.19.10.00,35505
Shanghai,2040.04.19.11.00,36102
Shanghai,2040.04.19.12.00,36204
Shanghai,2040.04.19.13.00,36515
Shanghai,2040.04.19.14.00,36559
Shanghai,2040.04.19.15.00,35921
Shanghai,2040.04.19.16.00,35940
Shanghai,2040.04.19.17.00,34788
Shanghai,2040.04.19.18.00,33066
Shanghai,2040.04.19.19.00,32876
Shanghai,2040.04.19.20.00,33045
Shanghai,2040.04.19.21.00,32828
Shanghai,2040.04.19.22.00,32030
Shanghai,2040.04.19.23.00,29751
Shanghai,2040.07.24.00.00,37497
Shanghai,2040.07.24.01.00,35883
Shanghai,2040.07.24.02.00,34393
Shanghai,2040.07.24.03.00,33240
Shanghai,2040.07.24.04.00,32548
Shanghai,2040.07.24.05.00,32776
Shanghai,2040.07.24.06.00,33159
Shanghai,2040.07.24.07.00,35649
Shanghai,2040.07.24.08.00,40800
Shanghai,2040.07.24.09.00,46946
Shanghai,2040.07.24.10.00,49519
Shanghai,2040.07.24.11.00,50350
Shanghai,2040.07.24.12.00,50493
Shanghai,2040.07.24.13.00,50926
Shanghai,2040.07.24.14.00,50987
Shanghai,2040.07.24.15.00,50099
Shanghai,2040.07.24.16.00,50124
Shanghai,2040.07.24.17.00,48517
Shanghai,2040.07.24.18.00,46116
Shanghai,2040.07.24.19.00,45850
Shanghai,2040.07.24.20.00,46087
Shanghai,2040.07.24.21.00,45784
Shanghai,2040.07.24.22.00,44671
Shanghai,2040.07.24.23.00,41494
Shanghai,2040.10.13.00.00,26838
Shanghai,2040.10.13.01.00,25684
Shanghai,2040.10.13.02.00,24618
Shanghai,2040.10.13.03.00,23792
Shanghai,2040.10.13.04.00,23297
Shanghai,2040.10.13.05.00,23459
Shanghai,2040.10.13.06.00,23733
Shanghai,2040.10.13.07.00,25516
Shanghai,2040.10.13.08.00,29203
Shanghai,2040.10.13.09.00,33602
Shanghai,2040.10.13.10.00,35443
Shanghai,2040.10.13.11.00,36039
Shanghai,2040.10.13.12.00,36141
Shanghai,2040.10.13.13.00,36451
Shanghai,2040.10.13.14.00,36495
Shanghai,2040.10.13.15.00,35858
Shanghai,2040.10.13.16.00,35876
Shanghai,2040.10.13.17.00,34727
Shanghai,2040.10.13.18.00,33008
Shanghai,2040.10.13.19.00,32817
Shanghai,2040.10.13.20.00,32987
Shanghai,2040.10.13.21.00,32770
Shanghai,2040.10.13.22.00,31973
Shanghai,2040.10.13.23.00,29699
Shanghai,2050.01.04.00.00,37376
Shanghai,2050.01.04.01.00,35767
Shanghai,2050.01.04.02.00,34282
Shanghai,2050.01.04.03.00,33133
Shanghai,2050.01.04.04.00,32443
Shanghai,2050.01.04.05.00,32670
Shanghai,2050.01.04.06.00,33052
Shanghai,2050.01.04.07.00,35534
Shanghai,2050.01.04.08.00,40668
Shanghai,2050.01.04.09.00,46794
Shanghai,2050.01.04.10.00,49359
Shanghai,2050.01.04.11.00,50188
Shanghai,2050.01.04.12.00,50330
Shanghai,2050.01.04.13.00,50761
Shanghai,2050.01.04.14.00,50823
Shanghai,2050.01.04.15.00,49937
Shanghai,2050.01.04.16.00,49962
Shanghai,2050.01.04.17.00,48360
Shanghai,2050.01.04.18.00,45967
Shanghai,2050.01.04.19.00,45702
Shanghai,2050.01.04.20.00,45938
Shanghai,2050.01.04.21.00,45636
Shanghai,2050.01.04.22.00,44526
Shanghai,2050.01.04.23.00,41359
Shanghai,2050.04.29.00.00,27669
Shanghai,2050.04.29.01.00,26477
Shanghai,2050.04.29.02.00,25379
Shanghai,2050.04.29.03.00,24527
Shanghai,2050.04.29.04.00,24017
Shanghai,2050.04.29.05.00,24184
Shanghai,2050.04.29.06.00,24468
Shanghai,2050.04.29.07.00,26305
Shanghai,2050.04.29.08.00,30105
Shanghai,2050.04.29.09.00,34640
Shanghai,2050.04.29.10.00,36538
Shanghai,2050.04.29.11.00,37152
Shanghai,2050.04.29.12.00,37258
Shanghai,2050.04.29.13.00,37578
Shanghai,2050.04.29.14.00,37623
Shanghai,2050.04.29.15.00,36967
Shanghai,2050.04.29.16.00,36985
Shanghai,2050.04.29.17.00,35800
Shanghai,2050.04.29.18.00,34028
Shanghai,2050.04.29.19.00,33831
Shanghai,2050.04.29.20.00,34007
Shanghai,2050.04.29.21.00,33782
Shanghai,2050.04.29.22.00,32961
Shanghai,2050.04.29.23.00,30617
Shanghai,2050.07.23.00.00,41517
Shanghai,2050.07.23.01.00,39730
Shanghai,2050.07.23.02.00,38081
Shanghai,2050.07.23.03.00,36804
Shanghai,2050.07.23.04.00,36038
Shanghai,2050.07.23.05.00,36290
Shanghai,2050.07.23.06.00,36714
Shanghai,2050.07.23.07.00,39471
Shanghai,2050.07.23.08.00,45174
Shanghai,2050.07.23.09.00,51978
Shanghai,2050.07.23.10.00,54827
Shanghai,2050.07.23.11.00,55748
Shanghai,2050.07.23.12.00,55906
Shanghai,2050.07.23.13.00,56386
Shanghai,2050.07.23.14.00,56453
Shanghai,2050.07.23.15.00,55470
Shanghai,2050.07.23.16.00,55497
Shanghai,2050.07.23.17.00,53718
Shanghai,2050.07.23.18.00,51060
Shanghai,2050.07.23.19.00,50765
Shanghai,2050.07.23.20.00,51028
Shanghai,2050.07.23.21.00,50691
Shanghai,2050.07.23.22.00,49459
Shanghai,2050.07.23.23.00,45941
Shanghai,2050.10.22.00.00,26897
Shanghai,2050.10.22.01.00,25739
Shanghai,2050.10.22.02.00,24671
Shanghai,2050.10.22.03.00,23844
Shanghai,2050.10.22.04.00,23347
Shanghai,2050.10.22.05.00,23510
Shanghai,2050.10.22.06.00,23785
Shanghai,2050.10.22.07.00,25571
Shanghai,2050.10.22.08.00,29266
Shanghai,2050.10.22.09.00,33674
Shanghai,2050.10.22.10.00,35520
Shanghai,2050.10.22.11.00,36117
Shanghai,2050.10.22.12.00,36219
Shanghai,2050.10.22.13.00,36529
Shanghai,2050.10.22.14.00,36573
Shanghai,2050.10.22.15.00,35937
Shanghai,2050.10.22.16.00,35954
Shanghai,2050.10.22.17.00,34802
Shanghai,2050.10.22.18.00,33080
Shanghai,2050.10.22.19.00,32889
Shanghai,2050.10.22.20.00,33058
Shanghai,2050.10.22.21.00,32841
Shanghai,2050.10.22.22.00,32042
Shanghai,2050.10.22.23.00,29764
Shanxi,2030.01.28.00.00,42769
Shanxi,2030.01.28.01.00,42365
Shanxi,2030.01.28.02.00,41319
Shanxi,2030.01.28.03.00,40877
Shanxi,2030.01.28.04.00,40533
Shanxi,2030.01.28.05.00,40653
Shanxi,2030.01.28.06.00,41610
Shanxi,2030.01.28.07.00,43704
Shanxi,2030.01.28.08.00,43048
Shanxi,2030.01.28.09.00,43683
Shanxi,2030.01.28.10.00,45025
Shanxi,2030.01.28.11.00,46970
Shanxi,2030.01.28.12.00,48316
Shanxi,2030.01.28.13.00,47226
Shanxi,2030.01.28.14.00,46586
Shanxi,2030.01.28.15.00,47003
Shanxi,2030.01.28.16.00,47354
Shanxi,2030.01.28.17.00,48564
Shanxi,2030.01.28.18.00,48636
Shanxi,2030.01.28.19.00,48302
Shanxi,2030.01.28.20.00,49136
Shanxi,2030.01.28.21.00,48356
Shanxi,2030.01.28.22.00,47213
Shanxi,2030.01.28.23.00,45245
Shanxi,2030.04.15.00.00,39529
Shanxi,2030.04.15.01.00,39156
Shanxi,2030.04.15.02.00,38189
Shanxi,2030.04.15.03.00,37780
Shanxi,2030.04.15.04.00,37463
Shanxi,2030.04.15.05.00,37574
Shanxi,2030.04.15.06.00,38457
Shanxi,2030.04.15.07.00,40393
Shanxi,2030.04.15.08.00,39786
Shanxi,2030.04.15.09.00,40374
Shanxi,2030.04.15.10.00,41614
Shanxi,2030.04.15.11.00,43412
Shanxi,2030.04.15.12.00,44657
Shanxi,2030.04.15.13.00,43648
Shanxi,2030.04.15.14.00,43057
Shanxi,2030.04.15.15.00,43442
Shanxi,2030.04.15.16.00,43766
Shanxi,2030.04.15.17.00,44885
Shanxi,2030.04.15.18.00,44951
Shanxi,2030.04.15.19.00,44642
Shanxi,2030.04.15.20.00,45414
Shanxi,2030.04.15.21.00,44693
Shanxi,2030.04.15.22.00,43637
Shanxi,2030.04.15.23.00,41818
Shanxi,2030.07.01.00.00,42781
Shanxi,2030.07.01.01.00,42377
Shanxi,2030.07.01.02.00,41331
Shanxi,2030.07.01.03.00,40888
Shanxi,2030.07.01.04.00,40544
Shanxi,2030.07.01.05.00,40665
Shanxi,2030.07.01.06.00,41622
Shanxi,2030.07.01.07.00,43716
Shanxi,2030.07.01.08.00,43060
Shanxi,2030.07.01.09.00,43696
Shanxi,2030.07.01.10.00,45037
Shanxi,2030.07.01.11.00,46983
Shanxi,2030.07.01.12.00,48331
Shanxi,2030.07.01.13.00,47239
Shanxi,2030.07.01.14.00,46601
Shanxi,2030.07.01.15.00,47017
Shanxi,2030.07.01.16.00,47367
Shanxi,2030.07.01.17.00,48579
Shanxi,2030.07.01.18.00,48650
Shanxi,2030.07.01.19.00,48315
Shanxi,2030.07.01.20.00,49151
Shanxi,2030.07.01.21.00,48370
Shanxi,2030.07.01.22.00,47226
Shanxi,2030.07.01.23.00,45258
Shanxi,2030.10.31.00.00,43373
Shanxi,2030.10.31.01.00,42964
Shanxi,2030.10.31.02.00,41904
Shanxi,2030.10.31.03.00,41454
Shanxi,2030.10.31.04.00,41106
Shanxi,2030.10.31.05.00,41228
Shanxi,2030.10.31.06.00,42198
Shanxi,2030.10.31.07.00,44321
Shanxi,2030.10.31.08.00,43656
Shanxi,2030.10.31.09.00,44301
Shanxi,2030.10.31.10.00,45661
Shanxi,2030.10.31.11.00,47634
Shanxi,2030.10.31.12.00,49000
Shanxi,2030.10.31.13.00,47893
Shanxi,2030.10.31.14.00,47245
Shanxi,2030.10.31.15.00,47668
Shanxi,2030.10.31.16.00,48023
Shanxi,2030.10.31.17.00,49251
Shanxi,2030.10.31.18.00,49323
Shanxi,2030.10.31.19.00,48984
Shanxi,2030.10.31.20.00,49831
Shanxi,2030.10.31.21.00,49040
Shanxi,2030.10.31.22.00,47880
Shanxi,2030.10.31.23.00,45885
Shanxi,2040.01.02.00.00,56543
Shanxi,2040.01.02.01.00,56009
Shanxi,2040.01.02.02.00,54627
Shanxi,2040.01.02.03.00,54041
Shanxi,2040.01.02.04.00,53587
Shanxi,2040.01.02.05.00,53746
Shanxi,2040.01.02.06.00,55011
Shanxi,2040.01.02.07.00,57779
Shanxi,2040.01.02.08.00,56912
Shanxi,2040.01.02.09.00,57751
Shanxi,2040.01.02.10.00,59525
Shanxi,2040.01.02.11.00,62098
Shanxi,2040.01.02.12.00,63878
Shanxi,2040.01.02.13.00,62435
Shanxi,2040.01.02.14.00,61591
Shanxi,2040.01.02.15.00,62141
Shanxi,2040.01.02.16.00,62605
Shanxi,2040.01.02.17.00,64205
Shanxi,2040.01.02.18.00,64300
Shanxi,2040.01.02.19.00,63858
Shanxi,2040.01.02.20.00,64962
Shanxi,2040.01.02.21.00,63931
Shanxi,2040.01.02.22.00,62418
Shanxi,2040.01.02.23.00,59817
Shanxi,2040.04.19.00.00,46478
Shanxi,2040.04.19.01.00,46040
Shanxi,2040.04.19.02.00,44903
Shanxi,2040.04.19.03.00,44422
Shanxi,2040.04.19.04.00,44049
Shanxi,2040.04.19.05.00,44179
Shanxi,2040.04.19.06.00,45219
Shanxi,2040.04.19.07.00,47494
Shanxi,2040.04.19.08.00,46781
Shanxi,2040.04.19.09.00,47472
Shanxi,2040.04.19.10.00,48930
Shanxi,2040.04.19.11.00,51044
Shanxi,2040.04.19.12.00,52508
Shanxi,2040.04.19.13.00,51322
Shanxi,2040.04.19.14.00,50628
Shanxi,2040.04.19.15.00,51080
Shanxi,2040.04.19.16.00,51461
Shanxi,2040.04.19.17.00,52777
Shanxi,2040.04.19.18.00,52854
Shanxi,2040.04.19.19.00,52491
Shanxi,2040.04.19.20.00,53399
Shanxi,2040.04.19.21.00,52550
Shanxi,2040.04.19.22.00,51308
Shanxi,2040.04.19.23.00,49170
Shanxi,2040.07.24.00.00,47438
Shanxi,2040.07.24.01.00,46990
Shanxi,2040.07.24.02.00,45831
Shanxi,2040.07.24.03.00,45339
Shanxi,2040.07.24.04.00,44959
Shanxi,2040.07.24.05.00,45092
Shanxi,2040.07.24.06.00,46153
Shanxi,2040.07.24.07.00,48476
Shanxi,2040.07.24.08.00,47747
Shanxi,2040.07.24.09.00,48452
Shanxi,2040.07.24.10.00,49940
Shanxi,2040.07.24.11.00,52099
Shanxi,2040.07.24.12.00,53592
Shanxi,2040.07.24.13.00,52382
Shanxi,2040.07.24.14.00,51673
Shanxi,2040.07.24.15.00,52135
Shanxi,2040.07.24.16.00,52524
Shanxi,2040.07.24.17.00,53866
Shanxi,2040.07.24.18.00,53946
Shanxi,2040.07.24.19.00,53576
Shanxi,2040.07.24.20.00,54502
Shanxi,2040.07.24.21.00,53636
Shanxi,2040.07.24.22.00,52368
Shanxi,2040.07.24.23.00,50185
Shanxi,2040.10.13.00.00,50828
Shanxi,2040.10.13.01.00,50348
Shanxi,2040.10.13.02.00,49106
Shanxi,2040.10.13.03.00,48580
Shanxi,2040.10.13.04.00,48171
Shanxi,2040.10.13.05.00,48314
Shanxi,2040.10.13.06.00,49451
Shanxi,2040.10.13.07.00,51939
Shanxi,2040.10.13.08.00,51160
Shanxi,2040.10.13.09.00,51915
Shanxi,2040.10.13.10.00,53509
Shanxi,2040.10.13.11.00,55821
Shanxi,2040.10.13.12.00,57422
Shanxi,2040.10.13.13.00,56124
Shanxi,2040.10.13.14.00,55366
Shanxi,2040.10.13.15.00,55860
Shanxi,2040.10.13.16.00,56276
Shanxi,2040.10.13.17.00,57716
Shanxi,2040.10.13.18.00,57801
Shanxi,2040.10.13.19.00,57404
Shanxi,2040.10.13.20.00,58396
Shanxi,2040.10.13.21.00,57469
Shanxi,2040.10.13.22.00,56109
Shanxi,2040.10.13.23.00,53771
Shanxi,2050.01.04.00.00,56693
Shanxi,2050.01.04.01.00,56157
Shanxi,2050.01.04.02.00,54771
Shanxi,2050.01.04.03.00,54183
Shanxi,2050.01.04.04.00,53729
Shanxi,2050.01.04.05.00,53889
Shanxi,2050.01.04.06.00,55157
Shanxi,2050.01.04.07.00,57932
Shanxi,2050.01.04.08.00,57062
Shanxi,2050.01.04.09.00,57904
Shanxi,2050.01.04.10.00,59682
Shanxi,2050.01.04.11.00,62262
Shanxi,2050.01.04.12.00,64047
Shanxi,2050.01.04.13.00,62600
Shanxi,2050.01.04.14.00,61754
Shanxi,2050.01.04.15.00,62306
Shanxi,2050.01.04.16.00,62770
Shanxi,2050.01.04.17.00,64374
Shanxi,2050.01.04.18.00,64470
Shanxi,2050.01.04.19.00,64027
Shanxi,2050.01.04.20.00,65133
Shanxi,2050.01.04.21.00,64099
Shanxi,2050.01.04.22.00,62583
Shanxi,2050.01.04.23.00,59975
Shanxi,2050.04.29.00.00,49084
Shanxi,2050.04.29.01.00,48621
Shanxi,2050.04.29.02.00,47421
Shanxi,2050.04.29.03.00,46913
Shanxi,2050.04.29.04.00,46518
Shanxi,2050.04.29.05.00,46657
Shanxi,2050.04.29.06.00,47754
Shanxi,2050.04.29.07.00,50157
Shanxi,2050.04.29.08.00,49405
Shanxi,2050.04.29.09.00,50133
Shanxi,2050.04.29.10.00,51673
Shanxi,2050.04.29.11.00,53906
Shanxi,2050.04.29.12.00,55451
Shanxi,2050.04.29.13.00,54200
Shanxi,2050.04.29.14.00,53466
Shanxi,2050.04.29.15.00,53944
Shanxi,2050.04.29.16.00,54347
Shanxi,2050.04.29.17.00,55736
Shanxi,2050.04.29.18.00,55817
Shanxi,2050.04.29.19.00,55435
Shanxi,2050.04.29.20.00,56393
Shanxi,2050.04.29.21.00,55497
Shanxi,2050.04.29.22.00,54184
Shanxi,2050.04.29.23.00,51926
Shanxi,2050.07.23.00.00,54333
Shanxi,2050.07.23.01.00,53821
Shanxi,2050.07.23.02.00,52492
Shanxi,2050.07.23.03.00,51929
Shanxi,2050.07.23.04.00,51493
Shanxi,2050.07.23.05.00,51646
Shanxi,2050.07.23.06.00,52862
Shanxi,2050.07.23.07.00,55522
Shanxi,2050.07.23.08.00,54688
Shanxi,2050.07.23.09.00,55495
Shanxi,2050.07.23.10.00,57200
Shanxi,2050.07.23.11.00,59671
Shanxi,2050.07.23.12.00,61382
Shanxi,2050.07.23.13.00,59995
Shanxi,2050.07.23.14.00,59184
Shanxi,2050.07.23.15.00,59713
Shanxi,2050.07.23.16.00,60159
Shanxi,2050.07.23.17.00,61697
Shanxi,2050.07.23.18.00,61788
Shanxi,2050.07.23.19.00,61363
Shanxi,2050.07.23.20.00,62424
Shanxi,2050.07.23.21.00,61433
Shanxi,2050.07.23.22.00,59979
Shanxi,2050.07.23.23.00,57480
Shanxi,2050.10.22.00.00,55398
Shanxi,2050.10.22.01.00,54876
Shanxi,2050.10.22.02.00,53521
Shanxi,2050.10.22.03.00,52947
Shanxi,2050.10.22.04.00,52502
Shanxi,2050.10.22.05.00,52659
Shanxi,2050.10.22.06.00,53898
Shanxi,2050.10.22.07.00,56610
Shanxi,2050.10.22.08.00,55760
Shanxi,2050.10.22.09.00,56582
Shanxi,2050.10.22.10.00,58321
Shanxi,2050.10.22.11.00,60841
Shanxi,2050.10.22.12.00,62585
Shanxi,2050.10.22.13.00,61171
Shanxi,2050.10.22.14.00,60344
Shanxi,2050.10.22.15.00,60884
Shanxi,2050.10.22.16.00,61338
Shanxi,2050.10.22.17.00,62905
Shanxi,2050.10.22.18.00,62998
Shanxi,2050.10.22.19.00,62566
Shanxi,2050.10.22.20.00,63647
Shanxi,2050.10.22.21.00,62636
Shanxi,2050.10.22.22.00,61155
Shanxi,2050.10.22.23.00,58606
Sichuan,2030.01.28.00.00,45039
Sichuan,2030.01.28.01.00,42527
Sichuan,2030.01.28.02.00,40569
Sichuan,2030.01.28.03.00,39123
Sichuan,2030.01.28.04.00,37895
Sichuan,2030.01.28.05.00,38153
Sichuan,2030.01.28.06.00,38111
Sichuan,2030.01.28.07.00,37973
Sichuan,2030.01.28.08.00,39650
Sichuan,2030.01.28.09.00,46117
Sichuan,2030.01.28.10.00,50376
Sichuan,2030.01.28.11.00,54673
Sichuan,2030.01.28.12.00,56037
Sichuan,2030.01.28.13.00,57062
Sichuan,2030.01.28.14.00,57967
Sichuan,2030.01.28.15.00,58029
Sichuan,2030.01.28.16.00,57324
Sichuan,2030.01.28.17.00,56748
Sichuan,2030.01.28.18.00,54798
Sichuan,2030.01.28.19.00,52360
Sichuan,2030.01.28.20.00,52266
Sichuan,2030.01.28.21.00,56381
Sichuan,2030.01.28.22.00,55400
Sichuan,2030.01.28.23.00,51770
Sichuan,2030.04.15.00.00,36001
Sichuan,2030.04.15.01.00,33994
Sichuan,2030.04.15.02.00,32429
Sichuan,2030.04.15.03.00,31272
Sichuan,2030.04.15.04.00,30291
Sichuan,2030.04.15.05.00,30497
Sichuan,2030.04.15.06.00,30463
Sichuan,2030.04.15.07.00,30353
Sichuan,2030.04.15.08.00,31693
Sichuan,2030.04.15.09.00,36863
Sichuan,2030.04.15.10.00,40267
Sichuan,2030.04.15.11.00,43702
Sichuan,2030.04.15.12.00,44791
Sichuan,2030.04.15.13.00,45611
Sichuan,2030.04.15.14.00,46335
Sichuan,2030.04.15.15.00,46385
Sichuan,2030.04.15.16.00,45820
Sichuan,2030.04.15.17.00,45360
Sichuan,2030.04.15.18.00,43802
Sichuan,2030.04.15.19.00,41853
Sichuan,2030.04.15.20.00,41777
Sichuan,2030.04.15.21.00,45067
Sichuan,2030.04.15.22.00,44283
Sichuan,2030.04.15.23.00,41381
Sichuan,2030.07.01.00.00,44313
Sichuan,2030.07.01.01.00,41841
Sichuan,2030.07.01.02.00,39915
Sichuan,2030.07.01.03.00,38492
Sichuan,2030.07.01.04.00,37283
Sichuan,2030.07.01.05.00,37537
Sichuan,2030.07.01.06.00,37496
Sichuan,2030.07.01.07.00,37360
Sichuan,2030.07.01.08.00,39011
Sichuan,2030.07.01.09.00,45373
Sichuan,2030.07.01.10.00,49563
Sichuan,2030.07.01.11.00,53791
Sichuan,2030.07.01.12.00,55132
Sichuan,2030.07.01.13.00,56141
Sichuan,2030.07.01.14.00,57031
Sichuan,2030.07.01.15.00,57092
Sichuan,2030.07.01.16.00,56399
Sichuan,2030.07.01.17.00,55832
Sichuan,2030.07.01.18.00,53914
Sichuan,2030.07.01.19.00,51515
Sichuan,2030.07.01.20.00,51422
Sichuan,2030.07.01.21.00,55471
Sichuan,2030.07.01.22.00,54507
Sichuan,2030.07.01.23.00,50935
Sichuan,2030.10.31.00.00,39792
Sichuan,2030.10.31.01.00,37573
Sichuan,2030.10.31.02.00,35843
Sichuan,2030.10.31.03.00,34565
Sichuan,2030.10.31.04.00,33479
Sichuan,2030.10.31.05.00,33708
Sichuan,2030.10.31.06.00,33671
Sichuan,2030.10.31.07.00,33549
Sichuan,2030.10.31.08.00,35031
Sichuan,2030.10.31.09.00,40744
Sichuan,2030.10.31.10.00,44507
Sichuan,2030.10.31.11.00,48303
Sichuan,2030.10.31.12.00,49508
Sichuan,2030.10.31.13.00,50414
Sichuan,2030.10.31.14.00,51213
Sichuan,2030.10.31.15.00,51268
Sichuan,2030.10.31.16.00,50645
Sichuan,2030.10.31.17.00,50136
Sichuan,2030.10.31.18.00,48414
Sichuan,2030.10.31.19.00,46259
Sichuan,2030.10.31.20.00,46176
Sichuan,2030.10.31.21.00,49812
Sichuan,2030.10.31.22.00,48946
Sichuan,2030.10.31.23.00,45739
Sichuan,2040.01.02.00.00,49880
Sichuan,2040.01.02.01.00,47099
Sichuan,2040.01.02.02.00,44930
Sichuan,2040.01.02.03.00,43328
Sichuan,2040.01.02.04.00,41968
Sichuan,2040.01.02.05.00,42255
Sichuan,2040.01.02.06.00,42208
Sichuan,2040.01.02.07.00,42055
Sichuan,2040.01.02.08.00,43912
Sichuan,2040.01.02.09.00,51074
Sichuan,2040.01.02.10.00,55791
Sichuan,2040.01.02.11.00,60549
Sichuan,2040.01.02.12.00,62060
Sichuan,2040.01.02.13.00,63195
Sichuan,2040.01.02.14.00,64197
Sichuan,2040.01.02.15.00,64266
Sichuan,2040.01.02.16.00,63486
Sichuan,2040.01.02.17.00,62847
Sichuan,2040.01.02.18.00,60689
Sichuan,2040.01.02.19.00,57988
Sichuan,2040.01.02.20.00,57883
Sichuan,2040.01.02.21.00,62440
Sichuan,2040.01.02.22.00,61355
Sichuan,2040.01.02.23.00,57334
Sichuan,2040.04.19.00.00,43249
Sichuan,2040.04.19.01.00,40837
Sichuan,2040.04.19.02.00,38957
Sichuan,2040.04.19.03.00,37568
Sichuan,2040.04.19.04.00,36389
Sichuan,2040.04.19.05.00,36636
Sichuan,2040.04.19.06.00,36597
Sichuan,2040.04.19.07.00,36464
Sichuan,2040.04.19.08.00,38075
Sichuan,2040.04.19.09.00,44284
Sichuan,2040.04.19.10.00,48374
Sichuan,2040.04.19.11.00,52500
Sichuan,2040.04.19.12.00,53809
Sichuan,2040.04.19.13.00,54794
Sichuan,2040.04.19.14.00,55662
Sichuan,2040.04.19.15.00,55723
Sichuan,2040.04.19.16.00,55045
Sichuan,2040.04.19.17.00,54492
Sichuan,2040.04.19.18.00,52621
Sichuan,2040.04.19.19.00,50279
Sichuan,2040.04.19.20.00,50188
Sichuan,2040.04.19.21.00,54140
Sichuan,2040.04.19.22.00,53199
Sichuan,2040.04.19.23.00,49713
Sichuan,2040.07.24.00.00,57471
Sichuan,2040.07.24.01.00,54265
Sichuan,2040.07.24.02.00,51767
Sichuan,2040.07.24.03.00,49921
Sichuan,2040.07.24.04.00,48354
Sichuan,2040.07.24.05.00,48684
Sichuan,2040.07.24.06.00,48631
Sichuan,2040.07.24.07.00,48454
Sichuan,2040.07.24.08.00,50594
Sichuan,2040.07.24.09.00,58846
Sichuan,2040.07.24.10.00,64280
Sichuan,2040.07.24.11.00,69763
Sichuan,2040.07.24.12.00,71503
Sichuan,2040.07.24.13.00,72812
Sichuan,2040.07.24.14.00,73966
Sichuan,2040.07.24.15.00,74046
Sichuan,2040.07.24.16.00,73146
Sichuan,2040.07.24.17.00,72411
Sichuan,2040.07.24.18.00,69923
Sichuan,2040.07.24.19.00,66812
Sichuan,2040.07.24.20.00,66692
Sichuan,2040.07.24.21.00,71942
Sichuan,2040.07.24.22.00,70691
Sichuan,2040.07.24.23.00,66059
Sichuan,2040.10.13.00.00,46915
Sichuan,2040.10.13.01.00,44299
Sichuan,2040.10.13.02.00,42259
Sichuan,2040.10.13.03.00,40752
Sichuan,2040.10.13.04.00,39473
Sichuan,2040.10.13.05.00,39742
Sichuan,2040.10.13.06.00,39698
Sichuan,2040.10.13.07.00,39554
Sichuan,2040.10.13.08.00,41302
Sichuan,2040.10.13.09.00,48038
Sichuan,2040.10.13.10.00,52474
Sichuan,2040.10.13.11.00,56950
Sichuan,2040.10.13.12.00,58370
Sichuan,2040.10.13.13.00,59438
Sichuan,2040.10.13.14.00,60381
Sichuan,2040.10.13.15.00,60445
Sichuan,2040.10.13.16.00,59711
Sichuan,2040.10.13.17.00,59111
Sichuan,2040.10.13.18.00,57080
Sichuan,2040.10.13.19.00,54540
Sichuan,2040.10.13.20.00,54443
Sichuan,2040.10.13.21.00,58729
Sichuan,2040.10.13.22.00,57708
Sichuan,2040.10.13.23.00,53926
Sichuan,2050.01.04.00.00,56034
Sichuan,2050.01.04.01.00,52908
Sichuan,2050.01.04.02.00,50473
Sichuan,2050.01.04.03.00,48672
Sichuan,2050.01.04.04.00,47145
Sichuan,2050.01.04.05.00,47467
Sichuan,2050.01.04.06.00,47415
Sichuan,2050.01.04.07.00,47242
Sichuan,2050.01.04.08.00,49329
Sichuan,2050.01.04.09.00,57374
Sichuan,2050.01.04.10.00,62673
Sichuan,2050.01.04.11.00,68019
Sichuan,2050.01.04.12.00,69715
Sichuan,2050.01.04.13.00,70991
Sichuan,2050.01.04.14.00,72116
Sichuan,2050.01.04.15.00,72194
Sichuan,2050.01.04.16.00,71316
Sichuan,2050.01.04.17.00,70599
Sichuan,2050.01.04.18.00,68175
Sichuan,2050.01.04.19.00,65141
Sichuan,2050.01.04.20.00,65023
Sichuan,2050.01.04.21.00,70142
Sichuan,2050.01.04.22.00,68923
Sichuan,2050.01.04.23.00,64407
Sichuan,2050.04.29.00.00,43067
Sichuan,2050.04.29.01.00,40665
Sichuan,2050.04.29.02.00,38794
Sichuan,2050.04.29.03.00,37411
Sichuan,2050.04.29.04.00,36237
Sichuan,2050.04.29.05.00,36483
Sichuan,2050.04.29.06.00,36443
Sichuan,2050.04.29.07.00,36310
Sichuan,2050.04.29.08.00,37914
Sichuan,2050.04.29.09.00,44099
Sichuan,2050.04.29.10.00,48171
Sichuan,2050.04.29.11.00,52279
Sichuan,2050.04.29.12.00,53584
Sichuan,2050.04.29.13.00,54564
Sichuan,2050.04.29.14.00,55429
Sichuan,2050.04.29.15.00,55489
Sichuan,2050.04.29.16.00,54815
Sichuan,2050.04.29.17.00,54264
Sichuan,2050.04.29.18.00,52399
Sichuan,2050.04.29.19.00,50068
Sichuan,2050.04.29.20.00,49978
Sichuan,2050.04.29.21.00,53912
Sichuan,2050.04.29.22.00,52975
Sichuan,2050.04.29.23.00,49504
Sichuan,2050.07.23.00.00,66786
Sichuan,2050.07.23.01.00,63060
Sichuan,2050.07.23.02.00,60158
Sichuan,2050.07.23.03.00,58013
Sichuan,2050.07.23.04.00,56192
Sichuan,2050.07.23.05.00,56574
Sichuan,2050.07.23.06.00,56513
Sichuan,2050.07.23.07.00,56307
Sichuan,2050.07.23.08.00,58795
Sichuan,2050.07.23.09.00,68384
Sichuan,2050.07.23.10.00,74699
Sichuan,2050.07.23.11.00,81071
Sichuan,2050.07.23.12.00,83092
Sichuan,2050.07.23.13.00,84613
Sichuan,2050.07.23.14.00,85954
Sichuan,2050.07.23.15.00,86047
Sichuan,2050.07.23.16.00,85002
Sichuan,2050.07.23.17.00,84147
Sichuan,2050.07.23.18.00,81257
Sichuan,2050.07.23.19.00,77641
Sichuan,2050.07.23.20.00,77501
Sichuan,2050.07.23.21.00,83602
Sichuan,2050.07.23.22.00,82150
Sichuan,2050.07.23.23.00,76766
Sichuan,2050.10.22.00.00,50276
Sichuan,2050.10.22.01.00,47472
Sichuan,2050.10.22.02.00,45286
Sichuan,2050.10.22.03.00,43671
Sichuan,2050.10.22.04.00,42300
Sichuan,2050.10.22.05.00,42589
Sichuan,2050.10.22.06.00,42542
Sichuan,2050.10.22.07.00,42387
Sichuan,2050.10.22.08.00,44260
Sichuan,2050.10.22.09.00,51478
Sichuan,2050.10.22.10.00,56233
Sichuan,2050.10.22.11.00,61029
Sichuan,2050.10.22.12.00,62552
Sichuan,2050.10.22.13.00,63696
Sichuan,2050.10.22.14.00,64706
Sichuan,2050.10.22.15.00,64775
Sichuan,2050.10.22.16.00,63989
Sichuan,2050.10.22.17.00,63345
Sichuan,2050.10.22.18.00,61169
Sichuan,2050.10.22.19.00,58447
Sichuan,2050.10.22.20.00,58342
Sichuan,2050.10.22.21.00,62935
Sichuan,2050.10.22.22.00,61842
Sichuan,2050.10.22.23.00,57789
Tianjin,2030.01.28.00.00,15361
Tianjin,2030.01.28.01.00,15053
Tianjin,2030.01.28.02.00,14792
Tianjin,2030.01.28.03.00,14494
Tianjin,2030.01.28.04.00,14412
Tianjin,2030.01.28.05.00,14313
Tianjin,2030.01.28.06.00,14851
Tianjin,2030.01.28.07.00,15875
Tianjin,2030.01.28.08.00,17468
Tianjin,2030.01.28.09.00,19421
Tianjin,2030.01.28.10.00,20169
Tianjin,2030.01.28.11.00,20919
Tianjin,2030.01.28.12.00,19980
Tianjin,2030.01.28.13.00,20228
Tianjin,2030.01.28.14.00,20594
Tianjin,2030.01.28.15.00,20717
Tianjin,2030.01.28.16.00,20742
Tianjin,2030.01.28.17.00,20550
Tianjin,2030.01.28.18.00,19848
Tianjin,2030.01.28.19.00,19085
Tianjin,2030.01.28.20.00,19363
Tianjin,2030.01.28.21.00,18914
Tianjin,2030.01.28.22.00,17989
Tianjin,2030.01.28.23.00,17024
Tianjin,2030.04.15.00.00,12514
Tianjin,2030.04.15.01.00,12263
Tianjin,2030.04.15.02.00,12050
Tianjin,2030.04.15.03.00,11809
Tianjin,2030.04.15.04.00,11741
Tianjin,2030.04.15.05.00,11661
Tianjin,2030.04.15.06.00,12099
Tianjin,2030.04.15.07.00,12934
Tianjin,2030.04.15.08.00,14231
Tianjin,2030.04.15.09.00,15822
Tianjin,2030.04.15.10.00,16432
Tianjin,2030.04.15.11.00,17043
Tianjin,2030.04.15.12.00,16278
Tianjin,2030.04.15.13.00,16480
Tianjin,2030.04.15.14.00,16778
Tianjin,2030.04.15.15.00,16878
Tianjin,2030.04.15.16.00,16898
Tianjin,2030.04.15.17.00,16742
Tianjin,2030.04.15.18.00,16170
Tianjin,2030.04.15.19.00,15549
Tianjin,2030.04.15.20.00,15775
Tianjin,2030.04.15.21.00,15409
Tianjin,2030.04.15.22.00,14655
Tianjin,2030.04.15.23.00,13870
Tianjin,2030.07.01.00.00,17112
Tianjin,2030.07.01.01.00,16769
Tianjin,2030.07.01.02.00,16478
Tianjin,2030.07.01.03.00,16146
Tianjin,2030.07.01.04.00,16055
Tianjin,2030.07.01.05.00,15944
Tianjin,2030.07.01.06.00,16544
Tianjin,2030.07.01.07.00,17685
Tianjin,2030.07.01.08.00,19459
Tianjin,2030.07.01.09.00,21634
Tianjin,2030.07.01.10.00,22469
Tianjin,2030.07.01.11.00,23304
Tianjin,2030.07.01.12.00,22257
Tianjin,2030.07.01.13.00,22534
Tianjin,2030.07.01.14.00,22941
Tianjin,2030.07.01.15.00,23079
Tianjin,2030.07.01.16.00,23106
Tianjin,2030.07.01.17.00,22892
Tianjin,2030.07.01.18.00,22111
Tianjin,2030.07.01.19.00,21261
Tianjin,2030.07.01.20.00,21570
Tianjin,2030.07.01.21.00,21069
Tianjin,2030.07.01.22.00,20040
Tianjin,2030.07.01.23.00,18965
Tianjin,2030.10.31.00.00,13618
Tianjin,2030.10.31.01.00,13345
Tianjin,2030.10.31.02.00,13113
Tianjin,2030.10.31.03.00,12849
Tianjin,2030.10.31.04.00,12777
Tianjin,2030.10.31.05.00,12688
Tianjin,2030.10.31.06.00,13166
Tianjin,2030.10.31.07.00,14074
Tianjin,2030.10.31.08.00,15485
Tianjin,2030.10.31.09.00,17217
Tianjin,2030.10.31.10.00,17881
Tianjin,2030.10.31.11.00,18546
Tianjin,2030.10.31.12.00,17712
Tianjin,2030.10.31.13.00,17933
Tianjin,2030.10.31.14.00,18256
Tianjin,2030.10.31.15.00,18366
Tianjin,2030.10.31.16.00,18388
Tianjin,2030.10.31.17.00,18217
Tianjin,2030.10.31.18.00,17596
Tianjin,2030.10.31.19.00,16920
Tianjin,2030.10.31.20.00,17166
Tianjin,2030.10.31.21.00,16767
Tianjin,2030.10.31.22.00,15948
Tianjin,2030.10.31.23.00,15092
Tianjin,2040.01.02.00.00,17849
Tianjin,2040.01.02.01.00,17491
Tianjin,2040.01.02.02.00,17187
Tianjin,2040.01.02.03.00,16841
Tianjin,2040.01.02.04.00,16746
Tianjin,2040.01.02.05.00,16630
Tianjin,2040.01.02.06.00,17256
Tianjin,2040.01.02.07.00,18447
Tianjin,2040.01.02.08.00,20296
Tianjin,2040.01.02.09.00,22566
Tianjin,2040.01.02.10.00,23437
Tianjin,2040.01.02.11.00,24308
Tianjin,2040.01.02.12.00,23216
Tianjin,2040.01.02.13.00,23504
Tianjin,2040.01.02.14.00,23929
Tianjin,2040.01.02.15.00,24072
Tianjin,2040.01.02.16.00,24101
Tianjin,2040.01.02.17.00,23878
Tianjin,2040.01.02.18.00,23063
Tianjin,2040.01.02.19.00,22177
Tianjin,2040.01.02.20.00,22499
Tianjin,2040.01.02.21.00,21977
Tianjin,2040.01.02.22.00,20903
Tianjin,2040.01.02.23.00,19781
Tianjin,2040.04.19.00.00,15107
Tianjin,2040.04.19.01.00,14804
Tianjin,2040.04.19.02.00,14547
Tianjin,2040.04.19.03.00,14255
Tianjin,2040.04.19.04.00,14174
Tianjin,2040.04.19.05.00,14076
Tianjin,2040.04.19.06.00,14606
Tianjin,2040.04.19.07.00,15613
Tianjin,2040.04.19.08.00,17179
Tianjin,2040.04.19.09.00,19101
Tianjin,2040.04.19.10.00,19837
Tianjin,2040.04.19.11.00,20574
Tianjin,2040.04.19.12.00,19650
Tianjin,2040.04.19.13.00,19894
Tianjin,2040.04.19.14.00,20254
Tianjin,2040.04.19.15.00,20375
Tianjin,2040.04.19.16.00,20399
Tianjin,2040.04.19.17.00,20210
Tianjin,2040.04.19.18.00,19521
Tianjin,2040.04.19.19.00,18771
Tianjin,2040.04.19.20.00,19043
Tianjin,2040.04.19.21.00,18602
Tianjin,2040.04.19.22.00,17692
Tianjin,2040.04.19.23.00,16743
Tianjin,2040.07.24.00.00,20818
Tianjin,2040.07.24.01.00,20400
Tianjin,2040.07.24.02.00,20046
Tianjin,2040.07.24.03.00,19643
Tianjin,2040.07.24.04.00,19532
Tianjin,2040.07.24.05.00,19397
Tianjin,2040.07.24.06.00,20128
Tianjin,2040.07.24.07.00,21515
Tianjin,2040.07.24.08.00,23673
Tianjin,2040.07.24.09.00,26320
Tianjin,2040.07.24.10.00,27335
Tianjin,2040.07.24.11.00,28352
Tianjin,2040.07.24.12.00,27079
Tianjin,2040.07.24.13.00,27415
Tianjin,2040.07.24.14.00,27909
Tianjin,2040.07.24.15.00,28077
Tianjin,2040.07.24.16.00,28110
Tianjin,2040.07.24.17.00,27850
Tianjin,2040.07.24.18.00,26899
Tianjin,2040.07.24.19.00,25866
Tianjin,2040.07.24.20.00,26242
Tianjin,2040.07.24.21.00,25633
Tianjin,2040.07.24.22.00,24380
Tianjin,2040.07.24.23.00,23072
Tianjin,2040.10.13.00.00,15561
Tianjin,2040.10.13.01.00,15249
Tianjin,2040.10.13.02.00,14984
Tianjin,2040.10.13.03.00,14683
Tianjin,2040.10.13.04.00,14599
Tianjin,2040.10.13.05.00,14498
Tianjin,2040.10.13.06.00,15044
Tianjin,2040.10.13.07.00,16081
Tianjin,2040.10.13.08.00,17695
Tianjin,2040.10.13.09.00,19674
Tianjin,2040.10.13.10.00,20433
Tianjin,2040.10.13.11.00,21192
Tianjin,2040.10.13.12.00,20240
Tianjin,2040.10.13.13.00,20492
Tianjin,2040.10.13.14.00,20861
Tianjin,2040.10.13.15.00,20987
Tianjin,2040.10.13.16.00,21011
Tianjin,2040.10.13.17.00,20817
Tianjin,2040.10.13.18.00,20106
Tianjin,2040.10.13.19.00,19334
Tianjin,2040.10.13.20.00,19615
Tianjin,2040.10.13.21.00,19160
Tianjin,2040.10.13.22.00,18223
Tianjin,2040.10.13.23.00,17245
Tianjin,2050.01.04.00.00,20434
Tianjin,2050.01.04.01.00,20024
Tianjin,2050.01.04.02.00,19676
Tianjin,2050.01.04.03.00,19280
Tianjin,2050.01.04.04.00,19171
Tianjin,2050.01.04.05.00,19038
Tianjin,2050.01.04.06.00,19755
Tianjin,2050.01.04.07.00,21118
Tianjin,2050.01.04.08.00,23236
Tianjin,2050.01.04.09.00,25834
Tianjin,2050.01.04.10.00,26830
Tianjin,2050.01.04.11.00,27828
Tianjin,2050.01.04.12.00,26578
Tianjin,2050.01.04.13.00,26908
Tianjin,2050.01.04.14.00,27394
Tianjin,2050.01.04.15.00,27558
Tianjin,2050.01.04.16.00,27591
Tianjin,2050.01.04.17.00,27336
Tianjin,2050.01.04.18.00,26403
Tianjin,2050.01.04.19.00,25388
Tianjin,2050.01.04.20.00,25757
Tianjin,2050.01.04.21.00,25159
Tianjin,2050.01.04.22.00,23929
Tianjin,2050.01.04.23.00,22646
Tianjin,2050.04.29.00.00,15480
Tianjin,2050.04.29.01.00,15169
Tianjin,2050.04.29.02.00,14906
Tianjin,2050.04.29.03.00,14605
Tianjin,2050.04.29.04.00,14524
Tianjin,2050.04.29.05.00,14423
Tianjin,2050.04.29.06.00,14965
Tianjin,2050.04.29.07.00,15998
Tianjin,2050.04.29.08.00,17602
Tianjin,2050.04.29.09.00,19571
Tianjin,2050.04.29.10.00,20326
Tianjin,2050.04.29.11.00,21081
Tianjin,2050.04.29.12.00,20135
Tianjin,2050.04.29.13.00,20385
Tianjin,2050.04.29.14.00,20753
Tianjin,2050.04.29.15.00,20876
Tianjin,2050.04.29.16.00,20902
Tianjin,2050.04.29.17.00,20708
Tianjin,2050.04.29.18.00,20001
Tianjin,2050.04.29.19.00,19233
Tianjin,2050.04.29.20.00,19513
Tianjin,2050.04.29.21.00,19060
Tianjin,2050.04.29.22.00,18128
Tianjin,2050.04.29.23.00,17155
Tianjin,2050.07.23.00.00,24333
Tianjin,2050.07.23.01.00,23845
Tianjin,2050.07.23.02.00,23431
Tianjin,2050.07.23.03.00,22959
Tianjin,2050.07.23.04.00,22830
Tianjin,2050.07.23.05.00,22673
Tianjin,2050.07.23.06.00,23525
Tianjin,2050.07.23.07.00,25148
Tianjin,2050.07.23.08.00,27670
Tianjin,2050.07.23.09.00,30764
Tianjin,2050.07.23.10.00,31950
Tianjin,2050.07.23.11.00,33139
Tianjin,2050.07.23.12.00,31651
Tianjin,2050.07.23.13.00,32043
Tianjin,2050.07.23.14.00,32622
Tianjin,2050.07.23.15.00,32817
Tianjin,2050.07.23.16.00,32856
Tianjin,2050.07.23.17.00,32552
Tianjin,2050.07.23.18.00,31442
Tianjin,2050.07.23.19.00,30234
Tianjin,2050.07.23.20.00,30672
Tianjin,2050.07.23.21.00,29960
Tianjin,2050.07.23.22.00,28497
Tianjin,2050.07.23.23.00,26968
Tianjin,2050.10.22.00.00,16629
Tianjin,2050.10.22.01.00,16295
Tianjin,2050.10.22.02.00,16012
Tianjin,2050.10.22.03.00,15690
Tianjin,2050.10.22.04.00,15601
Tianjin,2050.10.22.05.00,15494
Tianjin,2050.10.22.06.00,16076
Tianjin,2050.10.22.07.00,17185
Tianjin,2050.10.22.08.00,18909
Tianjin,2050.10.22.09.00,21023
Tianjin,2050.10.22.10.00,21834
Tianjin,2050.10.22.11.00,22646
Tianjin,2050.10.22.12.00,21629
Tianjin,2050.10.22.13.00,21897
Tianjin,2050.10.22.14.00,22293
Tianjin,2050.10.22.15.00,22426
Tianjin,2050.10.22.16.00,22453
Tianjin,2050.10.22.17.00,22245
Tianjin,2050.10.22.18.00,21486
Tianjin,2050.10.22.19.00,20660
Tianjin,2050.10.22.20.00,20961
Tianjin,2050.10.22.21.00,20474
Tianjin,2050.10.22.22.00,19474
Tianjin,2050.10.22.23.00,18428
Tibet,2030.01.28.00.00,1195
Tibet,2030.01.28.01.00,1111
Tibet,2030.01.28.02.00,1075
Tibet,2030.01.28.03.00,1031
Tibet,2030.01.28.04.00,1016
Tibet,2030.01.28.05.00,978
Tibet,2030.01.28.06.00,1010
Tibet,2030.01.28.07.00,1084
Tibet,2030.01.28.08.00,1238
Tibet,2030.01.28.09.00,1354
Tibet,2030.01.28.10.00,1441
Tibet,2030.01.28.11.00,1485
Tibet,2030.01.28.12.00,1438
Tibet,2030.01.28.13.00,1349
Tibet,2030.01.28.14.00,1303
Tibet,2030.01.28.15.00,1315
Tibet,2030.01.28.16.00,1329
Tibet,2030.01.28.17.00,1387
Tibet,2030.01.28.18.00,1389
Tibet,2030.01.28.19.00,1366
Tibet,2030.01.28.20.00,1389
Tibet,2030.01.28.21.00,1541
Tibet,2030.01.28.22.00,1526
Tibet,2030.01.28.23.00,1388
Tibet,2030.04.15.00.00,1303
Tibet,2030.04.15.01.00,1210
Tibet,2030.04.15.02.00,1172
Tibet,2030.04.15.03.00,1124
Tibet,2030.04.15.04.00,1108
Tibet,2030.04.15.05.00,1066
Tibet,2030.04.15.06.00,1101
Tibet,2030.04.15.07.00,1181
Tibet,2030.04.15.08.00,1349
Tibet,2030.04.15.09.00,1475
Tibet,2030.04.15.10.00,1570
Tibet,2030.04.15.11.00,1619
Tibet,2030.04.15.12.00,1568
Tibet,2030.04.15.13.00,1471
Tibet,2030.04.15.14.00,1420
Tibet,2030.04.15.15.00,1432
Tibet,2030.04.15.16.00,1448
Tibet,2030.04.15.17.00,1512
Tibet,2030.04.15.18.00,1514
Tibet,2030.04.15.19.00,1488
Tibet,2030.04.15.20.00,1515
Tibet,2030.04.15.21.00,1679
Tibet,2030.04.15.22.00,1664
Tibet,2030.04.15.23.00,1514
Tibet,2030.07.01.00.00,1224
Tibet,2030.07.01.01.00,1136
Tibet,2030.07.01.02.00,1101
Tibet,2030.07.01.03.00,1056
Tibet,2030.07.01.04.00,1040
Tibet,2030.07.01.05.00,1002
Tibet,2030.07.01.06.00,1033
Tibet,2030.07.01.07.00,1110
Tibet,2030.07.01.08.00,1267
Tibet,2030.07.01.09.00,1385
Tibet,2030.07.01.10.00,1475
Tibet,2030.07.01.11.00,1520
Tibet,2030.07.01.12.00,1472
Tibet,2030.07.01.13.00,1381
Tibet,2030.07.01.14.00,1333
Tibet,2030.07.01.15.00,1345
Tibet,2030.07.01.16.00,1361
Tibet,2030.07.01.17.00,1420
Tibet,2030.07.01.18.00,1422
Tibet,2030.07.01.19.00,1397
Tibet,2030.07.01.20.00,1422
Tibet,2030.07.01.21.00,1577
Tibet,2030.07.01.22.00,1563
Tibet,2030.07.01.23.00,1421
Tibet,2030.10.31.00.00,1582
Tibet,2030.10.31.01.00,1470
Tibet,2030.10.31.02.00,1423
Tibet,2030.10.31.03.00,1365
Tibet,2030.10.31.04.00,1345
Tibet,2030.10.31.05.00,1294
Tibet,2030.10.31.06.00,1336
Tibet,2030.10.31.07.00,1434
Tibet,2030.10.31.08.00,1638
Tibet,2030.10.31.09.00,1791
Tibet,2030.10.31.10.00,1906
Tibet,2030.10.31.11.00,1966
Tibet,2030.10.31.12.00,1903
Tibet,2030.10.31.13.00,1786
Tibet,2030.10.31.14.00,1725
Tibet,2030.10.31.15.00,1739
Tibet,2030.10.31.16.00,1760
Tibet,2030.10.31.17.00,1836
Tibet,2030.10.31.18.00,1839
Tibet,2030.10.31.19.00,1806
Tibet,2030.10.31.20.00,1839
Tibet,2030.10.31.21.00,2039
Tibet,2030.10.31.22.00,2020
Tibet,2030.10.31.23.00,1838
Tibet,2040.01.02.00.00,1778
Tibet,2040.01.02.01.00,1651
Tibet,2040.01.02.02.00,1598
Tibet,2040.01.02.03.00,1534
Tibet,2040.01.02.04.00,1511
Tibet,2040.01.02.05.00,1455
Tibet,2040.01.02.06.00,1501
Tibet,2040.01.02.07.00,1612
Tibet,2040.01.02.08.00,1840
Tibet,2040.01.02.09.00,2012
Tibet,2040.01.02.10.00,2142
Tibet,2040.01.02.11.00,2208
Tibet,2040.01.02.12.00,2139
Tibet,2040.01.02.13.00,2006
Tibet,2040.01.02.14.00,1937
Tibet,2040.01.02.15.00,1954
Tibet,2040.01.02.16.00,1977
Tibet,2040.01.02.17.00,2062
Tibet,2040.01.02.18.00,2066
Tibet,2040.01.02.19.00,2030
Tibet,2040.01.02.20.00,2067
Tibet,2040.01.02.21.00,2291
Tibet,2040.01.02.22.00,2270
Tibet,2040.01.02.23.00,2064
Tibet,2040.04.19.00.00,1419
Tibet,2040.04.19.01.00,1318
Tibet,2040.04.19.02.00,1276
Tibet,2040.04.19.03.00,1224
Tibet,2040.04.19.04.00,1206
Tibet,2040.04.19.05.00,1161
Tibet,2040.04.19.06.00,1197
Tibet,2040.04.19.07.00,1286
Tibet,2040.04.19.08.00,1469
Tibet,2040.04.19.09.00,1605
Tibet,2040.04.19.10.00,1710
Tibet,2040.04.19.11.00,1763
Tibet,2040.04.19.12.00,1706
Tibet,2040.04.19.13.00,1600
Tibet,2040.04.19.14.00,1546
Tibet,2040.04.19.15.00,1560
Tibet,2040.04.19.16.00,1577
Tibet,2040.04.19.17.00,1646
Tibet,2040.04.19.18.00,1648
Tibet,2040.04.19.19.00,1620
Tibet,2040.04.19.20.00,1648
Tibet,2040.04.19.21.00,1828
Tibet,2040.04.19.22.00,1811
Tibet,2040.04.19.23.00,1647
Tibet,2040.07.24.00.00,1312
Tibet,2040.07.24.01.00,1219
Tibet,2040.07.24.02.00,1180
Tibet,2040.07.24.03.00,1132
Tibet,2040.07.24.04.00,1116
Tibet,2040.07.24.05.00,1074
Tibet,2040.07.24.06.00,1108
Tibet,2040.07.24.07.00,1189
Tibet,2040.07.24.08.00,1359
Tibet,2040.07.24.09.00,1485
Tibet,2040.07.24.10.00,1581
Tibet,2040.07.24.11.00,1630
Tibet,2040.07.24.12.00,1579
Tibet,2040.07.24.13.00,1481
Tibet,2040.07.24.14.00,1430
Tibet,2040.07.24.15.00,1442
Tibet,2040.07.24.16.00,1459
Tibet,2040.07.24.17.00,1523
Tibet,2040.07.24.18.00,1525
Tibet,2040.07.24.19.00,1498
Tibet,2040.07.24.20.00,1525
Tibet,2040.07.24.21.00,1691
Tibet,2040.07.24.22.00,1675
Tibet,2040.07.24.23.00,1524
Tibet,2040.10.13.00.00,1716
Tibet,2040.10.13.01.00,1593
Tibet,2040.10.13.02.00,1542
Tibet,2040.10.13.03.00,1480
Tibet,2040.10.13.04.00,1458
Tibet,2040.10.13.05.00,1404
Tibet,2040.10.13.06.00,1448
Tibet,2040.10.13.07.00,1556
Tibet,2040.10.13.08.00,1776
Tibet,2040.10.13.09.00,1942
Tibet,2040.10.13.10.00,2068
Tibet,2040.10.13.11.00,2131
Tibet,2040.10.13.12.00,2063
Tibet,2040.10.13.13.00,1936
Tibet,2040.10.13.14.00,1870
Tibet,2040.10.13.15.00,1886
Tibet,2040.10.13.16.00,1907
Tibet,2040.10.13.17.00,1990
Tibet,2040.10.13.18.00,1993
Tibet,2040.10.13.19.00,1958
Tibet,2040.10.13.20.00,1993
Tibet,2040.10.13.21.00,2210
Tibet,2040.10.13.22.00,2190
Tibet,2040.10.13.23.00,1992
Tibet,2050.01.04.00.00,1851
Tibet,2050.01.04.01.00,1719
Tibet,2050.01.04.02.00,1665
Tibet,2050.01.04.03.00,1597
Tibet,2050.01.04.04.00,1574
Tibet,2050.01.04.05.00,1515
Tibet,2050.01.04.06.00,1563
Tibet,2050.01.04.07.00,1678
Tibet,2050.01.04.08.00,1917
Tibet,2050.01.04.09.00,2095
Tibet,2050.01.04.10.00,2231
Tibet,2050.01.04.11.00,2299
Tibet,2050.01.04.12.00,2227
Tibet,2050.01.04.13.00,2089
Tibet,2050.01.04.14.00,2018
Tibet,2050.01.04.15.00,2035
Tibet,2050.01.04.16.00,2058
Tibet,2050.01.04.17.00,2147
Tibet,2050.01.04.18.00,2151
Tibet,2050.01.04.19.00,2113
Tibet,2050.01.04.20.00,2151
Tibet,2050.01.04.21.00,2386
Tibet,2050.01.04.22.00,2363
Tibet,2050.01.04.23.00,2150
Tibet,2050.04.29.00.00,1502
Tibet,2050.04.29.01.00,1395
Tibet,2050.04.29.02.00,1350
Tibet,2050.04.29.03.00,1296
Tibet,2050.04.29.04.00,1277
Tibet,2050.04.29.05.00,1229
Tibet,2050.04.29.06.00,1269
Tibet,2050.04.29.07.00,1362
Tibet,2050.04.29.08.00,1556
Tibet,2050.04.29.09.00,1700
Tibet,2050.04.29.10.00,1811
Tibet,2050.04.29.11.00,1866
Tibet,2050.04.29.12.00,1807
Tibet,2050.04.29.13.00,1695
Tibet,2050.04.29.14.00,1637
Tibet,2050.04.29.15.00,1651
Tibet,2050.04.29.16.00,1670
Tibet,2050.04.29.17.00,1743
Tibet,2050.04.29.18.00,1745
Tibet,2050.04.29.19.00,1716
Tibet,2050.04.29.20.00,1746
Tibet,2050.04.29.21.00,1936
Tibet,2050.04.29.22.00,1918
Tibet,2050.04.29.23.00,1744
Tibet,2050.07.23.00.00,1457
Tibet,2050.07.23.01.00,1353
Tibet,2050.07.23.02.00,1310
Tibet,2050.07.23.03.00,1257
Tibet,2050.07.23.04.00,1238
Tibet,2050.07.23.05.00,1191
Tibet,2050.07.23.06.00,1230
Tibet,2050.07.23.07.00,1320
Tibet,2050.07.23.08.00,1508
Tibet,2050.07.23.09.00,1648
Tibet,2050.07.23.10.00,1755
Tibet,2050.07.23.11.00,1809
Tibet,2050.07.23.12.00,1751
Tibet,2050.07.23.13.00,1643
Tibet,2050.07.23.14.00,1587
Tibet,2050.07.23.15.00,1600
Tibet,2050.07.23.16.00,1619
Tibet,2050.07.23.17.00,1689
Tibet,2050.07.23.18.00,1692
Tibet,2050.07.23.19.00,1663
Tibet,2050.07.23.20.00,1692
Tibet,2050.07.23.21.00,1877
Tibet,2050.07.23.22.00,1859
Tibet,2050.07.23.23.00,1691
Tibet,2050.10.22.00.00,1891
Tibet,2050.10.22.01.00,1756
Tibet,2050.10.22.02.00,1701
Tibet,2050.10.22.03.00,1632
Tibet,2050.10.22.04.00,1608
Tibet,2050.10.22.05.00,1547
Tibet,2050.10.22.06.00,1597
Tibet,2050.10.22.07.00,1715
Tibet,2050.10.22.08.00,1958
Tibet,2050.10.22.09.00,2141
Tibet,2050.10.22.10.00,2279
Tibet,2050.10.22.11.00,2349
Tibet,2050.10.22.12.00,2275
Tibet,2050.10.22.13.00,2134
Tibet,2050.10.22.14.00,2061
Tibet,2050.10.22.15.00,2079
Tibet,2050.10.22.16.00,2103
Tibet,2050.10.22.17.00,2194
Tibet,2050.10.22.18.00,2198
Tibet,2050.10.22.19.00,2159
Tibet,2050.10.22.20.00,2198
Tibet,2050.10.22.21.00,2437
Tibet,2050.10.22.22.00,2414
Tibet,2050.10.22.23.00,2196
West_Inner_Mongolia,2030.01.28.00.00,46326
West_Inner_Mongolia,2030.01.28.01.00,46275
West_Inner_Mongolia,2030.01.28.02.00,45871
West_Inner_Mongolia,2030.01.28.03.00,45481
West_Inner_Mongolia,2030.01.28.04.00,45359
West_Inner_Mongolia,2030.01.28.05.00,45586
West_Inner_Mongolia,2030.01.28.06.00,46118
West_Inner_Mongolia,2030.01.28.07.00,46742
West_Inner_Mongolia,2030.01.28.08.00,46681
West_Inner_Mongolia,2030.01.28.09.00,47117
West_Inner_Mongolia,2030.01.28.10.00,47736
West_Inner_Mongolia,2030.01.28.11.00,48242
West_Inner_Mongolia,2030.01.28.12.00,48384
West_Inner_Mongolia,2030.01.28.13.00,47779
West_Inner_Mongolia,2030.01.28.14.00,47634
West_Inner_Mongolia,2030.01.28.15.00,48174
West_Inner_Mongolia,2030.01.28.16.00,48384
West_Inner_Mongolia,2030.01.28.17.00,49402
West_Inner_Mongolia,2030.01.28.18.00,49696
West_Inner_Mongolia,2030.01.28.19.00,49827
West_Inner_Mongolia,2030.01.28.20.00,49799
West_Inner_Mongolia,2030.01.28.21.00,49415
West_Inner_Mongolia,2030.01.28.22.00,48799
West_Inner_Mongolia,2030.01.28.23.00,47663
West_Inner_Mongolia,2030.04.15.00.00,46735
West_Inner_Mongolia,2030.04.15.01.00,46683
West_Inner_Mongolia,2030.04.15.02.00,46276
West_Inner_Mongolia,2030.04.15.03.00,45883
West_Inner_Mongolia,2030.04.15.04.00,45759
West_Inner_Mongolia,2030.04.15.05.00,45988
West_Inner_Mongolia,2030.04.15.06.00,46525
West_Inner_Mongolia,2030.04.15.07.00,47155
West_Inner_Mongolia,2030.04.15.08.00,47093
West_Inner_Mongolia,2030.04.15.09.00,47533
West_Inner_Mongolia,2030.04.15.10.00,48157
West_Inner_Mongolia,2030.04.15.11.00,48667
West_Inner_Mongolia,2030.04.15.12.00,48810
West_Inner_Mongolia,2030.04.15.13.00,48201
West_Inner_Mongolia,2030.04.15.14.00,48054
West_Inner_Mongolia,2030.04.15.15.00,48599
West_Inner_Mongolia,2030.04.15.16.00,48811
West_Inner_Mongolia,2030.04.15.17.00,49838
West_Inner_Mongolia,2030.04.15.18.00,50135
West_Inner_Mongolia,2030.04.15.19.00,50267
West_Inner_Mongolia,2030.04.15.20.00,50239
West_Inner_Mongolia,2030.04.15.21.00,49851
West_Inner_Mongolia,2030.04.15.22.00,49230
West_Inner_Mongolia,2030.04.15.23.00,48083
West_Inner_Mongolia,2030.07.01.00.00,49494
West_Inner_Mongolia,2030.07.01.01.00,49440
West_Inner_Mongolia,2030.07.01.02.00,49008
West_Inner_Mongolia,2030.07.01.03.00,48592
West_Inner_Mongolia,2030.07.01.04.00,48461
West_Inner_Mongolia,2030.07.01.05.00,48703
West_Inner_Mongolia,2030.07.01.06.00,49272
West_Inner_Mongolia,2030.07.01.07.00,49938
West_Inner_Mongolia,2030.07.01.08.00,49874
West_Inner_Mongolia,2030.07.01.09.00,50339
West_Inner_Mongolia,2030.07.01.10.00,51000
West_Inner_Mongolia,2030.07.01.11.00,51541
West_Inner_Mongolia,2030.07.01.12.00,51692
West_Inner_Mongolia,2030.07.01.13.00,51047
West_Inner_Mongolia,2030.07.01.14.00,50892
West_Inner_Mongolia,2030.07.01.15.00,51468
West_Inner_Mongolia,2030.07.01.16.00,51693
West_Inner_Mongolia,2030.07.01.17.00,52780
West_Inner_Mongolia,2030.07.01.18.00,53095
West_Inner_Mongolia,2030.07.01.19.00,53235
West_Inner_Mongolia,2030.07.01.20.00,53205
West_Inner_Mongolia,2030.07.01.21.00,52794
West_Inner_Mongolia,2030.07.01.22.00,52136
West_Inner_Mongolia,2030.07.01.23.00,50922
West_Inner_Mongolia,2030.10.31.00.00,53071
West_Inner_Mongolia,2030.10.31.01.00,53012
West_Inner_Mongolia,2030.10.31.02.00,52549
West_Inner_Mongolia,2030.10.31.03.00,52103
West_Inner_Mongolia,2030.10.31.04.00,51963
West_Inner_Mongolia,2030.10.31.05.00,52222
West_Inner_Mongolia,2030.10.31.06.00,52832
West_Inner_Mongolia,2030.10.31.07.00,53547
West_Inner_Mongolia,2030.10.31.08.00,53478
West_Inner_Mongolia,2030.10.31.09.00,53976
West_Inner_Mongolia,2030.10.31.10.00,54685
West_Inner_Mongolia,2030.10.31.11.00,55265
West_Inner_Mongolia,2030.10.31.12.00,55427
West_Inner_Mongolia,2030.10.31.13.00,54735
West_Inner_Mongolia,2030.10.31.14.00,54569
West_Inner_Mongolia,2030.10.31.15.00,55187
West_Inner_Mongolia,2030.10.31.16.00,55428
West_Inner_Mongolia,2030.10.31.17.00,56594
West_Inner_Mongolia,2030.10.31.18.00,56932
West_Inner_Mongolia,2030.10.31.19.00,57081
West_Inner_Mongolia,2030.10.31.20.00,57050
West_Inner_Mongolia,2030.10.31.21.00,56609
West_Inner_Mongolia,2030.10.31.22.00,55903
West_Inner_Mongolia,2030.10.31.23.00,54602
West_Inner_Mongolia,2040.01.02.00.00,62804
West_Inner_Mongolia,2040.01.02.01.00,62735
West_Inner_Mongolia,2040.01.02.02.00,62187
West_Inner_Mongolia,2040.01.02.03.00,61659
West_Inner_Mongolia,2040.01.02.04.00,61493
West_Inner_Mongolia,2040.01.02.05.00,61801
West_Inner_Mongolia,2040.01.02.06.00,62522
West_Inner_Mongolia,2040.01.02.07.00,63368
West_Inner_Mongolia,2040.01.02.08.00,63286
West_Inner_Mongolia,2040.01.02.09.00,63876
West_Inner_Mongolia,2040.01.02.10.00,64715
West_Inner_Mongolia,2040.01.02.11.00,65400
West_Inner_Mongolia,2040.01.02.12.00,65593
West_Inner_Mongolia,2040.01.02.13.00,64774
West_Inner_Mongolia,2040.01.02.14.00,64577
West_Inner_Mongolia,2040.01.02.15.00,65309
West_Inner_Mongolia,2040.01.02.16.00,65593
West_Inner_Mongolia,2040.01.02.17.00,66974
West_Inner_Mongolia,2040.01.02.18.00,67374
West_Inner_Mongolia,2040.01.02.19.00,67551
West_Inner_Mongolia,2040.01.02.20.00,67513
West_Inner_Mongolia,2040.01.02.21.00,66992
West_Inner_Mongolia,2040.01.02.22.00,66157
West_Inner_Mongolia,2040.01.02.23.00,64616
West_Inner_Mongolia,2040.04.19.00.00,55510
West_Inner_Mongolia,2040.04.19.01.00,55449
West_Inner_Mongolia,2040.04.19.02.00,54965
West_Inner_Mongolia,2040.04.19.03.00,54498
West_Inner_Mongolia,2040.04.19.04.00,54351
West_Inner_Mongolia,2040.04.19.05.00,54622
West_Inner_Mongolia,2040.04.19.06.00,55261
West_Inner_Mongolia,2040.04.19.07.00,56008
West_Inner_Mongolia,2040.04.19.08.00,55935
West_Inner_Mongolia,2040.04.19.09.00,56457
West_Inner_Mongolia,2040.04.19.10.00,57199
West_Inner_Mongolia,2040.04.19.11.00,57804
West_Inner_Mongolia,2040.04.19.12.00,57975
West_Inner_Mongolia,2040.04.19.13.00,57251
West_Inner_Mongolia,2040.04.19.14.00,57077
West_Inner_Mongolia,2040.04.19.15.00,57724
West_Inner_Mongolia,2040.04.19.16.00,57975
West_Inner_Mongolia,2040.04.19.17.00,59196
West_Inner_Mongolia,2040.04.19.18.00,59549
West_Inner_Mongolia,2040.04.19.19.00,59705
West_Inner_Mongolia,2040.04.19.20.00,59672
West_Inner_Mongolia,2040.04.19.21.00,59211
West_Inner_Mongolia,2040.04.19.22.00,58473
West_Inner_Mongolia,2040.04.19.23.00,57111
West_Inner_Mongolia,2040.07.24.00.00,53366
West_Inner_Mongolia,2040.07.24.01.00,53308
West_Inner_Mongolia,2040.07.24.02.00,52842
West_Inner_Mongolia,2040.07.24.03.00,52393
West_Inner_Mongolia,2040.07.24.04.00,52253
West_Inner_Mongolia,2040.07.24.05.00,52514
West_Inner_Mongolia,2040.07.24.06.00,53127
West_Inner_Mongolia,2040.07.24.07.00,53845
West_Inner_Mongolia,2040.07.24.08.00,53775
West_Inner_Mongolia,2040.07.24.09.00,54277
West_Inner_Mongolia,2040.07.24.10.00,54990
West_Inner_Mongolia,2040.07.24.11.00,55573
West_Inner_Mongolia,2040.07.24.12.00,55736
West_Inner_Mongolia,2040.07.24.13.00,55040
West_Inner_Mongolia,2040.07.24.14.00,54873
West_Inner_Mongolia,2040.07.24.15.00,55495
West_Inner_Mongolia,2040.07.24.16.00,55737
West_Inner_Mongolia,2040.07.24.17.00,56910
West_Inner_Mongolia,2040.07.24.18.00,57250
West_Inner_Mongolia,2040.07.24.19.00,57399
West_Inner_Mongolia,2040.07.24.20.00,57368
West_Inner_Mongolia,2040.07.24.21.00,56925
West_Inner_Mongolia,2040.07.24.22.00,56215
West_Inner_Mongolia,2040.07.24.23.00,54906
West_Inner_Mongolia,2040.10.13.00.00,61928
West_Inner_Mongolia,2040.10.13.01.00,61860
West_Inner_Mongolia,2040.10.13.02.00,61320
West_Inner_Mongolia,2040.10.13.03.00,60798
West_Inner_Mongolia,2040.10.13.04.00,60635
West_Inner_Mongolia,2040.10.13.05.00,60938
West_Inner_Mongolia,2040.10.13.06.00,61650
West_Inner_Mongolia,2040.10.13.07.00,62484
West_Inner_Mongolia,2040.10.13.08.00,62403
West_Inner_Mongolia,2040.10.13.09.00,62985
West_Inner_Mongolia,2040.10.13.10.00,63812
West_Inner_Mongolia,2040.10.13.11.00,64488
West_Inner_Mongolia,2040.10.13.12.00,64678
West_Inner_Mongolia,2040.10.13.13.00,63870
West_Inner_Mongolia,2040.10.13.14.00,63677
West_Inner_Mongolia,2040.10.13.15.00,64398
West_Inner_Mongolia,2040.10.13.16.00,64678
West_Inner_Mongolia,2040.10.13.17.00,66040
West_Inner_Mongolia,2040.10.13.18.00,66434
West_Inner_Mongolia,2040.10.13.19.00,66608
West_Inner_Mongolia,2040.10.13.20.00,66571
West_Inner_Mongolia,2040.10.13.21.00,66057
West_Inner_Mongolia,2040.10.13.22.00,65234
West_Inner_Mongolia,2040.10.13.23.00,63714
West_Inner_Mongolia,2050.01.04.00.00,62451
West_Inner_Mongolia,2050.01.04.01.00,62382
West_Inner_Mongolia,2050.01.04.02.00,61838
West_Inner_Mongolia,2050.01.04.03.00,61311
West_Inner_Mongolia,2050.01.04.04.00,61147
West_Inner_Mongolia,2050.01.04.05.00,61452
West_Inner_Mongolia,2050.01.04.06.00,62170
West_Inner_Mongolia,2050.01.04.07.00,63011
West_Inner_Mongolia,2050.01.04.08.00,62929
West_Inner_Mongolia,2050.01.04.09.00,63516
West_Inner_Mongolia,2050.01.04.10.00,64351
West_Inner_Mongolia,2050.01.04.11.00,65032
West_Inner_Mongolia,2050.01.04.12.00,65224
West_Inner_Mongolia,2050.01.04.13.00,64409
West_Inner_Mongolia,2050.01.04.14.00,64214
West_Inner_Mongolia,2050.01.04.15.00,64941
West_Inner_Mongolia,2050.01.04.16.00,65224
West_Inner_Mongolia,2050.01.04.17.00,66597
West_Inner_Mongolia,2050.01.04.18.00,66995
West_Inner_Mongolia,2050.01.04.19.00,67170
West_Inner_Mongolia,2050.01.04.20.00,67133
West_Inner_Mongolia,2050.01.04.21.00,66614
West_Inner_Mongolia,2050.01.04.22.00,65784
West_Inner_Mongolia,2050.01.04.23.00,64252
West_Inner_Mongolia,2050.04.29.00.00,60040
West_Inner_Mongolia,2050.04.29.01.00,59974
West_Inner_Mongolia,2050.04.29.02.00,59451
West_Inner_Mongolia,2050.04.29.03.00,58945
West_Inner_Mongolia,2050.04.29.04.00,58787
West_Inner_Mongolia,2050.04.29.05.00,59080
West_Inner_Mongolia,2050.04.29.06.00,59770
West_Inner_Mongolia,2050.04.29.07.00,60579
West_Inner_Mongolia,2050.04.29.08.00,60500
West_Inner_Mongolia,2050.04.29.09.00,61064
West_Inner_Mongolia,2050.04.29.10.00,61867
West_Inner_Mongolia,2050.04.29.11.00,62522
West_Inner_Mongolia,2050.04.29.12.00,62707
West_Inner_Mongolia,2050.04.29.13.00,61923
West_Inner_Mongolia,2050.04.29.14.00,61736
West_Inner_Mongolia,2050.04.29.15.00,62434
West_Inner_Mongolia,2050.04.29.16.00,62707
West_Inner_Mongolia,2050.04.29.17.00,64026
West_Inner_Mongolia,2050.04.29.18.00,64409
West_Inner_Mongolia,2050.04.29.19.00,64577
West_Inner_Mongolia,2050.04.29.20.00,64542
West_Inner_Mongolia,2050.04.29.21.00,64043
West_Inner_Mongolia,2050.04.29.22.00,63245
West_Inner_Mongolia,2050.04.29.23.00,61772
West_Inner_Mongolia,2050.07.23.00.00,61342
West_Inner_Mongolia,2050.07.23.01.00,61274
West_Inner_Mongolia,2050.07.23.02.00,60740
West_Inner_Mongolia,2050.07.23.03.00,60223
West_Inner_Mongolia,2050.07.23.04.00,60061
West_Inner_Mongolia,2050.07.23.05.00,60362
West_Inner_Mongolia,2050.07.23.06.00,61066
West_Inner_Mongolia,2050.07.23.07.00,61892
West_Inner_Mongolia,2050.07.23.08.00,61812
West_Inner_Mongolia,2050.07.23.09.00,62388
West_Inner_Mongolia,2050.07.23.10.00,63208
West_Inner_Mongolia,2050.07.23.11.00,63878
West_Inner_Mongolia,2050.07.23.12.00,64065
West_Inner_Mongolia,2050.07.23.13.00,63266
West_Inner_Mongolia,2050.07.23.14.00,63074
West_Inner_Mongolia,2050.07.23.15.00,63788
West_Inner_Mongolia,2050.07.23.16.00,64066
West_Inner_Mongolia,2050.07.23.17.00,65415
West_Inner_Mongolia,2050.07.23.18.00,65805
West_Inner_Mongolia,2050.07.23.19.00,65978
West_Inner_Mongolia,2050.07.23.20.00,65941
West_Inner_Mongolia,2050.07.23.21.00,65432
West_Inner_Mongolia,2050.07.23.22.00,64616
West_Inner_Mongolia,2050.07.23.23.00,63111
West_Inner_Mongolia,2050.10.22.00.00,67819
West_Inner_Mongolia,2050.10.22.01.00,67744
West_Inner_Mongolia,2050.10.22.02.00,67153
West_Inner_Mongolia,2050.10.22.03.00,66582
West_Inner_Mongolia,2050.10.22.04.00,66403
West_Inner_Mongolia,2050.10.22.05.00,66735
West_Inner_Mongolia,2050.10.22.06.00,67514
West_Inner_Mongolia,2050.10.22.07.00,68428
West_Inner_Mongolia,2050.10.22.08.00,68339
West_Inner_Mongolia,2050.10.22.09.00,68976
West_Inner_Mongolia,2050.10.22.10.00,69882
West_Inner_Mongolia,2050.10.22.11.00,70623
West_Inner_Mongolia,2050.10.22.12.00,70830
West_Inner_Mongolia,2050.10.22.13.00,69945
West_Inner_Mongolia,2050.10.22.14.00,69733
West_Inner_Mongolia,2050.10.22.15.00,70524
West_Inner_Mongolia,2050.10.22.16.00,70831
West_Inner_Mongolia,2050.10.22.17.00,72321
West_Inner_Mongolia,2050.10.22.18.00,72754
West_Inner_Mongolia,2050.10.22.19.00,72944
West_Inner_Mongolia,2050.10.22.20.00,72903
West_Inner_Mongolia,2050.10.22.21.00,72340
West_Inner_Mongolia,2050.10.22.22.00,71439
West_Inner_Mongolia,2050.10.22.23.00,69775
Xinjiang,2030.01.28.00.00,43090
Xinjiang,2030.01.28.01.00,42361
Xinjiang,2030.01.28.02.00,41378
Xinjiang,2030.01.28.03.00,40903
Xinjiang,2030.01.28.04.00,40626
Xinjiang,2030.01.28.05.00,40605
Xinjiang,2030.01.28.06.00,40612
Xinjiang,2030.01.28.07.00,40732
Xinjiang,2030.01.28.08.00,41765
Xinjiang,2030.01.28.09.00,42575
Xinjiang,2030.01.28.10.00,43061
Xinjiang,2030.01.28.11.00,43905
Xinjiang,2030.01.28.12.00,44305
Xinjiang,2030.01.28.13.00,44455
Xinjiang,2030.01.28.14.00,44121
Xinjiang,2030.01.28.15.00,43799
Xinjiang,2030.01.28.16.00,43997
Xinjiang,2030.01.28.17.00,44289
Xinjiang,2030.01.28.18.00,44442
Xinjiang,2030.01.28.19.00,44796
Xinjiang,2030.01.28.20.00,44810
Xinjiang,2030.01.28.21.00,44681
Xinjiang,2030.01.28.22.00,45138
Xinjiang,2030.01.28.23.00,45188
Xinjiang,2030.04.15.00.00,43062
Xinjiang,2030.04.15.01.00,42334
Xinjiang,2030.04.15.02.00,41352
Xinjiang,2030.04.15.03.00,40878
Xinjiang,2030.04.15.04.00,40600
Xinjiang,2030.04.15.05.00,40580
Xinjiang,2030.04.15.06.00,40587
Xinjiang,2030.04.15.07.00,40706
Xinjiang,2030.04.15.08.00,41738
Xinjiang,2030.04.15.09.00,42548
Xinjiang,2030.04.15.10.00,43035
Xinjiang,2030.04.15.11.00,43877
Xinjiang,2030.04.15.12.00,44277
Xinjiang,2030.04.15.13.00,44427
Xinjiang,2030.04.15.14.00,44093
Xinjiang,2030.04.15.15.00,43771
Xinjiang,2030.04.15.16.00,43969
Xinjiang,2030.04.15.17.00,44262
Xinjiang,2030.04.15.18.00,44415
Xinjiang,2030.04.15.19.00,44769
Xinjiang,2030.04.15.20.00,44781
Xinjiang,2030.04.15.21.00,44653
Xinjiang,2030.04.15.22.00,45110
Xinjiang,2030.04.15.23.00,45159
Xinjiang,2030.07.01.00.00,49549
Xinjiang,2030.07.01.01.00,48710
Xinjiang,2030.07.01.02.00,47580
Xinjiang,2030.07.01.03.00,47034
Xinjiang,2030.07.01.04.00,46716
Xinjiang,2030.07.01.05.00,46692
Xinjiang,2030.07.01.06.00,46700
Xinjiang,2030.07.01.07.00,46837
Xinjiang,2030.07.01.08.00,48026
Xinjiang,2030.07.01.09.00,48956
Xinjiang,2030.07.01.10.00,49516
Xinjiang,2030.07.01.11.00,50486
Xinjiang,2030.07.01.12.00,50946
Xinjiang,2030.07.01.13.00,51118
Xinjiang,2030.07.01.14.00,50734
Xinjiang,2030.07.01.15.00,50365
Xinjiang,2030.07.01.16.00,50591
Xinjiang,2030.07.01.17.00,50929
Xinjiang,2030.07.01.18.00,51104
Xinjiang,2030.07.01.19.00,51511
Xinjiang,2030.07.01.20.00,51525
Xinjiang,2030.07.01.21.00,51378
Xinjiang,2030.07.01.22.00,51904
Xinjiang,2030.07.01.23.00,51961
Xinjiang,2030.10.31.00.00,47061
Xinjiang,2030.10.31.01.00,46264
Xinjiang,2030.10.31.02.00,45191
Xinjiang,2030.10.31.03.00,44672
Xinjiang,2030.10.31.04.00,44370
Xinjiang,2030.10.31.05.00,44347
Xinjiang,2030.10.31.06.00,44355
Xinjiang,2030.10.31.07.00,44485
Xinjiang,2030.10.31.08.00,45613
Xinjiang,2030.10.31.09.00,46498
Xinjiang,2030.10.31.10.00,47029
Xinjiang,2030.10.31.11.00,47951
Xinjiang,2030.10.31.12.00,48387
Xinjiang,2030.10.31.13.00,48552
Xinjiang,2030.10.31.14.00,48187
Xinjiang,2030.10.31.15.00,47835
Xinjiang,2030.10.31.16.00,48051
Xinjiang,2030.10.31.17.00,48370
Xinjiang,2030.10.31.18.00,48539
Xinjiang,2030.10.31.19.00,48924
Xinjiang,2030.10.31.20.00,48939
Xinjiang,2030.10.31.21.00,48798
Xinjiang,2030.10.31.22.00,49298
Xinjiang,2030.10.31.23.00,49352
Xinjiang,2040.01.02.00.00,58698
Xinjiang,2040.01.02.01.00,57704
Xinjiang,2040.01.02.02.00,56366
Xinjiang,2040.01.02.03.00,55720
Xinjiang,2040.01.02.04.00,55342
Xinjiang,2040.01.02.05.00,55314
Xinjiang,2040.01.02.06.00,55323
Xinjiang,2040.01.02.07.00,55486
Xinjiang,2040.01.02.08.00,56894
Xinjiang,2040.01.02.09.00,57996
Xinjiang,2040.01.02.10.00,58659
Xinjiang,2040.01.02.11.00,59809
Xinjiang,2040.01.02.12.00,60352
Xinjiang,2040.01.02.13.00,60557
Xinjiang,2040.01.02.14.00,60102
Xinjiang,2040.01.02.15.00,59664
Xinjiang,2040.01.02.16.00,59933
Xinjiang,2040.01.02.17.00,60332
Xinjiang,2040.01.02.18.00,60541
Xinjiang,2040.01.02.19.00,61024
Xinjiang,2040.01.02.20.00,61040
Xinjiang,2040.01.02.21.00,60865
Xinjiang,2040.01.02.22.00,61489
Xinjiang,2040.01.02.23.00,61556
Xinjiang,2040.04.19.00.00,51236
Xinjiang,2040.04.19.01.00,50369
Xinjiang,2040.04.19.02.00,49200
Xinjiang,2040.04.19.03.00,48635
Xinjiang,2040.04.19.04.00,48306
Xinjiang,2040.04.19.05.00,48281
Xinjiang,2040.04.19.06.00,48289
Xinjiang,2040.04.19.07.00,48432
Xinjiang,2040.04.19.08.00,49660
Xinjiang,2040.04.19.09.00,50623
Xinjiang,2040.04.19.10.00,51202
Xinjiang,2040.04.19.11.00,52205
Xinjiang,2040.04.19.12.00,52680
Xinjiang,2040.04.19.13.00,52858
Xinjiang,2040.04.19.14.00,52461
Xinjiang,2040.04.19.15.00,52079
Xinjiang,2040.04.19.16.00,52314
Xinjiang,2040.04.19.17.00,52662
Xinjiang,2040.04.19.18.00,52844
Xinjiang,2040.04.19.19.00,53264
Xinjiang,2040.04.19.20.00,53280
Xinjiang,2040.04.19.21.00,53127
Xinjiang,2040.04.19.22.00,53671
Xinjiang,2040.04.19.23.00,53730
Xinjiang,2040.07.24.00.00,53981
Xinjiang,2040.07.24.01.00,53068
Xinjiang,2040.07.24.02.00,51836
Xinjiang,2040.07.24.03.00,51242
Xinjiang,2040.07.24.04.00,50894
Xinjiang,2040.07.24.05.00,50868
Xinjiang,2040.07.24.06.00,50877
Xinjiang,2040.07.24.07.00,51027
Xinjiang,2040.07.24.08.00,52321
Xinjiang,2040.07.24.09.00,53336
Xinjiang,2040.07.24.10.00,53946
Xinjiang,2040.07.24.11.00,55002
Xinjiang,2040.07.24.12.00,55502
Xinjiang,2040.07.24.13.00,55691
Xinjiang,2040.07.24.14.00,55273
Xinjiang,2040.07.24.15.00,54870
Xinjiang,2040.07.24.16.00,55117
Xinjiang,2040.07.24.17.00,55484
Xinjiang,2040.07.24.18.00,55676
Xinjiang,2040.07.24.19.00,56119
Xinjiang,2040.07.24.20.00,56135
Xinjiang,2040.07.24.21.00,55974
Xinjiang,2040.07.24.22.00,56547
Xinjiang,2040.07.24.23.00,56609
Xinjiang,2040.10.13.00.00,52638
Xinjiang,2040.10.13.01.00,51748
Xinjiang,2040.10.13.02.00,50547
Xinjiang,2040.10.13.03.00,49967
Xinjiang,2040.10.13.04.00,49628
Xinjiang,2040.10.13.05.00,49603
Xinjiang,2040.10.13.06.00,49612
Xinjiang,2040.10.13.07.00,49758
Xinjiang,2040.10.13.08.00,51019
Xinjiang,2040.10.13.09.00,52009
Xinjiang,2040.10.13.10.00,52603
Xinjiang,2040.10.13.11.00,53634
Xinjiang,2040.10.13.12.00,54122
Xinjiang,2040.10.13.13.00,54306
Xinjiang,2040.10.13.14.00,53898
Xinjiang,2040.10.13.15.00,53505
Xinjiang,2040.10.13.16.00,53746
Xinjiang,2040.10.13.17.00,54104
Xinjiang,2040.10.13.18.00,54291
Xinjiang,2040.10.13.19.00,54723
Xinjiang,2040.10.13.20.00,54738
Xinjiang,2040.10.13.21.00,54581
Xinjiang,2040.10.13.22.00,55140
Xinjiang,2040.10.13.23.00,55201
Xinjiang,2050.01.04.00.00,58727
Xinjiang,2050.01.04.01.00,57733
Xinjiang,2050.01.04.02.00,56394
Xinjiang,2050.01.04.03.00,55746
Xinjiang,2050.01.04.04.00,55369
Xinjiang,2050.01.04.05.00,55340
Xinjiang,2050.01.04.06.00,55350
Xinjiang,2050.01.04.07.00,55512
Xinjiang,2050.01.04.08.00,56921
Xinjiang,2050.01.04.09.00,58025
Xinjiang,2050.01.04.10.00,58688
Xinjiang,2050.01.04.11.00,59837
Xinjiang,2050.01.04.12.00,60382
Xinjiang,2050.01.04.13.00,60587
Xinjiang,2050.01.04.14.00,60132
Xinjiang,2050.01.04.15.00,59693
Xinjiang,2050.01.04.16.00,59963
Xinjiang,2050.01.04.17.00,60362
Xinjiang,2050.01.04.18.00,60571
Xinjiang,2050.01.04.19.00,61053
Xinjiang,2050.01.04.20.00,61069
Xinjiang,2050.01.04.21.00,60895
Xinjiang,2050.01.04.22.00,61518
Xinjiang,2050.01.04.23.00,61586
Xinjiang,2050.04.29.00.00,54889
Xinjiang,2050.04.29.01.00,53960
Xinjiang,2050.04.29.02.00,52709
Xinjiang,2050.04.29.03.00,52104
Xinjiang,2050.04.29.04.00,51751
Xinjiang,2050.04.29.05.00,51724
Xinjiang,2050.04.29.06.00,51732
Xinjiang,2050.04.29.07.00,51885
Xinjiang,2050.04.29.08.00,53201
Xinjiang,2050.04.29.09.00,54232
Xinjiang,2050.04.29.10.00,54853
Xinjiang,2050.04.29.11.00,55928
Xinjiang,2050.04.29.12.00,56437
Xinjiang,2050.04.29.13.00,56628
Xinjiang,2050.04.29.14.00,56202
Xinjiang,2050.04.29.15.00,55793
Xinjiang,2050.04.29.16.00,56044
Xinjiang,2050.04.29.17.00,56417
Xinjiang,2050.04.29.18.00,56612
Xinjiang,2050.04.29.19.00,57063
Xinjiang,2050.04.29.20.00,57079
Xinjiang,2050.04.29.21.00,56915
Xinjiang,2050.04.29.22.00,57498
Xinjiang,2050.04.29.23.00,57562
Xinjiang,2050.07.23.00.00,62003
Xinjiang,2050.07.23.01.00,60954
Xinjiang,2050.07.23.02.00,59539
Xinjiang,2050.07.23.03.00,58856
Xinjiang,2050.07.23.04.00,58458
Xinjiang,2050.07.23.05.00,58428
Xinjiang,2050.07.23.06.00,58438
Xinjiang,2050.07.23.07.00,58610
Xinjiang,2050.07.23.08.00,60096
Xinjiang,2050.07.23.09.00,61262
Xinjiang,2050.07.23.10.00,61962
Xinjiang,2050.07.23.11.00,63176
Xinjiang,2050.07.23.12.00,63751
Xinjiang,2050.07.23.13.00,63967
Xinjiang,2050.07.23.14.00,63487
Xinjiang,2050.07.23.15.00,63024
Xinjiang,2050.07.23.16.00,63307
Xinjiang,2050.07.23.17.00,63730
Xinjiang,2050.07.23.18.00,63950
Xinjiang,2050.07.23.19.00,64459
Xinjiang,2050.07.23.20.00,64477
Xinjiang,2050.07.23.21.00,64292
Xinjiang,2050.07.23.22.00,64951
Xinjiang,2050.07.23.23.00,65022
Xinjiang,2050.10.22.00.00,58250
Xinjiang,2050.10.22.01.00,57264
Xinjiang,2050.10.22.02.00,55936
Xinjiang,2050.10.22.03.00,55293
Xinjiang,2050.10.22.04.00,54919
Xinjiang,2050.10.22.05.00,54890
Xinjiang,2050.10.22.06.00,54900
Xinjiang,2050.10.22.07.00,55062
Xinjiang,2050.10.22.08.00,56459
Xinjiang,2050.10.22.09.00,57554
Xinjiang,2050.10.22.10.00,58211
Xinjiang,2050.10.22.11.00,59352
Xinjiang,2050.10.22.12.00,59891
Xinjiang,2050.10.22.13.00,60095
Xinjiang,2050.10.22.14.00,59643
Xinjiang,2050.10.22.15.00,59209
Xinjiang,2050.10.22.16.00,59475
Xinjiang,2050.10.22.17.00,59871
Xinjiang,2050.10.22.18.00,60079
Xinjiang,2050.10.22.19.00,60556
Xinjiang,2050.10.22.20.00,60574
Xinjiang,2050.10.22.21.00,60400
Xinjiang,2050.10.22.22.00,61018
Xinjiang,2050.10.22.23.00,61086
Yunnan,2030.01.28.00.00,24956
Yunnan,2030.01.28.01.00,24110
Yunnan,2030.01.28.02.00,23358
Yunnan,2030.01.28.03.00,23141
Yunnan,2030.01.28.04.00,22875
Yunnan,2030.01.28.05.00,22724
Yunnan,2030.01.28.06.00,23135
Yunnan,2030.01.28.07.00,25206
Yunnan,2030.01.28.08.00,27551
Yunnan,2030.01.28.09.00,30199
Yunnan,2030.01.28.10.00,31779
Yunnan,2030.01.28.11.00,32423
Yunnan,2030.01.28.12.00,31004
Yunnan,2030.01.28.13.00,28756
Yunnan,2030.01.28.14.00,28547
Yunnan,2030.01.28.15.00,29043
Yunnan,2030.01.28.16.00,29723
Yunnan,2030.01.28.17.00,31691
Yunnan,2030.01.28.18.00,32451
Yunnan,2030.01.28.19.00,31043
Yunnan,2030.01.28.20.00,30919
Yunnan,2030.01.28.21.00,31014
Yunnan,2030.01.28.22.00,29799
Yunnan,2030.01.28.23.00,27653
Yunnan,2030.04.15.00.00,25488
Yunnan,2030.04.15.01.00,24623
Yunnan,2030.04.15.02.00,23856
Yunnan,2030.04.15.03.00,23633
Yunnan,2030.04.15.04.00,23361
Yunnan,2030.04.15.05.00,23207
Yunnan,2030.04.15.06.00,23626
Yunnan,2030.04.15.07.00,25743
Yunnan,2030.04.15.08.00,28137
Yunnan,2030.04.15.09.00,30842
Yunnan,2030.04.15.10.00,32455
Yunnan,2030.04.15.11.00,33112
Yunnan,2030.04.15.12.00,31663
Yunnan,2030.04.15.13.00,29367
Yunnan,2030.04.15.14.00,29155
Yunnan,2030.04.15.15.00,29662
Yunnan,2030.04.15.16.00,30355
Yunnan,2030.04.15.17.00,32366
Yunnan,2030.04.15.18.00,33142
Yunnan,2030.04.15.19.00,31703
Yunnan,2030.04.15.20.00,31577
Yunnan,2030.04.15.21.00,31674
Yunnan,2030.04.15.22.00,30433
Yunnan,2030.04.15.23.00,28242
Yunnan,2030.07.01.00.00,24833
Yunnan,2030.07.01.01.00,23989
Yunnan,2030.07.01.02.00,23243
Yunnan,2030.07.01.03.00,23027
Yunnan,2030.07.01.04.00,22761
Yunnan,2030.07.01.05.00,22610
Yunnan,2030.07.01.06.00,23019
Yunnan,2030.07.01.07.00,25082
Yunnan,2030.07.01.08.00,27415
Yunnan,2030.07.01.09.00,30049
Yunnan,2030.07.01.10.00,31622
Yunnan,2030.07.01.11.00,32262
Yunnan,2030.07.01.12.00,30850
Yunnan,2030.07.01.13.00,28613
Yunnan,2030.07.01.14.00,28406
Yunnan,2030.07.01.15.00,28899
Yunnan,2030.07.01.16.00,29575
Yunnan,2030.07.01.17.00,31534
Yunnan,2030.07.01.18.00,32290
Yunnan,2030.07.01.19.00,30888
Yunnan,2030.07.01.20.00,30765
Yunnan,2030.07.01.21.00,30860
Yunnan,2030.07.01.22.00,29651
Yunnan,2030.07.01.23.00,27516
Yunnan,2030.10.31.00.00,28286
Yunnan,2030.10.31.01.00,27325
Yunnan,2030.10.31.02.00,26474
Yunnan,2030.10.31.03.00,26228
Yunnan,2030.10.31.04.00,25926
Yunnan,2030.10.31.05.00,25754
Yunnan,2030.10.31.06.00,26220
Yunnan,2030.10.31.07.00,28569
Yunnan,2030.10.31.08.00,31226
Yunnan,2030.10.31.09.00,34227
Yunnan,2030.10.31.10.00,36018
Yunnan,2030.10.31.11.00,36748
Yunnan,2030.10.31.12.00,35139
Yunnan,2030.10.31.13.00,32591
Yunnan,2030.10.31.14.00,32355
Yunnan,2030.10.31.15.00,32917
Yunnan,2030.10.31.16.00,33688
Yunnan,2030.10.31.17.00,35918
Yunnan,2030.10.31.18.00,36780
Yunnan,2030.10.31.19.00,35183
Yunnan,2030.10.31.20.00,35043
Yunnan,2030.10.31.21.00,35151
Yunnan,2030.10.31.22.00,33774
Yunnan,2030.10.31.23.00,31342
Yunnan,2040.01.02.00.00,33449
Yunnan,2040.01.02.01.00,32314
Yunnan,2040.01.02.02.00,31307
Yunnan,2040.01.02.03.00,31016
Yunnan,2040.01.02.04.00,30659
Yunnan,2040.01.02.05.00,30456
Yunnan,2040.01.02.06.00,31007
Yunnan,2040.01.02.07.00,33784
Yunnan,2040.01.02.08.00,36926
Yunnan,2040.01.02.09.00,40477
Yunnan,2040.01.02.10.00,42594
Yunnan,2040.01.02.11.00,43456
Yunnan,2040.01.02.12.00,41554
Yunnan,2040.01.02.13.00,38541
Yunnan,2040.01.02.14.00,38261
Yunnan,2040.01.02.15.00,38926
Yunnan,2040.01.02.16.00,39837
Yunnan,2040.01.02.17.00,42476
Yunnan,2040.01.02.18.00,43494
Yunnan,2040.01.02.19.00,41606
Yunnan,2040.01.02.20.00,41441
Yunnan,2040.01.02.21.00,41568
Yunnan,2040.01.02.22.00,39939
Yunnan,2040.01.02.23.00,37063
Yunnan,2040.04.19.00.00,30486
Yunnan,2040.04.19.01.00,29451
Yunnan,2040.04.19.02.00,28533
Yunnan,2040.04.19.03.00,28268
Yunnan,2040.04.19.04.00,27943
Yunnan,2040.04.19.05.00,27758
Yunnan,2040.04.19.06.00,28260
Yunnan,2040.04.19.07.00,30792
Yunnan,2040.04.19.08.00,33656
Yunnan,2040.04.19.09.00,36891
Yunnan,2040.04.19.10.00,38821
Yunnan,2040.04.19.11.00,39607
Yunnan,2040.04.19.12.00,37873
Yunnan,2040.04.19.13.00,35127
Yunnan,2040.04.19.14.00,34873
Yunnan,2040.04.19.15.00,35479
Yunnan,2040.04.19.16.00,36309
Yunnan,2040.04.19.17.00,38713
Yunnan,2040.04.19.18.00,39641
Yunnan,2040.04.19.19.00,37921
Yunnan,2040.04.19.20.00,37770
Yunnan,2040.04.19.21.00,37886
Yunnan,2040.04.19.22.00,36402
Yunnan,2040.04.19.23.00,33780
Yunnan,2040.07.24.00.00,28516
Yunnan,2040.07.24.01.00,27548
Yunnan,2040.07.24.02.00,26690
Yunnan,2040.07.24.03.00,26442
Yunnan,2040.07.24.04.00,26138
Yunnan,2040.07.24.05.00,25965
Yunnan,2040.07.24.06.00,26434
Yunnan,2040.07.24.07.00,28803
Yunnan,2040.07.24.08.00,31481
Yunnan,2040.07.24.09.00,34508
Yunnan,2040.07.24.10.00,36313
Yunnan,2040.07.24.11.00,37048
Yunnan,2040.07.24.12.00,35427
Yunnan,2040.07.24.13.00,32857
Yunnan,2040.07.24.14.00,32620
Yunnan,2040.07.24.15.00,33187
Yunnan,2040.07.24.16.00,33963
Yunnan,2040.07.24.17.00,36212
Yunnan,2040.07.24.18.00,37080
Yunnan,2040.07.24.19.00,35471
Yunnan,2040.07.24.20.00,35330
Yunnan,2040.07.24.21.00,35438
Yunnan,2040.07.24.22.00,34050
Yunnan,2040.07.24.23.00,31598
Yunnan,2040.10.13.00.00,32765
Yunnan,2040.10.13.01.00,31654
Yunnan,2040.10.13.02.00,30667
Yunnan,2040.10.13.03.00,30383
Yunnan,2040.10.13.04.00,30033
Yunnan,2040.10.13.05.00,29834
Yunnan,2040.10.13.06.00,30374
Yunnan,2040.10.13.07.00,33095
Yunnan,2040.10.13.08.00,36172
Yunnan,2040.10.13.09.00,39649
Yunnan,2040.10.13.10.00,41724
Yunnan,2040.10.13.11.00,42569
Yunnan,2040.10.13.12.00,40705
Yunnan,2040.10.13.13.00,37754
Yunnan,2040.10.13.14.00,37481
Yunnan,2040.10.13.15.00,38132
Yunnan,2040.10.13.16.00,39024
Yunnan,2040.10.13.17.00,41608
Yunnan,2040.10.13.18.00,42606
Yunnan,2040.10.13.19.00,40756
Yunnan,2040.10.13.20.00,40594
Yunnan,2040.10.13.21.00,40719
Yunnan,2040.10.13.22.00,39124
Yunnan,2040.10.13.23.00,36307
Yunnan,2050.01.04.00.00,34309
Yunnan,2050.01.04.01.00,33144
Yunnan,2050.01.04.02.00,32112
Yunnan,2050.01.04.03.00,31813
Yunnan,2050.01.04.04.00,31447
Yunnan,2050.01.04.05.00,31239
Yunnan,2050.01.04.06.00,31804
Yunnan,2050.01.04.07.00,34652
Yunnan,2050.01.04.08.00,37876
Yunnan,2050.01.04.09.00,41517
Yunnan,2050.01.04.10.00,43689
Yunnan,2050.01.04.11.00,44573
Yunnan,2050.01.04.12.00,42622
Yunnan,2050.01.04.13.00,39531
Yunnan,2050.01.04.14.00,39246
Yunnan,2050.01.04.15.00,39927
Yunnan,2050.01.04.16.00,40861
Yunnan,2050.01.04.17.00,43567
Yunnan,2050.01.04.18.00,44613
Yunnan,2050.01.04.19.00,42676
Yunnan,2050.01.04.20.00,42505
Yunnan,2050.01.04.21.00,42636
Yunnan,2050.01.04.22.00,40966
Yunnan,2050.01.04.23.00,38016
Yunnan,2050.04.29.00.00,32201
Yunnan,2050.04.29.01.00,31109
Yunnan,2050.04.29.02.00,30140
Yunnan,2050.04.29.03.00,29859
Yunnan,2050.04.29.04.00,29516
Yunnan,2050.04.29.05.00,29320
Yunnan,2050.04.29.06.00,29850
Yunnan,2050.04.29.07.00,32525
Yunnan,2050.04.29.08.00,35550
Yunnan,2050.04.29.09.00,38967
Yunnan,2050.04.29.10.00,41006
Yunnan,2050.04.29.11.00,41836
Yunnan,2050.04.29.12.00,40004
Yunnan,2050.04.29.13.00,37104
Yunnan,2050.04.29.14.00,36835
Yunnan,2050.04.29.15.00,37475
Yunnan,2050.04.29.16.00,38352
Yunnan,2050.04.29.17.00,40892
Yunnan,2050.04.29.18.00,41872
Yunnan,2050.04.29.19.00,40054
Yunnan,2050.04.29.20.00,39895
Yunnan,2050.04.29.21.00,40018
Yunnan,2050.04.29.22.00,38450
Yunnan,2050.04.29.23.00,35682
Yunnan,2050.07.23.00.00,32814
Yunnan,2050.07.23.01.00,31701
Yunnan,2050.07.23.02.00,30713
Yunnan,2050.07.23.03.00,30428
Yunnan,2050.07.23.04.00,30078
Yunnan,2050.07.23.05.00,29878
Yunnan,2050.07.23.06.00,30418
Yunnan,2050.07.23.07.00,33144
Yunnan,2050.07.23.08.00,36226
Yunnan,2050.07.23.09.00,39709
Yunnan,2050.07.23.10.00,41785
Yunnan,2050.07.23.11.00,42632
Yunnan,2050.07.23.12.00,40765
Yunnan,2050.07.23.13.00,37809
Yunnan,2050.07.23.14.00,37536
Yunnan,2050.07.23.15.00,38188
Yunnan,2050.07.23.16.00,39082
Yunnan,2050.07.23.17.00,41670
Yunnan,2050.07.23.18.00,42670
Yunnan,2050.07.23.19.00,40816
Yunnan,2050.07.23.20.00,40654
Yunnan,2050.07.23.21.00,40780
Yunnan,2050.07.23.22.00,39182
Yunnan,2050.07.23.23.00,36360
Yunnan,2050.10.22.00.00,34975
Yunnan,2050.10.22.01.00,33788
Yunnan,2050.10.22.02.00,32735
Yunnan,2050.10.22.03.00,32431
Yunnan,2050.10.22.04.00,32058
Yunnan,2050.10.22.05.00,31844
Yunnan,2050.10.22.06.00,32421
Yunnan,2050.10.22.07.00,35326
Yunnan,2050.10.22.08.00,38610
Yunnan,2050.10.22.09.00,42322
Yunnan,2050.10.22.10.00,44536
Yunnan,2050.10.22.11.00,45438
Yunnan,2050.10.22.12.00,43449
Yunnan,2050.10.22.13.00,40298
Yunnan,2050.10.22.14.00,40006
Yunnan,2050.10.22.15.00,40702
Yunnan,2050.10.22.16.00,41655
Yunnan,2050.10.22.17.00,44413
Yunnan,2050.10.22.18.00,45478
Yunnan,2050.10.22.19.00,43503
Yunnan,2050.10.22.20.00,43331
Yunnan,2050.10.22.21.00,43463
Yunnan,2050.10.22.22.00,41761
Yunnan,2050.10.22.23.00,38754
Zhejiang,2030.01.28.00.00,84206
Zhejiang,2030.01.28.01.00,80998
Zhejiang,2030.01.28.02.00,77739
Zhejiang,2030.01.28.03.00,75050
Zhejiang,2030.01.28.04.00,73359
Zhejiang,2030.01.28.05.00,73071
Zhejiang,2030.01.28.06.00,74696
Zhejiang,2030.01.28.07.00,80029
Zhejiang,2030.01.28.08.00,93241
Zhejiang,2030.01.28.09.00,102380
Zhejiang,2030.01.28.10.00,107182
Zhejiang,2030.01.28.11.00,105833
Zhejiang,2030.01.28.12.00,100513
Zhejiang,2030.01.28.13.00,107170
Zhejiang,2030.01.28.14.00,109812
Zhejiang,2030.01.28.15.00,109270
Zhejiang,2030.01.28.16.00,108822
Zhejiang,2030.01.28.17.00,103794
Zhejiang,2030.01.28.18.00,95077
Zhejiang,2030.01.28.19.00,94014
Zhejiang,2030.01.28.20.00,96384
Zhejiang,2030.01.28.21.00,96988
Zhejiang,2030.01.28.22.00,96295
Zhejiang,2030.01.28.23.00,92870
Zhejiang,2030.04.15.00.00,75158
Zhejiang,2030.04.15.01.00,72295
Zhejiang,2030.04.15.02.00,69386
Zhejiang,2030.04.15.03.00,66985
Zhejiang,2030.04.15.04.00,65477
Zhejiang,2030.04.15.05.00,65219
Zhejiang,2030.04.15.06.00,66669
Zhejiang,2030.04.15.07.00,71431
Zhejiang,2030.04.15.08.00,83222
Zhejiang,2030.04.15.09.00,91380
Zhejiang,2030.04.15.10.00,95665
Zhejiang,2030.04.15.11.00,94460
Zhejiang,2030.04.15.12.00,89712
Zhejiang,2030.04.15.13.00,95655
Zhejiang,2030.04.15.14.00,98013
Zhejiang,2030.04.15.15.00,97528
Zhejiang,2030.04.15.16.00,97128
Zhejiang,2030.04.15.17.00,92642
Zhejiang,2030.04.15.18.00,84861
Zhejiang,2030.04.15.19.00,83912
Zhejiang,2030.04.15.20.00,86027
Zhejiang,2030.04.15.21.00,86566
Zhejiang,2030.04.15.22.00,85947
Zhejiang,2030.04.15.23.00,82890
Zhejiang,2030.07.01.00.00,98348
Zhejiang,2030.07.01.01.00,94602
Zhejiang,2030.07.01.02.00,90796
Zhejiang,2030.07.01.03.00,87655
Zhejiang,2030.07.01.04.00,85681
Zhejiang,2030.07.01.05.00,85343
Zhejiang,2030.07.01.06.00,87242
Zhejiang,2030.07.01.07.00,93471
Zhejiang,2030.07.01.08.00,108901
Zhejiang,2030.07.01.09.00,119576
Zhejiang,2030.07.01.10.00,125184
Zhejiang,2030.07.01.11.00,123608
Zhejiang,2030.07.01.12.00,117395
Zhejiang,2030.07.01.13.00,125170
Zhejiang,2030.07.01.14.00,128256
Zhejiang,2030.07.01.15.00,127622
Zhejiang,2030.07.01.16.00,127099
Zhejiang,2030.07.01.17.00,121227
Zhejiang,2030.07.01.18.00,111046
Zhejiang,2030.07.01.19.00,109804
Zhejiang,2030.07.01.20.00,112572
Zhejiang,2030.07.01.21.00,113278
Zhejiang,2030.07.01.22.00,112468
Zhejiang,2030.07.01.23.00,108468
Zhejiang,2030.10.31.00.00,74431
Zhejiang,2030.10.31.01.00,71596
Zhejiang,2030.10.31.02.00,68715
Zhejiang,2030.10.31.03.00,66338
Zhejiang,2030.10.31.04.00,64843
Zhejiang,2030.10.31.05.00,64588
Zhejiang,2030.10.31.06.00,66025
Zhejiang,2030.10.31.07.00,70740
Zhejiang,2030.10.31.08.00,82417
Zhejiang,2030.10.31.09.00,90496
Zhejiang,2030.10.31.10.00,94740
Zhejiang,2030.10.31.11.00,93547
Zhejiang,2030.10.31.12.00,88845
Zhejiang,2030.10.31.13.00,94729
Zhejiang,2030.10.31.14.00,97065
Zhejiang,2030.10.31.15.00,96586
Zhejiang,2030.10.31.16.00,96190
Zhejiang,2030.10.31.17.00,91746
Zhejiang,2030.10.31.18.00,84041
Zhejiang,2030.10.31.19.00,83100
Zhejiang,2030.10.31.20.00,85196
Zhejiang,2030.10.31.21.00,85729
Zhejiang,2030.10.31.22.00,85117
Zhejiang,2030.10.31.23.00,82090
Zhejiang,2040.01.02.00.00,93122
Zhejiang,2040.01.02.01.00,89575
Zhejiang,2040.01.02.02.00,85971
Zhejiang,2040.01.02.03.00,82997
Zhejiang,2040.01.02.04.00,81128
Zhejiang,2040.01.02.05.00,80807
Zhejiang,2040.01.02.06.00,82606
Zhejiang,2040.01.02.07.00,88504
Zhejiang,2040.01.02.08.00,103115
Zhejiang,2040.01.02.09.00,113222
Zhejiang,2040.01.02.10.00,118531
Zhejiang,2040.01.02.11.00,117039
Zhejiang,2040.01.02.12.00,111157
Zhejiang,2040.01.02.13.00,118518
Zhejiang,2040.01.02.14.00,121440
Zhejiang,2040.01.02.15.00,120840
Zhejiang,2040.01.02.16.00,120346
Zhejiang,2040.01.02.17.00,114785
Zhejiang,2040.01.02.18.00,105146
Zhejiang,2040.01.02.19.00,103970
Zhejiang,2040.01.02.20.00,106590
Zhejiang,2040.01.02.21.00,107258
Zhejiang,2040.01.02.22.00,106491
Zhejiang,2040.01.02.23.00,102704
Zhejiang,2040.04.19.00.00,92704
Zhejiang,2040.04.19.01.00,89172
Zhejiang,2040.04.19.02.00,85585
Zhejiang,2040.04.19.03.00,82624
Zhejiang,2040.04.19.04.00,80764
Zhejiang,2040.04.19.05.00,80445
Zhejiang,2040.04.19.06.00,82234
Zhejiang,2040.04.19.07.00,88107
Zhejiang,2040.04.19.08.00,102652
Zhejiang,2040.04.19.09.00,112713
Zhejiang,2040.04.19.10.00,117999
Zhejiang,2040.04.19.11.00,116514
Zhejiang,2040.04.19.12.00,110657
Zhejiang,2040.04.19.13.00,117986
Zhejiang,2040.04.19.14.00,120896
Zhejiang,2040.04.19.15.00,120298
Zhejiang,2040.04.19.16.00,119805
Zhejiang,2040.04.19.17.00,114270
Zhejiang,2040.04.19.18.00,104673
Zhejiang,2040.04.19.19.00,103502
Zhejiang,2040.04.19.20.00,106112
Zhejiang,2040.04.19.21.00,106777
Zhejiang,2040.04.19.22.00,106013
Zhejiang,2040.04.19.23.00,102243
Zhejiang,2040.07.24.00.00,108749
Zhejiang,2040.07.24.01.00,104606
Zhejiang,2040.07.24.02.00,100398
Zhejiang,2040.07.24.03.00,96924
Zhejiang,2040.07.24.04.00,94742
Zhejiang,2040.07.24.05.00,94368
Zhejiang,2040.07.24.06.00,96468
Zhejiang,2040.07.24.07.00,103356
Zhejiang,2040.07.24.08.00,120418
Zhejiang,2040.07.24.09.00,132222
Zhejiang,2040.07.24.10.00,138422
Zhejiang,2040.07.24.11.00,136679
Zhejiang,2040.07.24.12.00,129809
Zhejiang,2040.07.24.13.00,138407
Zhejiang,2040.07.24.14.00,141819
Zhejiang,2040.07.24.15.00,141118
Zhejiang,2040.07.24.16.00,140541
Zhejiang,2040.07.24.17.00,134046
Zhejiang,2040.07.24.18.00,122790
Zhejiang,2040.07.24.19.00,121417
Zhejiang,2040.07.24.20.00,124477
Zhejiang,2040.07.24.21.00,125257
Zhejiang,2040.07.24.22.00,124361
Zhejiang,2040.07.24.23.00,119938
Zhejiang,2040.10.13.00.00,91662
Zhejiang,2040.10.13.01.00,88171
Zhejiang,2040.10.13.02.00,84623
Zhejiang,2040.10.13.03.00,81696
Zhejiang,2040.10.13.04.00,79856
Zhejiang,2040.10.13.05.00,79542
Zhejiang,2040.10.13.06.00,81310
Zhejiang,2040.10.13.07.00,87116
Zhejiang,2040.10.13.08.00,101498
Zhejiang,2040.10.13.09.00,111447
Zhejiang,2040.10.13.10.00,116673
Zhejiang,2040.10.13.11.00,115205
Zhejiang,2040.10.13.12.00,109413
Zhejiang,2040.10.13.13.00,116660
Zhejiang,2040.10.13.14.00,119537
Zhejiang,2040.10.13.15.00,118946
Zhejiang,2040.10.13.16.00,118459
Zhejiang,2040.10.13.17.00,112985
Zhejiang,2040.10.13.18.00,103497
Zhejiang,2040.10.13.19.00,102340
Zhejiang,2040.10.13.20.00,104919
Zhejiang,2040.10.13.21.00,105577
Zhejiang,2040.10.13.22.00,104822
Zhejiang,2040.10.13.23.00,101094
Zhejiang,2050.01.04.00.00,109868
Zhejiang,2050.01.04.01.00,105683
Zhejiang,2050.01.04.02.00,101431
Zhejiang,2050.01.04.03.00,97922
Zhejiang,2050.01.04.04.00,95716
Zhejiang,2050.01.04.05.00,95339
Zhejiang,2050.01.04.06.00,97460
Zhejiang,2050.01.04.07.00,104419
Zhejiang,2050.01.04.08.00,121656
Zhejiang,2050.01.04.09.00,133581
Zhejiang,2050.01.04.10.00,139846
Zhejiang,2050.01.04.11.00,138086
Zhejiang,2050.01.04.12.00,131144
Zhejiang,2050.01.04.13.00,139831
Zhejiang,2050.01.04.14.00,143278
Zhejiang,2050.01.04.15.00,142571
Zhejiang,2050.01.04.16.00,141986
Zhejiang,2050.01.04.17.00,135425
Zhejiang,2050.01.04.18.00,124053
Zhejiang,2050.01.04.19.00,122665
Zhejiang,2050.01.04.20.00,125757
Zhejiang,2050.01.04.21.00,126545
Zhejiang,2050.01.04.22.00,125641
Zhejiang,2050.01.04.23.00,121172
Zhejiang,2050.04.29.00.00,97558
Zhejiang,2050.04.29.01.00,93841
Zhejiang,2050.04.29.02.00,90066
Zhejiang,2050.04.29.03.00,86950
Zhejiang,2050.04.29.04.00,84992
Zhejiang,2050.04.29.05.00,84657
Zhejiang,2050.04.29.06.00,86540
Zhejiang,2050.04.29.07.00,92719
Zhejiang,2050.04.29.08.00,108026
Zhejiang,2050.04.29.09.00,118615
Zhejiang,2050.04.29.10.00,124177
Zhejiang,2050.04.29.11.00,122614
Zhejiang,2050.04.29.12.00,116450
Zhejiang,2050.04.29.13.00,124164
Zhejiang,2050.04.29.14.00,127225
Zhejiang,2050.04.29.15.00,126596
Zhejiang,2050.04.29.16.00,126077
Zhejiang,2050.04.29.17.00,120252
Zhejiang,2050.04.29.18.00,110154
Zhejiang,2050.04.29.19.00,108922
Zhejiang,2050.04.29.20.00,111667
Zhejiang,2050.04.29.21.00,112367
Zhejiang,2050.04.29.22.00,111564
Zhejiang,2050.04.29.23.00,107596
Zhejiang,2050.07.23.00.00,118985
Zhejiang,2050.07.23.01.00,114453
Zhejiang,2050.07.23.02.00,109848
Zhejiang,2050.07.23.03.00,106048
Zhejiang,2050.07.23.04.00,103660
Zhejiang,2050.07.23.05.00,103251
Zhejiang,2050.07.23.06.00,105548
Zhejiang,2050.07.23.07.00,113084
Zhejiang,2050.07.23.08.00,131752
Zhejiang,2050.07.23.09.00,144668
Zhejiang,2050.07.23.10.00,151452
Zhejiang,2050.07.23.11.00,149545
Zhejiang,2050.07.23.12.00,142028
Zhejiang,2050.07.23.13.00,151434
Zhejiang,2050.07.23.14.00,155169
Zhejiang,2050.07.23.15.00,154401
Zhejiang,2050.07.23.16.00,153769
Zhejiang,2050.07.23.17.00,146665
Zhejiang,2050.07.23.18.00,134348
Zhejiang,2050.07.23.19.00,132845
Zhejiang,2050.07.23.20.00,136193
Zhejiang,2050.07.23.21.00,137047
Zhejiang,2050.07.23.22.00,136068
Zhejiang,2050.07.23.23.00,131228
Zhejiang,2050.10.22.00.00,96541
Zhejiang,2050.10.22.01.00,92864
Zhejiang,2050.10.22.02.00,89128
Zhejiang,2050.10.22.03.00,86044
Zhejiang,2050.10.22.04.00,84106
Zhejiang,2050.10.22.05.00,83775
Zhejiang,2050.10.22.06.00,85638
Zhejiang,2050.10.22.07.00,91753
Zhejiang,2050.10.22.08.00,106900
Zhejiang,2050.10.22.09.00,117379
Zhejiang,2050.10.22.10.00,122883
Zhejiang,2050.10.22.11.00,121336
Zhejiang,2050.10.22.12.00,115238
Zhejiang,2050.10.22.13.00,122870
Zhejiang,2050.10.22.14.00,125900
Zhejiang,2050.10.22.15.00,125277
Zhejiang,2050.10.22.16.00,124764
Zhejiang,2050.10.22.17.00,118999
Zhejiang,2050.10.22.18.00,109006
Zhejiang,2050.10.22.19.00,107786
Zhejiang,2050.10.22.20.00,110504
Zhejiang,2050.10.22.21.00,111196
Zhejiang,2050.10.22.22.00,110402
Zhejiang,2050.10.22.23.00,106475
