GENERATION_PROJECT,gen_tech,gen_energy_source,gen_load_zone,gen_max_age,gen_is_variable,gen_is_flexible_baseload,gen_is_baseload,gen_can_provide_spinning_reserves,gen_can_provide_quickstart_reserves,gen_full_load_heat_rate,gen_variable_om,gen_connect_cost_per_mw,gen_scheduled_outage_rate,gen_forced_outage_rate,gen_capacity_limit_mw,gen_min_build_capacity,gen_is_cogen,gen_storage_efficiency,gen_store_to_release_ratio,gen_storage_energy_to_power_ratio,gen_min_load_fraction,gen_is_pumped_hydro
Anhui-Coal-SUBCRITICAL,Coal-SUBCRITICAL,Coal,Anhui,30,FALSE,TRUE,FALSE,FALSE,FALSE,9.222,0,0,0.52,0.05,.,0,FALSE,.,.,.,0.5,FALSE
Anhui-Coal-SUBCRITICAL_EP,Coal-SUBCRITICAL_EP,Coal,Anhui,30,FALSE,TRUE,FALSE,FALSE,FALSE,9.222,0,0,0.52,0.05,2957.95,0,FALSE,.,.,.,0.5,FALSE
Anhui-Coal-SUPERCRITICAL,Coal-SUPERCRITICAL,Coal,Anhui,40,FALSE,TRUE,FALSE,FALSE,FALSE,8.322292683,0,0,0.32,0.05,.,0,FALSE,.,.,.,0.5,FALSE
Anhui-Coal-SUPERCRITICAL_EP,Coal-SUPERCRITICAL_EP,Coal,Anhui,40,FALSE,TRUE,FALSE,FALSE,FALSE,8.322292683,0,0,0.32,0.05,38600,0,FALSE,.,.,.,0.5,FALSE
Anhui-Coal-ULTRASUPERCRITICAL,Coal-ULTRASUPERCRITICAL,Coal,Anhui,40,FALSE,TRUE,FALSE,FALSE,FALSE,7.420033775,0,0,0.32,0.05,.,0,FALSE,.,.,.,0.5,FALSE
Anhui-Coal-ULTRASUPERCRITICAL_EP,Coal-ULTRASUPERCRITICAL_EP,Coal,Anhui,40,FALSE,TRUE,FALSE,FALSE,FALSE,7.420033775,0,0,0.32,0.05,9050,0,FALSE,.,.,.,0.5,FALSE
Anhui-Coal-IGCC,Coal-IGCC,Coal,Anhui,40,FALSE,TRUE,FALSE,FALSE,FALSE,7.317010225,0,0,0.32,0.05,.,0,FALSE,.,.,.,0.5,FALSE
Anhui-Coal-IGCC_EP,Coal-IGCC_EP,Coal,Anhui,40,FALSE,TRUE,FALSE,FALSE,FALSE,7.317010225,0,0,0.32,0.05,0,0,FALSE,.,.,.,0.5,FALSE
Anhui-Gas-CCGT,Gas-CCGT,Gas,Anhui,20,FALSE,FALSE,FALSE,TRUE,TRUE,5.884166221,0,0,0.65,0.0224,.,0,FALSE,.,.,.,0.4,FALSE
Anhui-Gas-CCGT_EP,Gas-CCGT_EP,Gas,Anhui,20,FALSE,FALSE,FALSE,TRUE,TRUE,5.884166221,0,0,0.65,0.0224,0,0,FALSE,.,.,.,0.4,FALSE
Anhui-Gas-turbine,Gas-turbine,Gas,Anhui,20,FALSE,FALSE,FALSE,TRUE,TRUE,8.610652824,0,0,0.0318,0.0413,.,0,FALSE,.,.,.,0.25,FALSE
Anhui-Gas-turbine_EP,Gas-turbine_EP,Gas,Anhui,20,FALSE,FALSE,FALSE,TRUE,TRUE,8.610652824,0,0,0.0318,0.0413,0,0,FALSE,.,.,.,0.25,FALSE
Anhui-Nuclear,Nuclear,Uranium,Anhui,40,FALSE,FALSE,TRUE,FALSE,FALSE,10.33981818,0,0,0.1112,0.0272,.,0,FALSE,.,.,.,1,FALSE
Anhui-Nuclear_EP,Nuclear_EP,Uranium,Anhui,40,FALSE,FALSE,TRUE,FALSE,FALSE,10.33981818,0,0,0.1112,0.0272,0,0,FALSE,.,.,.,1,FALSE
Beijing-Coal-SUBCRITICAL,Coal-SUBCRITICAL,Coal,Beijing,30,FALSE,TRUE,FALSE,FALSE,FALSE,9.222,0,0,0.52,0.05,.,0,FALSE,.,.,.,0.5,FALSE
Beijing-Coal-SUBCRITICAL_EP,Coal-SUBCRITICAL_EP,Coal,Beijing,30,FALSE,TRUE,FALSE,FALSE,FALSE,9.222,0,0,0.52,0.05,2050,0,FALSE,.,.,.,0.5,FALSE
Beijing-Coal-SUPERCRITICAL,Coal-SUPERCRITICAL,Coal,Beijing,40,FALSE,TRUE,FALSE,FALSE,FALSE,8.322292683,0,0,0.32,0.05,.,0,FALSE,.,.,.,0.5,FALSE
Beijing-Coal-SUPERCRITICAL_EP,Coal-SUPERCRITICAL_EP,Coal,Beijing,40,FALSE,TRUE,FALSE,FALSE,FALSE,8.322292683,0,0,0.32,0.05,0,0,FALSE,.,.,.,0.5,FALSE
Beijing-Coal-ULTRASUPERCRITICAL,Coal-ULTRASUPERCRITICAL,Coal,Beijing,40,FALSE,TRUE,FALSE,FALSE,FALSE,7.420033775,0,0,0.32,0.05,.,0,FALSE,.,.,.,0.5,FALSE
Beijing-Coal-ULTRASUPERCRITICAL_EP,Coal-ULTRASUPERCRITICAL_EP,Coal,Beijing,40,FALSE,TRUE,FALSE,FALSE,FALSE,7.420033775,0,0,0.32,0.05,0,0,FALSE,.,.,.,0.5,FALSE
Beijing-Coal-IGCC,Coal-IGCC,Coal,Beijing,40,FALSE,TRUE,FALSE,FALSE,FALSE,7.317010225,0,0,0.32,0.05,.,0,FALSE,.,.,.,0.5,FALSE
Beijing-Coal-IGCC_EP,Coal-IGCC_EP,Coal,Beijing,40,FALSE,TRUE,FALSE,FALSE,FALSE,7.317010225,0,0,0.32,0.05,0,0,FALSE,.,.,.,0.5,FALSE
Beijing-Gas-CCGT,Gas-CCGT,Gas,Beijing,20,FALSE,FALSE,FALSE,TRUE,TRUE,5.884166221,0,0,0.65,0.0224,.,0,FALSE,.,.,.,0.4,FALSE
Beijing-Gas-CCGT_EP,Gas-CCGT_EP,Gas,Beijing,20,FALSE,FALSE,FALSE,TRUE,TRUE,5.884166221,0,0,0.65,0.0224,9376.38,0,FALSE,.,.,.,0.4,FALSE
Beijing-Gas-turbine,Gas-turbine,Gas,Beijing,20,FALSE,FALSE,FALSE,TRUE,TRUE,8.610652824,0,0,0.0318,0.0413,.,0,FALSE,.,.,.,0.25,FALSE
Beijing-Gas-turbine_EP,Gas-turbine_EP,Gas,Beijing,20,FALSE,FALSE,FALSE,TRUE,TRUE,8.610652824,0,0,0.0318,0.0413,0,0,FALSE,.,.,.,0.25,FALSE
Beijing-Nuclear,Nuclear,Uranium,Beijing,40,FALSE,FALSE,TRUE,FALSE,FALSE,10.33981818,0,0,0.1112,0.0272,.,0,FALSE,.,.,.,1,FALSE
Beijing-Nuclear_EP,Nuclear_EP,Uranium,Beijing,40,FALSE,FALSE,TRUE,FALSE,FALSE,10.33981818,0,0,0.1112,0.0272,0,0,FALSE,.,.,.,1,FALSE
Chongqing-Coal-SUBCRITICAL,Coal-SUBCRITICAL,Coal,Chongqing,30,FALSE,TRUE,FALSE,FALSE,FALSE,9.222,0,0,0.52,0.05,.,0,FALSE,.,.,.,0.5,FALSE
Chongqing-Coal-SUBCRITICAL_EP,Coal-SUBCRITICAL_EP,Coal,Chongqing,30,FALSE,TRUE,FALSE,FALSE,FALSE,9.222,0,0,0.52,0.05,1767,0,FALSE,.,.,.,0.5,FALSE
Chongqing-Coal-SUPERCRITICAL,Coal-SUPERCRITICAL,Coal,Chongqing,40,FALSE,TRUE,FALSE,FALSE,FALSE,8.322292683,0,0,0.32,0.05,.,0,FALSE,.,.,.,0.5,FALSE
Chongqing-Coal-SUPERCRITICAL_EP,Coal-SUPERCRITICAL_EP,Coal,Chongqing,40,FALSE,TRUE,FALSE,FALSE,FALSE,8.322292683,0,0,0.32,0.05,11260,0,FALSE,.,.,.,0.5,FALSE
Chongqing-Coal-ULTRASUPERCRITICAL,Coal-ULTRASUPERCRITICAL,Coal,Chongqing,40,FALSE,TRUE,FALSE,FALSE,FALSE,7.420033775,0,0,0.32,0.05,.,0,FALSE,.,.,.,0.5,FALSE
Chongqing-Coal-ULTRASUPERCRITICAL_EP,Coal-ULTRASUPERCRITICAL_EP,Coal,Chongqing,40,FALSE,TRUE,FALSE,FALSE,FALSE,7.420033775,0,0,0.32,0.05,2100,0,FALSE,.,.,.,0.5,FALSE
Chongqing-Coal-IGCC,Coal-IGCC,Coal,Chongqing,40,FALSE,TRUE,FALSE,FALSE,FALSE,7.317010225,0,0,0.32,0.05,.,0,FALSE,.,.,.,0.5,FALSE
Chongqing-Coal-IGCC_EP,Coal-IGCC_EP,Coal,Chongqing,40,FALSE,TRUE,FALSE,FALSE,FALSE,7.317010225,0,0,0.32,0.05,0,0,FALSE,.,.,.,0.5,FALSE
Chongqing-Gas-CCGT,Gas-CCGT,Gas,Chongqing,20,FALSE,FALSE,FALSE,TRUE,TRUE,5.884166221,0,0,0.65,0.0224,.,0,FALSE,.,.,.,0.4,FALSE
Chongqing-Gas-CCGT_EP,Gas-CCGT_EP,Gas,Chongqing,20,FALSE,FALSE,FALSE,TRUE,TRUE,5.884166221,0,0,0.65,0.0224,940,0,FALSE,.,.,.,0.4,FALSE
Chongqing-Gas-turbine,Gas-turbine,Gas,Chongqing,20,FALSE,FALSE,FALSE,TRUE,TRUE,8.610652824,0,0,0.0318,0.0413,.,0,FALSE,.,.,.,0.25,FALSE
Chongqing-Gas-turbine_EP,Gas-turbine_EP,Gas,Chongqing,20,FALSE,FALSE,FALSE,TRUE,TRUE,8.610652824,0,0,0.0318,0.0413,0,0,FALSE,.,.,.,0.25,FALSE
Chongqing-Nuclear,Nuclear,Uranium,Chongqing,40,FALSE,FALSE,TRUE,FALSE,FALSE,10.33981818,0,0,0.1112,0.0272,.,0,FALSE,.,.,.,1,FALSE
Chongqing-Nuclear_EP,Nuclear_EP,Uranium,Chongqing,40,FALSE,FALSE,TRUE,FALSE,FALSE,10.33981818,0,0,0.1112,0.0272,0,0,FALSE,.,.,.,1,FALSE
East_Inner_Mongolia-Coal-SUBCRITICAL,Coal-SUBCRITICAL,Coal,East_Inner_Mongolia,30,FALSE,TRUE,FALSE,FALSE,FALSE,9.222,0,0,0.52,0.05,.,0,FALSE,.,.,.,0.5,FALSE
East_Inner_Mongolia-Coal-SUBCRITICAL_EP,Coal-SUBCRITICAL_EP,Coal,East_Inner_Mongolia,30,FALSE,TRUE,FALSE,FALSE,FALSE,9.222,0,0,0.52,0.05,2839,0,FALSE,.,.,.,0.5,FALSE
East_Inner_Mongolia-Coal-SUPERCRITICAL,Coal-SUPERCRITICAL,Coal,East_Inner_Mongolia,40,FALSE,TRUE,FALSE,FALSE,FALSE,8.322292683,0,0,0.32,0.05,.,0,FALSE,.,.,.,0.5,FALSE
East_Inner_Mongolia-Coal-SUPERCRITICAL_EP,Coal-SUPERCRITICAL_EP,Coal,East_Inner_Mongolia,40,FALSE,TRUE,FALSE,FALSE,FALSE,8.322292683,0,0,0.32,0.05,13540,0,FALSE,.,.,.,0.5,FALSE
East_Inner_Mongolia-Coal-ULTRASUPERCRITICAL,Coal-ULTRASUPERCRITICAL,Coal,East_Inner_Mongolia,40,FALSE,TRUE,FALSE,FALSE,FALSE,7.420033775,0,0,0.32,0.05,.,0,FALSE,.,.,.,0.5,FALSE
East_Inner_Mongolia-Coal-ULTRASUPERCRITICAL_EP,Coal-ULTRASUPERCRITICAL_EP,Coal,East_Inner_Mongolia,40,FALSE,TRUE,FALSE,FALSE,FALSE,7.420033775,0,0,0.32,0.05,0,0,FALSE,.,.,.,0.5,FALSE
East_Inner_Mongolia-Coal-IGCC,Coal-IGCC,Coal,East_Inner_Mongolia,40,FALSE,TRUE,FALSE,FALSE,FALSE,7.317010225,0,0,0.32,0.05,.,0,FALSE,.,.,.,0.5,FALSE
East_Inner_Mongolia-Coal-IGCC_EP,Coal-IGCC_EP,Coal,East_Inner_Mongolia,40,FALSE,TRUE,FALSE,FALSE,FALSE,7.317010225,0,0,0.32,0.05,0,0,FALSE,.,.,.,0.5,FALSE
East_Inner_Mongolia-Gas-CCGT,Gas-CCGT,Gas,East_Inner_Mongolia,20,FALSE,FALSE,FALSE,TRUE,TRUE,5.884166221,0,0,0.65,0.0224,.,0,FALSE,.,.,.,0.4,FALSE
East_Inner_Mongolia-Gas-CCGT_EP,Gas-CCGT_EP,Gas,East_Inner_Mongolia,20,FALSE,FALSE,FALSE,TRUE,TRUE,5.884166221,0,0,0.65,0.0224,0,0,FALSE,.,.,.,0.4,FALSE
East_Inner_Mongolia-Gas-turbine,Gas-turbine,Gas,East_Inner_Mongolia,20,FALSE,FALSE,FALSE,TRUE,TRUE,8.610652824,0,0,0.0318,0.0413,.,0,FALSE,.,.,.,0.25,FALSE
East_Inner_Mongolia-Gas-turbine_EP,Gas-turbine_EP,Gas,East_Inner_Mongolia,20,FALSE,FALSE,FALSE,TRUE,TRUE,8.610652824,0,0,0.0318,0.0413,0,0,FALSE,.,.,.,0.25,FALSE
East_Inner_Mongolia-Nuclear,Nuclear,Uranium,East_Inner_Mongolia,40,FALSE,FALSE,TRUE,FALSE,FALSE,10.33981818,0,0,0.1112,0.0272,.,0,FALSE,.,.,.,1,FALSE
East_Inner_Mongolia-Nuclear_EP,Nuclear_EP,Uranium,East_Inner_Mongolia,40,FALSE,FALSE,TRUE,FALSE,FALSE,10.33981818,0,0,0.1112,0.0272,0,0,FALSE,.,.,.,1,FALSE
Fujian-Coal-SUBCRITICAL,Coal-SUBCRITICAL,Coal,Fujian,30,FALSE,TRUE,FALSE,FALSE,FALSE,9.222,0,0,0.52,0.05,.,0,FALSE,.,.,.,0.5,FALSE
Fujian-Coal-SUBCRITICAL_EP,Coal-SUBCRITICAL_EP,Coal,Fujian,30,FALSE,TRUE,FALSE,FALSE,FALSE,9.222,0,0,0.52,0.05,1804,0,FALSE,.,.,.,0.5,FALSE
Fujian-Coal-SUPERCRITICAL,Coal-SUPERCRITICAL,Coal,Fujian,40,FALSE,TRUE,FALSE,FALSE,FALSE,8.322292683,0,0,0.32,0.05,.,0,FALSE,.,.,.,0.5,FALSE
Fujian-Coal-SUPERCRITICAL_EP,Coal-SUPERCRITICAL_EP,Coal,Fujian,40,FALSE,TRUE,FALSE,FALSE,FALSE,8.322292683,0,0,0.32,0.05,19972,0,FALSE,.,.,.,0.5,FALSE
Fujian-Coal-ULTRASUPERCRITICAL,Coal-ULTRASUPERCRITICAL,Coal,Fujian,40,FALSE,TRUE,FALSE,FALSE,FALSE,7.420033775,0,0,0.32,0.05,.,0,FALSE,.,.,.,0.5,FALSE
Fujian-Coal-ULTRASUPERCRITICAL_EP,Coal-ULTRASUPERCRITICAL_EP,Coal,Fujian,40,FALSE,TRUE,FALSE,FALSE,FALSE,7.420033775,0,0,0.32,0.05,4000,0,FALSE,.,.,.,0.5,FALSE
Fujian-Coal-IGCC,Coal-IGCC,Coal,Fujian,40,FALSE,TRUE,FALSE,FALSE,FALSE,7.317010225,0,0,0.32,0.05,.,0,FALSE,.,.,.,0.5,FALSE
Fujian-Coal-IGCC_EP,Coal-IGCC_EP,Coal,Fujian,40,FALSE,TRUE,FALSE,FALSE,FALSE,7.317010225,0,0,0.32,0.05,0,0,FALSE,.,.,.,0.5,FALSE
Fujian-Gas-CCGT,Gas-CCGT,Gas,Fujian,20,FALSE,FALSE,FALSE,TRUE,TRUE,5.884166221,0,0,0.65,0.0224,.,0,FALSE,.,.,.,0.4,FALSE
Fujian-Gas-CCGT_EP,Gas-CCGT_EP,Gas,Fujian,20,FALSE,FALSE,FALSE,TRUE,TRUE,5.884166221,0,0,0.65,0.0224,4220,0,FALSE,.,.,.,0.4,FALSE
Fujian-Gas-turbine,Gas-turbine,Gas,Fujian,20,FALSE,FALSE,FALSE,TRUE,TRUE,8.610652824,0,0,0.0318,0.0413,.,0,FALSE,.,.,.,0.25,FALSE
Fujian-Gas-turbine_EP,Gas-turbine_EP,Gas,Fujian,20,FALSE,FALSE,FALSE,TRUE,TRUE,8.610652824,0,0,0.0318,0.0413,0,0,FALSE,.,.,.,0.25,FALSE
Fujian-Nuclear,Nuclear,Uranium,Fujian,40,FALSE,FALSE,TRUE,FALSE,FALSE,10.33981818,0,0,0.1112,0.0272,.,0,FALSE,.,.,.,1,FALSE
Fujian-Nuclear_EP,Nuclear_EP,Uranium,Fujian,40,FALSE,FALSE,TRUE,FALSE,FALSE,10.33981818,0,0,0.1112,0.0272,7543,0,FALSE,.,.,.,1,FALSE
Gansu-Coal-SUBCRITICAL,Coal-SUBCRITICAL,Coal,Gansu,30,FALSE,TRUE,FALSE,FALSE,FALSE,9.222,0,0,0.52,0.05,.,0,FALSE,.,.,.,0.5,FALSE
Gansu-Coal-SUBCRITICAL_EP,Coal-SUBCRITICAL_EP,Coal,Gansu,30,FALSE,TRUE,FALSE,FALSE,FALSE,9.222,0,0,0.52,0.05,2814,0,FALSE,.,.,.,0.5,FALSE
Gansu-Coal-SUPERCRITICAL,Coal-SUPERCRITICAL,Coal,Gansu,40,FALSE,TRUE,FALSE,FALSE,FALSE,8.322292683,0,0,0.32,0.05,.,0,FALSE,.,.,.,0.5,FALSE
Gansu-Coal-SUPERCRITICAL_EP,Coal-SUPERCRITICAL_EP,Coal,Gansu,40,FALSE,TRUE,FALSE,FALSE,FALSE,8.322292683,0,0,0.32,0.05,17295,0,FALSE,.,.,.,0.5,FALSE
Gansu-Coal-ULTRASUPERCRITICAL,Coal-ULTRASUPERCRITICAL,Coal,Gansu,40,FALSE,TRUE,FALSE,FALSE,FALSE,7.420033775,0,0,0.32,0.05,.,0,FALSE,.,.,.,0.5,FALSE
Gansu-Coal-ULTRASUPERCRITICAL_EP,Coal-ULTRASUPERCRITICAL_EP,Coal,Gansu,40,FALSE,TRUE,FALSE,FALSE,FALSE,7.420033775,0,0,0.32,0.05,0,0,FALSE,.,.,.,0.5,FALSE
Gansu-Coal-IGCC,Coal-IGCC,Coal,Gansu,40,FALSE,TRUE,FALSE,FALSE,FALSE,7.317010225,0,0,0.32,0.05,.,0,FALSE,.,.,.,0.5,FALSE
Gansu-Coal-IGCC_EP,Coal-IGCC_EP,Coal,Gansu,40,FALSE,TRUE,FALSE,FALSE,FALSE,7.317010225,0,0,0.32,0.05,0,0,FALSE,.,.,.,0.5,FALSE
Gansu-Gas-CCGT,Gas-CCGT,Gas,Gansu,20,FALSE,FALSE,FALSE,TRUE,TRUE,5.884166221,0,0,0.65,0.0224,.,0,FALSE,.,.,.,0.4,FALSE
Gansu-Gas-CCGT_EP,Gas-CCGT_EP,Gas,Gansu,20,FALSE,FALSE,FALSE,TRUE,TRUE,5.884166221,0,0,0.65,0.0224,0,0,FALSE,.,.,.,0.4,FALSE
Gansu-Gas-turbine,Gas-turbine,Gas,Gansu,20,FALSE,FALSE,FALSE,TRUE,TRUE,8.610652824,0,0,0.0318,0.0413,.,0,FALSE,.,.,.,0.25,FALSE
Gansu-Gas-turbine_EP,Gas-turbine_EP,Gas,Gansu,20,FALSE,FALSE,FALSE,TRUE,TRUE,8.610652824,0,0,0.0318,0.0413,0,0,FALSE,.,.,.,0.25,FALSE
Gansu-Nuclear,Nuclear,Uranium,Gansu,40,FALSE,FALSE,TRUE,FALSE,FALSE,10.33981818,0,0,0.1112,0.0272,.,0,FALSE,.,.,.,1,FALSE
Gansu-Nuclear_EP,Nuclear_EP,Uranium,Gansu,40,FALSE,FALSE,TRUE,FALSE,FALSE,10.33981818,0,0,0.1112,0.0272,0,0,FALSE,.,.,.,1,FALSE
Guangdong-Coal-SUBCRITICAL,Coal-SUBCRITICAL,Coal,Guangdong,30,FALSE,TRUE,FALSE,FALSE,FALSE,9.222,0,0,0.52,0.05,.,0,FALSE,.,.,.,0.5,FALSE
Guangdong-Coal-SUBCRITICAL_EP,Coal-SUBCRITICAL_EP,Coal,Guangdong,30,FALSE,TRUE,FALSE,FALSE,FALSE,9.222,0,0,0.52,0.05,6573,0,FALSE,.,.,.,0.5,FALSE
Guangdong-Coal-SUPERCRITICAL,Coal-SUPERCRITICAL,Coal,Guangdong,40,FALSE,TRUE,FALSE,FALSE,FALSE,8.322292683,0,0,0.32,0.05,.,0,FALSE,.,.,.,0.5,FALSE
Guangdong-Coal-SUPERCRITICAL_EP,Coal-SUPERCRITICAL_EP,Coal,Guangdong,40,FALSE,TRUE,FALSE,FALSE,FALSE,8.322292683,0,0,0.32,0.05,35239,0,FALSE,.,.,.,0.5,FALSE
Guangdong-Coal-ULTRASUPERCRITICAL,Coal-ULTRASUPERCRITICAL,Coal,Guangdong,40,FALSE,TRUE,FALSE,FALSE,FALSE,7.420033775,0,0,0.32,0.05,.,0,FALSE,.,.,.,0.5,FALSE
Guangdong-Coal-ULTRASUPERCRITICAL_EP,Coal-ULTRASUPERCRITICAL_EP,Coal,Guangdong,40,FALSE,TRUE,FALSE,FALSE,FALSE,7.420033775,0,0,0.32,0.05,16000,0,FALSE,.,.,.,0.5,FALSE
Guangdong-Coal-IGCC,Coal-IGCC,Coal,Guangdong,40,FALSE,TRUE,FALSE,FALSE,FALSE,7.317010225,0,0,0.32,0.05,.,0,FALSE,.,.,.,0.5,FALSE
Guangdong-Coal-IGCC_EP,Coal-IGCC_EP,Coal,Guangdong,40,FALSE,TRUE,FALSE,FALSE,FALSE,7.317010225,0,0,0.32,0.05,0,0,FALSE,.,.,.,0.5,FALSE
Guangdong-Gas-CCGT,Gas-CCGT,Gas,Guangdong,20,FALSE,FALSE,FALSE,TRUE,TRUE,5.884166221,0,0,0.65,0.0224,.,0,FALSE,.,.,.,0.4,FALSE
Guangdong-Gas-CCGT_EP,Gas-CCGT_EP,Gas,Guangdong,20,FALSE,FALSE,FALSE,TRUE,TRUE,5.884166221,0,0,0.65,0.0224,18768.4,0,FALSE,.,.,.,0.4,FALSE
Guangdong-Gas-turbine,Gas-turbine,Gas,Guangdong,20,FALSE,FALSE,FALSE,TRUE,TRUE,8.610652824,0,0,0.0318,0.0413,.,0,FALSE,.,.,.,0.25,FALSE
Guangdong-Gas-turbine_EP,Gas-turbine_EP,Gas,Guangdong,20,FALSE,FALSE,FALSE,TRUE,TRUE,8.610652824,0,0,0.0318,0.0413,0,0,FALSE,.,.,.,0.25,FALSE
Guangdong-Nuclear,Nuclear,Uranium,Guangdong,40,FALSE,FALSE,TRUE,FALSE,FALSE,10.33981818,0,0,0.1112,0.0272,.,0,FALSE,.,.,.,1,FALSE
Guangdong-Nuclear_EP,Nuclear_EP,Uranium,Guangdong,40,FALSE,FALSE,TRUE,FALSE,FALSE,10.33981818,0,0,0.1112,0.0272,18932,0,FALSE,.,.,.,1,FALSE
Guangxi-Coal-SUBCRITICAL,Coal-SUBCRITICAL,Coal,Guangxi,30,FALSE,TRUE,FALSE,FALSE,FALSE,9.222,0,0,0.52,0.05,.,0,FALSE,.,.,.,0.5,FALSE
Guangxi-Coal-SUBCRITICAL_EP,Coal-SUBCRITICAL_EP,Coal,Guangxi,30,FALSE,TRUE,FALSE,FALSE,FALSE,9.222,0,0,0.52,0.05,2279.8,0,FALSE,.,.,.,0.5,FALSE
Guangxi-Coal-SUPERCRITICAL,Coal-SUPERCRITICAL,Coal,Guangxi,40,FALSE,TRUE,FALSE,FALSE,FALSE,8.322292683,0,0,0.32,0.05,.,0,FALSE,.,.,.,0.5,FALSE
Guangxi-Coal-SUPERCRITICAL_EP,Coal-SUPERCRITICAL_EP,Coal,Guangxi,40,FALSE,TRUE,FALSE,FALSE,FALSE,8.322292683,0,0,0.32,0.05,11050,0,FALSE,.,.,.,0.5,FALSE
Guangxi-Coal-ULTRASUPERCRITICAL,Coal-ULTRASUPERCRITICAL,Coal,Guangxi,40,FALSE,TRUE,FALSE,FALSE,FALSE,7.420033775,0,0,0.32,0.05,.,0,FALSE,.,.,.,0.5,FALSE
Guangxi-Coal-ULTRASUPERCRITICAL_EP,Coal-ULTRASUPERCRITICAL_EP,Coal,Guangxi,40,FALSE,TRUE,FALSE,FALSE,FALSE,7.420033775,0,0,0.32,0.05,4000,0,FALSE,.,.,.,0.5,FALSE
Guangxi-Coal-IGCC,Coal-IGCC,Coal,Guangxi,40,FALSE,TRUE,FALSE,FALSE,FALSE,7.317010225,0,0,0.32,0.05,.,0,FALSE,.,.,.,0.5,FALSE
Guangxi-Coal-IGCC_EP,Coal-IGCC_EP,Coal,Guangxi,40,FALSE,TRUE,FALSE,FALSE,FALSE,7.317010225,0,0,0.32,0.05,0,0,FALSE,.,.,.,0.5,FALSE
Guangxi-Gas-CCGT,Gas-CCGT,Gas,Guangxi,20,FALSE,FALSE,FALSE,TRUE,TRUE,5.884166221,0,0,0.65,0.0224,.,0,FALSE,.,.,.,0.4,FALSE
Guangxi-Gas-CCGT_EP,Gas-CCGT_EP,Gas,Guangxi,20,FALSE,FALSE,FALSE,TRUE,TRUE,5.884166221,0,0,0.65,0.0224,0,0,FALSE,.,.,.,0.4,FALSE
Guangxi-Gas-turbine,Gas-turbine,Gas,Guangxi,20,FALSE,FALSE,FALSE,TRUE,TRUE,8.610652824,0,0,0.0318,0.0413,.,0,FALSE,.,.,.,0.25,FALSE
Guangxi-Gas-turbine_EP,Gas-turbine_EP,Gas,Guangxi,20,FALSE,FALSE,FALSE,TRUE,TRUE,8.610652824,0,0,0.0318,0.0413,0,0,FALSE,.,.,.,0.25,FALSE
Guangxi-Nuclear,Nuclear,Uranium,Guangxi,40,FALSE,FALSE,TRUE,FALSE,FALSE,10.33981818,0,0,0.1112,0.0272,.,0,FALSE,.,.,.,1,FALSE
Guangxi-Nuclear_EP,Nuclear_EP,Uranium,Guangxi,40,FALSE,FALSE,TRUE,FALSE,FALSE,10.33981818,0,0,0.1112,0.0272,4405,0,FALSE,.,.,.,1,FALSE
Guizhou-Coal-SUBCRITICAL,Coal-SUBCRITICAL,Coal,Guizhou,30,FALSE,TRUE,FALSE,FALSE,FALSE,9.222,0,0,0.52,0.05,.,0,FALSE,.,.,.,0.5,FALSE
Guizhou-Coal-SUBCRITICAL_EP,Coal-SUBCRITICAL_EP,Coal,Guizhou,30,FALSE,TRUE,FALSE,FALSE,FALSE,9.222,0,0,0.52,0.05,3196.6,0,FALSE,.,.,.,0.5,FALSE
Guizhou-Coal-SUPERCRITICAL,Coal-SUPERCRITICAL,Coal,Guizhou,40,FALSE,TRUE,FALSE,FALSE,FALSE,8.322292683,0,0,0.32,0.05,.,0,FALSE,.,.,.,0.5,FALSE
Guizhou-Coal-SUPERCRITICAL_EP,Coal-SUPERCRITICAL_EP,Coal,Guizhou,40,FALSE,TRUE,FALSE,FALSE,FALSE,8.322292683,0,0,0.32,0.05,29800,0,FALSE,.,.,.,0.5,FALSE
Guizhou-Coal-ULTRASUPERCRITICAL,Coal-ULTRASUPERCRITICAL,Coal,Guizhou,40,FALSE,TRUE,FALSE,FALSE,FALSE,7.420033775,0,0,0.32,0.05,.,0,FALSE,.,.,.,0.5,FALSE
Guizhou-Coal-ULTRASUPERCRITICAL_EP,Coal-ULTRASUPERCRITICAL_EP,Coal,Guizhou,40,FALSE,TRUE,FALSE,FALSE,FALSE,7.420033775,0,0,0.32,0.05,0,0,FALSE,.,.,.,0.5,FALSE
Guizhou-Coal-IGCC,Coal-IGCC,Coal,Guizhou,40,FALSE,TRUE,FALSE,FALSE,FALSE,7.317010225,0,0,0.32,0.05,.,0,FALSE,.,.,.,0.5,FALSE
Guizhou-Coal-IGCC_EP,Coal-IGCC_EP,Coal,Guizhou,40,FALSE,TRUE,FALSE,FALSE,FALSE,7.317010225,0,0,0.32,0.05,0,0,FALSE,.,.,.,0.5,FALSE
Guizhou-Gas-CCGT,Gas-CCGT,Gas,Guizhou,20,FALSE,FALSE,FALSE,TRUE,TRUE,5.884166221,0,0,0.65,0.0224,.,0,FALSE,.,.,.,0.4,FALSE
Guizhou-Gas-CCGT_EP,Gas-CCGT_EP,Gas,Guizhou,20,FALSE,FALSE,FALSE,TRUE,TRUE,5.884166221,0,0,0.65,0.0224,0,0,FALSE,.,.,.,0.4,FALSE
Guizhou-Gas-turbine,Gas-turbine,Gas,Guizhou,20,FALSE,FALSE,FALSE,TRUE,TRUE,8.610652824,0,0,0.0318,0.0413,.,0,FALSE,.,.,.,0.25,FALSE
Guizhou-Gas-turbine_EP,Gas-turbine_EP,Gas,Guizhou,20,FALSE,FALSE,FALSE,TRUE,TRUE,8.610652824,0,0,0.0318,0.0413,0,0,FALSE,.,.,.,0.25,FALSE
Guizhou-Nuclear,Nuclear,Uranium,Guizhou,40,FALSE,FALSE,TRUE,FALSE,FALSE,10.33981818,0,0,0.1112,0.0272,.,0,FALSE,.,.,.,1,FALSE
Guizhou-Nuclear_EP,Nuclear_EP,Uranium,Guizhou,40,FALSE,FALSE,TRUE,FALSE,FALSE,10.33981818,0,0,0.1112,0.0272,0,0,FALSE,.,.,.,1,FALSE
Hainan-Coal-SUBCRITICAL,Coal-SUBCRITICAL,Coal,Hainan,30,FALSE,TRUE,FALSE,FALSE,FALSE,9.222,0,0,0.52,0.05,.,0,FALSE,.,.,.,0.5,FALSE
Hainan-Coal-SUBCRITICAL_EP,Coal-SUBCRITICAL_EP,Coal,Hainan,30,FALSE,TRUE,FALSE,FALSE,FALSE,9.222,0,0,0.52,0.05,846,0,FALSE,.,.,.,0.5,FALSE
Hainan-Coal-SUPERCRITICAL,Coal-SUPERCRITICAL,Coal,Hainan,40,FALSE,TRUE,FALSE,FALSE,FALSE,8.322292683,0,0,0.32,0.05,.,0,FALSE,.,.,.,0.5,FALSE
Hainan-Coal-SUPERCRITICAL_EP,Coal-SUPERCRITICAL_EP,Coal,Hainan,40,FALSE,TRUE,FALSE,FALSE,FALSE,8.322292683,0,0,0.32,0.05,2760,0,FALSE,.,.,.,0.5,FALSE
Hainan-Coal-ULTRASUPERCRITICAL,Coal-ULTRASUPERCRITICAL,Coal,Hainan,40,FALSE,TRUE,FALSE,FALSE,FALSE,7.420033775,0,0,0.32,0.05,.,0,FALSE,.,.,.,0.5,FALSE
Hainan-Coal-ULTRASUPERCRITICAL_EP,Coal-ULTRASUPERCRITICAL_EP,Coal,Hainan,40,FALSE,TRUE,FALSE,FALSE,FALSE,7.420033775,0,0,0.32,0.05,0,0,FALSE,.,.,.,0.5,FALSE
Hainan-Coal-IGCC,Coal-IGCC,Coal,Hainan,40,FALSE,TRUE,FALSE,FALSE,FALSE,7.317010225,0,0,0.32,0.05,.,0,FALSE,.,.,.,0.5,FALSE
Hainan-Coal-IGCC_EP,Coal-IGCC_EP,Coal,Hainan,40,FALSE,TRUE,FALSE,FALSE,FALSE,7.317010225,0,0,0.32,0.05,0,0,FALSE,.,.,.,0.5,FALSE
Hainan-Gas-CCGT,Gas-CCGT,Gas,Hainan,20,FALSE,FALSE,FALSE,TRUE,TRUE,5.884166221,0,0,0.65,0.0224,.,0,FALSE,.,.,.,0.4,FALSE
Hainan-Gas-CCGT_EP,Gas-CCGT_EP,Gas,Hainan,20,FALSE,FALSE,FALSE,TRUE,TRUE,5.884166221,0,0,0.65,0.0224,604.1,0,FALSE,.,.,.,0.4,FALSE
Hainan-Gas-turbine,Gas-turbine,Gas,Hainan,20,FALSE,FALSE,FALSE,TRUE,TRUE,8.610652824,0,0,0.0318,0.0413,.,0,FALSE,.,.,.,0.25,FALSE
Hainan-Gas-turbine_EP,Gas-turbine_EP,Gas,Hainan,20,FALSE,FALSE,FALSE,TRUE,TRUE,8.610652824,0,0,0.0318,0.0413,0,0,FALSE,.,.,.,0.25,FALSE
Hainan-Nuclear,Nuclear,Uranium,Hainan,40,FALSE,FALSE,TRUE,FALSE,FALSE,10.33981818,0,0,0.1112,0.0272,.,0,FALSE,.,.,.,1,FALSE
Hainan-Nuclear_EP,Nuclear_EP,Uranium,Hainan,40,FALSE,FALSE,TRUE,FALSE,FALSE,10.33981818,0,0,0.1112,0.0272,611,0,FALSE,.,.,.,1,FALSE
Hebei-Coal-SUBCRITICAL,Coal-SUBCRITICAL,Coal,Hebei,30,FALSE,TRUE,FALSE,FALSE,FALSE,9.222,0,0,0.52,0.05,.,0,FALSE,.,.,.,0.5,FALSE
Hebei-Coal-SUBCRITICAL_EP,Coal-SUBCRITICAL_EP,Coal,Hebei,30,FALSE,TRUE,FALSE,FALSE,FALSE,9.222,0,0,0.52,0.05,6796.5,0,FALSE,.,.,.,0.5,FALSE
Hebei-Coal-SUPERCRITICAL,Coal-SUPERCRITICAL,Coal,Hebei,40,FALSE,TRUE,FALSE,FALSE,FALSE,8.322292683,0,0,0.32,0.05,.,0,FALSE,.,.,.,0.5,FALSE
Hebei-Coal-SUPERCRITICAL_EP,Coal-SUPERCRITICAL_EP,Coal,Hebei,40,FALSE,TRUE,FALSE,FALSE,FALSE,8.322292683,0,0,0.32,0.05,36730,0,FALSE,.,.,.,0.5,FALSE
Hebei-Coal-ULTRASUPERCRITICAL,Coal-ULTRASUPERCRITICAL,Coal,Hebei,40,FALSE,TRUE,FALSE,FALSE,FALSE,7.420033775,0,0,0.32,0.05,.,0,FALSE,.,.,.,0.5,FALSE
Hebei-Coal-ULTRASUPERCRITICAL_EP,Coal-ULTRASUPERCRITICAL_EP,Coal,Hebei,40,FALSE,TRUE,FALSE,FALSE,FALSE,7.420033775,0,0,0.32,0.05,2000,0,FALSE,.,.,.,0.5,FALSE
Hebei-Coal-IGCC,Coal-IGCC,Coal,Hebei,40,FALSE,TRUE,FALSE,FALSE,FALSE,7.317010225,0,0,0.32,0.05,.,0,FALSE,.,.,.,0.5,FALSE
Hebei-Coal-IGCC_EP,Coal-IGCC_EP,Coal,Hebei,40,FALSE,TRUE,FALSE,FALSE,FALSE,7.317010225,0,0,0.32,0.05,0,0,FALSE,.,.,.,0.5,FALSE
Hebei-Gas-CCGT,Gas-CCGT,Gas,Hebei,20,FALSE,FALSE,FALSE,TRUE,TRUE,5.884166221,0,0,0.65,0.0224,.,0,FALSE,.,.,.,0.4,FALSE
Hebei-Gas-CCGT_EP,Gas-CCGT_EP,Gas,Hebei,20,FALSE,FALSE,FALSE,TRUE,TRUE,5.884166221,0,0,0.65,0.0224,800,0,FALSE,.,.,.,0.4,FALSE
Hebei-Gas-turbine,Gas-turbine,Gas,Hebei,20,FALSE,FALSE,FALSE,TRUE,TRUE,8.610652824,0,0,0.0318,0.0413,.,0,FALSE,.,.,.,0.25,FALSE
Hebei-Gas-turbine_EP,Gas-turbine_EP,Gas,Hebei,20,FALSE,FALSE,FALSE,TRUE,TRUE,8.610652824,0,0,0.0318,0.0413,0,0,FALSE,.,.,.,0.25,FALSE
Hebei-Nuclear,Nuclear,Uranium,Hebei,40,FALSE,FALSE,TRUE,FALSE,FALSE,10.33981818,0,0,0.1112,0.0272,.,0,FALSE,.,.,.,1,FALSE
Hebei-Nuclear_EP,Nuclear_EP,Uranium,Hebei,40,FALSE,FALSE,TRUE,FALSE,FALSE,10.33981818,0,0,0.1112,0.0272,0,0,FALSE,.,.,.,1,FALSE
Heilongjiang-Coal-SUBCRITICAL,Coal-SUBCRITICAL,Coal,Heilongjiang,30,FALSE,TRUE,FALSE,FALSE,FALSE,9.222,0,0,0.52,0.05,.,0,FALSE,.,.,.,0.5,FALSE
Heilongjiang-Coal-SUBCRITICAL_EP,Coal-SUBCRITICAL_EP,Coal,Heilongjiang,30,FALSE,TRUE,FALSE,FALSE,FALSE,9.222,0,0,0.52,0.05,6484,0,FALSE,.,.,.,0.5,FALSE
Heilongjiang-Coal-SUPERCRITICAL,Coal-SUPERCRITICAL,Coal,Heilongjiang,40,FALSE,TRUE,FALSE,FALSE,FALSE,8.322292683,0,0,0.32,0.05,.,0,FALSE,.,.,.,0.5,FALSE
Heilongjiang-Coal-SUPERCRITICAL_EP,Coal-SUPERCRITICAL_EP,Coal,Heilongjiang,40,FALSE,TRUE,FALSE,FALSE,FALSE,8.322292683,0,0,0.32,0.05,12130,0,FALSE,.,.,.,0.5,FALSE
Heilongjiang-Coal-ULTRASUPERCRITICAL,Coal-ULTRASUPERCRITICAL,Coal,Heilongjiang,40,FALSE,TRUE,FALSE,FALSE,FALSE,7.420033775,0,0,0.32,0.05,.,0,FALSE,.,.,.,0.5,FALSE
Heilongjiang-Coal-ULTRASUPERCRITICAL_EP,Coal-ULTRASUPERCRITICAL_EP,Coal,Heilongjiang,40,FALSE,TRUE,FALSE,FALSE,FALSE,7.420033775,0,0,0.32,0.05,0,0,FALSE,.,.,.,0.5,FALSE
Heilongjiang-Coal-IGCC,Coal-IGCC,Coal,Heilongjiang,40,FALSE,TRUE,FALSE,FALSE,FALSE,7.317010225,0,0,0.32,0.05,.,0,FALSE,.,.,.,0.5,FALSE
Heilongjiang-Coal-IGCC_EP,Coal-IGCC_EP,Coal,Heilongjiang,40,FALSE,TRUE,FALSE,FALSE,FALSE,7.317010225,0,0,0.32,0.05,0,0,FALSE,.,.,.,0.5,FALSE
Heilongjiang-Gas-CCGT,Gas-CCGT,Gas,Heilongjiang,20,FALSE,FALSE,FALSE,TRUE,TRUE,5.884166221,0,0,0.65,0.0224,.,0,FALSE,.,.,.,0.4,FALSE
Heilongjiang-Gas-CCGT_EP,Gas-CCGT_EP,Gas,Heilongjiang,20,FALSE,FALSE,FALSE,TRUE,TRUE,5.884166221,0,0,0.65,0.0224,122,0,FALSE,.,.,.,0.4,FALSE
Heilongjiang-Gas-turbine,Gas-turbine,Gas,Heilongjiang,20,FALSE,FALSE,FALSE,TRUE,TRUE,8.610652824,0,0,0.0318,0.0413,.,0,FALSE,.,.,.,0.25,FALSE
Heilongjiang-Gas-turbine_EP,Gas-turbine_EP,Gas,Heilongjiang,20,FALSE,FALSE,FALSE,TRUE,TRUE,8.610652824,0,0,0.0318,0.0413,0,0,FALSE,.,.,.,0.25,FALSE
Heilongjiang-Nuclear,Nuclear,Uranium,Heilongjiang,40,FALSE,FALSE,TRUE,FALSE,FALSE,10.33981818,0,0,0.1112,0.0272,.,0,FALSE,.,.,.,1,FALSE
Heilongjiang-Nuclear_EP,Nuclear_EP,Uranium,Heilongjiang,40,FALSE,FALSE,TRUE,FALSE,FALSE,10.33981818,0,0,0.1112,0.0272,0,0,FALSE,.,.,.,1,FALSE
Henan-Coal-SUBCRITICAL,Coal-SUBCRITICAL,Coal,Henan,30,FALSE,TRUE,FALSE,FALSE,FALSE,9.222,0,0,0.52,0.05,.,0,FALSE,.,.,.,0.5,FALSE
Henan-Coal-SUBCRITICAL_EP,Coal-SUBCRITICAL_EP,Coal,Henan,30,FALSE,TRUE,FALSE,FALSE,FALSE,9.222,0,0,0.52,0.05,9735.5,0,FALSE,.,.,.,0.5,FALSE
Henan-Coal-SUPERCRITICAL,Coal-SUPERCRITICAL,Coal,Henan,40,FALSE,TRUE,FALSE,FALSE,FALSE,8.322292683,0,0,0.32,0.05,.,0,FALSE,.,.,.,0.5,FALSE
Henan-Coal-SUPERCRITICAL_EP,Coal-SUPERCRITICAL_EP,Coal,Henan,40,FALSE,TRUE,FALSE,FALSE,FALSE,8.322292683,0,0,0.32,0.05,51280,0,FALSE,.,.,.,0.5,FALSE
Henan-Coal-ULTRASUPERCRITICAL,Coal-ULTRASUPERCRITICAL,Coal,Henan,40,FALSE,TRUE,FALSE,FALSE,FALSE,7.420033775,0,0,0.32,0.05,.,0,FALSE,.,.,.,0.5,FALSE
Henan-Coal-ULTRASUPERCRITICAL_EP,Coal-ULTRASUPERCRITICAL_EP,Coal,Henan,40,FALSE,TRUE,FALSE,FALSE,FALSE,7.420033775,0,0,0.32,0.05,11000,0,FALSE,.,.,.,0.5,FALSE
Henan-Coal-IGCC,Coal-IGCC,Coal,Henan,40,FALSE,TRUE,FALSE,FALSE,FALSE,7.317010225,0,0,0.32,0.05,.,0,FALSE,.,.,.,0.5,FALSE
Henan-Coal-IGCC_EP,Coal-IGCC_EP,Coal,Henan,40,FALSE,TRUE,FALSE,FALSE,FALSE,7.317010225,0,0,0.32,0.05,0,0,FALSE,.,.,.,0.5,FALSE
Henan-Gas-CCGT,Gas-CCGT,Gas,Henan,20,FALSE,FALSE,FALSE,TRUE,TRUE,5.884166221,0,0,0.65,0.0224,.,0,FALSE,.,.,.,0.4,FALSE
Henan-Gas-CCGT_EP,Gas-CCGT_EP,Gas,Henan,20,FALSE,FALSE,FALSE,TRUE,TRUE,5.884166221,0,0,0.65,0.0224,2160,0,FALSE,.,.,.,0.4,FALSE
Henan-Gas-turbine,Gas-turbine,Gas,Henan,20,FALSE,FALSE,FALSE,TRUE,TRUE,8.610652824,0,0,0.0318,0.0413,.,0,FALSE,.,.,.,0.25,FALSE
Henan-Gas-turbine_EP,Gas-turbine_EP,Gas,Henan,20,FALSE,FALSE,FALSE,TRUE,TRUE,8.610652824,0,0,0.0318,0.0413,0,0,FALSE,.,.,.,0.25,FALSE
Henan-Nuclear,Nuclear,Uranium,Henan,40,FALSE,FALSE,TRUE,FALSE,FALSE,10.33981818,0,0,0.1112,0.0272,.,0,FALSE,.,.,.,1,FALSE
Henan-Nuclear_EP,Nuclear_EP,Uranium,Henan,40,FALSE,FALSE,TRUE,FALSE,FALSE,10.33981818,0,0,0.1112,0.0272,0,0,FALSE,.,.,.,1,FALSE
Hubei-Coal-SUBCRITICAL,Coal-SUBCRITICAL,Coal,Hubei,30,FALSE,TRUE,FALSE,FALSE,FALSE,9.222,0,0,0.52,0.05,.,0,FALSE,.,.,.,0.5,FALSE
Hubei-Coal-SUBCRITICAL_EP,Coal-SUBCRITICAL_EP,Coal,Hubei,30,FALSE,TRUE,FALSE,FALSE,FALSE,9.222,0,0,0.52,0.05,1929,0,FALSE,.,.,.,0.5,FALSE
Hubei-Coal-SUPERCRITICAL,Coal-SUPERCRITICAL,Coal,Hubei,40,FALSE,TRUE,FALSE,FALSE,FALSE,8.322292683,0,0,0.32,0.05,.,0,FALSE,.,.,.,0.5,FALSE
Hubei-Coal-SUPERCRITICAL_EP,Coal-SUPERCRITICAL_EP,Coal,Hubei,40,FALSE,TRUE,FALSE,FALSE,FALSE,8.322292683,0,0,0.32,0.05,17908,0,FALSE,.,.,.,0.5,FALSE
Hubei-Coal-ULTRASUPERCRITICAL,Coal-ULTRASUPERCRITICAL,Coal,Hubei,40,FALSE,TRUE,FALSE,FALSE,FALSE,7.420033775,0,0,0.32,0.05,.,0,FALSE,.,.,.,0.5,FALSE
Hubei-Coal-ULTRASUPERCRITICAL_EP,Coal-ULTRASUPERCRITICAL_EP,Coal,Hubei,40,FALSE,TRUE,FALSE,FALSE,FALSE,7.420033775,0,0,0.32,0.05,3000,0,FALSE,.,.,.,0.5,FALSE
Hubei-Coal-IGCC,Coal-IGCC,Coal,Hubei,40,FALSE,TRUE,FALSE,FALSE,FALSE,7.317010225,0,0,0.32,0.05,.,0,FALSE,.,.,.,0.5,FALSE
Hubei-Coal-IGCC_EP,Coal-IGCC_EP,Coal,Hubei,40,FALSE,TRUE,FALSE,FALSE,FALSE,7.317010225,0,0,0.32,0.05,0,0,FALSE,.,.,.,0.5,FALSE
Hubei-Gas-CCGT,Gas-CCGT,Gas,Hubei,20,FALSE,FALSE,FALSE,TRUE,TRUE,5.884166221,0,0,0.65,0.0224,.,0,FALSE,.,.,.,0.4,FALSE
Hubei-Gas-CCGT_EP,Gas-CCGT_EP,Gas,Hubei,20,FALSE,FALSE,FALSE,TRUE,TRUE,5.884166221,0,0,0.65,0.0224,740.3,0,FALSE,.,.,.,0.4,FALSE
Hubei-Gas-turbine,Gas-turbine,Gas,Hubei,20,FALSE,FALSE,FALSE,TRUE,TRUE,8.610652824,0,0,0.0318,0.0413,.,0,FALSE,.,.,.,0.25,FALSE
Hubei-Gas-turbine_EP,Gas-turbine_EP,Gas,Hubei,20,FALSE,FALSE,FALSE,TRUE,TRUE,8.610652824,0,0,0.0318,0.0413,0,0,FALSE,.,.,.,0.25,FALSE
Hubei-Nuclear,Nuclear,Uranium,Hubei,40,FALSE,FALSE,TRUE,FALSE,FALSE,10.33981818,0,0,0.1112,0.0272,.,0,FALSE,.,.,.,1,FALSE
Hubei-Nuclear_EP,Nuclear_EP,Uranium,Hubei,40,FALSE,FALSE,TRUE,FALSE,FALSE,10.33981818,0,0,0.1112,0.0272,0,0,FALSE,.,.,.,1,FALSE
Hunan-Coal-SUBCRITICAL,Coal-SUBCRITICAL,Coal,Hunan,30,FALSE,TRUE,FALSE,FALSE,FALSE,9.222,0,0,0.52,0.05,.,0,FALSE,.,.,.,0.5,FALSE
Hunan-Coal-SUBCRITICAL_EP,Coal-SUBCRITICAL_EP,Coal,Hunan,30,FALSE,TRUE,FALSE,FALSE,FALSE,9.222,0,0,0.52,0.05,1656.6,0,FALSE,.,.,.,0.5,FALSE
Hunan-Coal-SUPERCRITICAL,Coal-SUPERCRITICAL,Coal,Hunan,40,FALSE,TRUE,FALSE,FALSE,FALSE,8.322292683,0,0,0.32,0.05,.,0,FALSE,.,.,.,0.5,FALSE
Hunan-Coal-SUPERCRITICAL_EP,Coal-SUPERCRITICAL_EP,Coal,Hunan,40,FALSE,TRUE,FALSE,FALSE,FALSE,8.322292683,0,0,0.32,0.05,20026,0,FALSE,.,.,.,0.5,FALSE
Hunan-Coal-ULTRASUPERCRITICAL,Coal-ULTRASUPERCRITICAL,Coal,Hunan,40,FALSE,TRUE,FALSE,FALSE,FALSE,7.420033775,0,0,0.32,0.05,.,0,FALSE,.,.,.,0.5,FALSE
Hunan-Coal-ULTRASUPERCRITICAL_EP,Coal-ULTRASUPERCRITICAL_EP,Coal,Hunan,40,FALSE,TRUE,FALSE,FALSE,FALSE,7.420033775,0,0,0.32,0.05,2000,0,FALSE,.,.,.,0.5,FALSE
Hunan-Coal-IGCC,Coal-IGCC,Coal,Hunan,40,FALSE,TRUE,FALSE,FALSE,FALSE,7.317010225,0,0,0.32,0.05,.,0,FALSE,.,.,.,0.5,FALSE
Hunan-Coal-IGCC_EP,Coal-IGCC_EP,Coal,Hunan,40,FALSE,TRUE,FALSE,FALSE,FALSE,7.317010225,0,0,0.32,0.05,0,0,FALSE,.,.,.,0.5,FALSE
Hunan-Gas-CCGT,Gas-CCGT,Gas,Hunan,20,FALSE,FALSE,FALSE,TRUE,TRUE,5.884166221,0,0,0.65,0.0224,.,0,FALSE,.,.,.,0.4,FALSE
Hunan-Gas-CCGT_EP,Gas-CCGT_EP,Gas,Hunan,20,FALSE,FALSE,FALSE,TRUE,TRUE,5.884166221,0,0,0.65,0.0224,0,0,FALSE,.,.,.,0.4,FALSE
Hunan-Gas-turbine,Gas-turbine,Gas,Hunan,20,FALSE,FALSE,FALSE,TRUE,TRUE,8.610652824,0,0,0.0318,0.0413,.,0,FALSE,.,.,.,0.25,FALSE
Hunan-Gas-turbine_EP,Gas-turbine_EP,Gas,Hunan,20,FALSE,FALSE,FALSE,TRUE,TRUE,8.610652824,0,0,0.0318,0.0413,0,0,FALSE,.,.,.,0.25,FALSE
Hunan-Nuclear,Nuclear,Uranium,Hunan,40,FALSE,FALSE,TRUE,FALSE,FALSE,10.33981818,0,0,0.1112,0.0272,.,0,FALSE,.,.,.,1,FALSE
Hunan-Nuclear_EP,Nuclear_EP,Uranium,Hunan,40,FALSE,FALSE,TRUE,FALSE,FALSE,10.33981818,0,0,0.1112,0.0272,0,0,FALSE,.,.,.,1,FALSE
Jiangsu-Coal-SUBCRITICAL,Coal-SUBCRITICAL,Coal,Jiangsu,30,FALSE,TRUE,FALSE,FALSE,FALSE,9.222,0,0,0.52,0.05,.,0,FALSE,.,.,.,0.5,FALSE
Jiangsu-Coal-SUBCRITICAL_EP,Coal-SUBCRITICAL_EP,Coal,Jiangsu,30,FALSE,TRUE,FALSE,FALSE,FALSE,9.222,0,0,0.52,0.05,9896.5,0,FALSE,.,.,.,0.5,FALSE
Jiangsu-Coal-SUPERCRITICAL,Coal-SUPERCRITICAL,Coal,Jiangsu,40,FALSE,TRUE,FALSE,FALSE,FALSE,8.322292683,0,0,0.32,0.05,.,0,FALSE,.,.,.,0.5,FALSE
Jiangsu-Coal-SUPERCRITICAL_EP,Coal-SUPERCRITICAL_EP,Coal,Jiangsu,40,FALSE,TRUE,FALSE,FALSE,FALSE,8.322292683,0,0,0.32,0.05,45404,0,FALSE,.,.,.,0.5,FALSE
Jiangsu-Coal-ULTRASUPERCRITICAL,Coal-ULTRASUPERCRITICAL,Coal,Jiangsu,40,FALSE,TRUE,FALSE,FALSE,FALSE,7.420033775,0,0,0.32,0.05,.,0,FALSE,.,.,.,0.5,FALSE
Jiangsu-Coal-ULTRASUPERCRITICAL_EP,Coal-ULTRASUPERCRITICAL_EP,Coal,Jiangsu,40,FALSE,TRUE,FALSE,FALSE,FALSE,7.420033775,0,0,0.32,0.05,27090,0,FALSE,.,.,.,0.5,FALSE
Jiangsu-Coal-IGCC,Coal-IGCC,Coal,Jiangsu,40,FALSE,TRUE,FALSE,FALSE,FALSE,7.317010225,0,0,0.32,0.05,.,0,FALSE,.,.,.,0.5,FALSE
Jiangsu-Coal-IGCC_EP,Coal-IGCC_EP,Coal,Jiangsu,40,FALSE,TRUE,FALSE,FALSE,FALSE,7.317010225,0,0,0.32,0.05,0,0,FALSE,.,.,.,0.5,FALSE
Jiangsu-Gas-CCGT,Gas-CCGT,Gas,Jiangsu,20,FALSE,FALSE,FALSE,TRUE,TRUE,5.884166221,0,0,0.65,0.0224,.,0,FALSE,.,.,.,0.4,FALSE
Jiangsu-Gas-CCGT_EP,Gas-CCGT_EP,Gas,Jiangsu,20,FALSE,FALSE,FALSE,TRUE,TRUE,5.884166221,0,0,0.65,0.0224,13801,0,FALSE,.,.,.,0.4,FALSE
Jiangsu-Gas-turbine,Gas-turbine,Gas,Jiangsu,20,FALSE,FALSE,FALSE,TRUE,TRUE,8.610652824,0,0,0.0318,0.0413,.,0,FALSE,.,.,.,0.25,FALSE
Jiangsu-Gas-turbine_EP,Gas-turbine_EP,Gas,Jiangsu,20,FALSE,FALSE,FALSE,TRUE,TRUE,8.610652824,0,0,0.0318,0.0413,0,0,FALSE,.,.,.,0.25,FALSE
Jiangsu-Nuclear,Nuclear,Uranium,Jiangsu,40,FALSE,FALSE,TRUE,FALSE,FALSE,10.33981818,0,0,0.1112,0.0272,.,0,FALSE,.,.,.,1,FALSE
Jiangsu-Nuclear_EP,Nuclear_EP,Uranium,Jiangsu,40,FALSE,FALSE,TRUE,FALSE,FALSE,10.33981818,0,0,0.1112,0.0272,6480,0,FALSE,.,.,.,1,FALSE
Jiangxi-Coal-SUBCRITICAL,Coal-SUBCRITICAL,Coal,Jiangxi,30,FALSE,TRUE,FALSE,FALSE,FALSE,9.222,0,0,0.52,0.05,.,0,FALSE,.,.,.,0.5,FALSE
Jiangxi-Coal-SUBCRITICAL_EP,Coal-SUBCRITICAL_EP,Coal,Jiangxi,30,FALSE,TRUE,FALSE,FALSE,FALSE,9.222,0,0,0.52,0.05,1173.5,0,FALSE,.,.,.,0.5,FALSE
Jiangxi-Coal-SUPERCRITICAL,Coal-SUPERCRITICAL,Coal,Jiangxi,40,FALSE,TRUE,FALSE,FALSE,FALSE,8.322292683,0,0,0.32,0.05,.,0,FALSE,.,.,.,0.5,FALSE
Jiangxi-Coal-SUPERCRITICAL_EP,Coal-SUPERCRITICAL_EP,Coal,Jiangxi,40,FALSE,TRUE,FALSE,FALSE,FALSE,8.322292683,0,0,0.32,0.05,15390,0,FALSE,.,.,.,0.5,FALSE
Jiangxi-Coal-ULTRASUPERCRITICAL,Coal-ULTRASUPERCRITICAL,Coal,Jiangxi,40,FALSE,TRUE,FALSE,FALSE,FALSE,7.420033775,0,0,0.32,0.05,.,0,FALSE,.,.,.,0.5,FALSE
Jiangxi-Coal-ULTRASUPERCRITICAL_EP,Coal-ULTRASUPERCRITICAL_EP,Coal,Jiangxi,40,FALSE,TRUE,FALSE,FALSE,FALSE,7.420033775,0,0,0.32,0.05,3000,0,FALSE,.,.,.,0.5,FALSE
Jiangxi-Coal-IGCC,Coal-IGCC,Coal,Jiangxi,40,FALSE,TRUE,FALSE,FALSE,FALSE,7.317010225,0,0,0.32,0.05,.,0,FALSE,.,.,.,0.5,FALSE
Jiangxi-Coal-IGCC_EP,Coal-IGCC_EP,Coal,Jiangxi,40,FALSE,TRUE,FALSE,FALSE,FALSE,7.317010225,0,0,0.32,0.05,0,0,FALSE,.,.,.,0.5,FALSE
Jiangxi-Gas-CCGT,Gas-CCGT,Gas,Jiangxi,20,FALSE,FALSE,FALSE,TRUE,TRUE,5.884166221,0,0,0.65,0.0224,.,0,FALSE,.,.,.,0.4,FALSE
Jiangxi-Gas-CCGT_EP,Gas-CCGT_EP,Gas,Jiangxi,20,FALSE,FALSE,FALSE,TRUE,TRUE,5.884166221,0,0,0.65,0.0224,87,0,FALSE,.,.,.,0.4,FALSE
Jiangxi-Gas-turbine,Gas-turbine,Gas,Jiangxi,20,FALSE,FALSE,FALSE,TRUE,TRUE,8.610652824,0,0,0.0318,0.0413,.,0,FALSE,.,.,.,0.25,FALSE
Jiangxi-Gas-turbine_EP,Gas-turbine_EP,Gas,Jiangxi,20,FALSE,FALSE,FALSE,TRUE,TRUE,8.610652824,0,0,0.0318,0.0413,0,0,FALSE,.,.,.,0.25,FALSE
Jiangxi-Nuclear,Nuclear,Uranium,Jiangxi,40,FALSE,FALSE,TRUE,FALSE,FALSE,10.33981818,0,0,0.1112,0.0272,.,0,FALSE,.,.,.,1,FALSE
Jiangxi-Nuclear_EP,Nuclear_EP,Uranium,Jiangxi,40,FALSE,FALSE,TRUE,FALSE,FALSE,10.33981818,0,0,0.1112,0.0272,0,0,FALSE,.,.,.,1,FALSE
Jilin-Coal-SUBCRITICAL,Coal-SUBCRITICAL,Coal,Jilin,30,FALSE,TRUE,FALSE,FALSE,FALSE,9.222,0,0,0.52,0.05,.,0,FALSE,.,.,.,0.5,FALSE
Jilin-Coal-SUBCRITICAL_EP,Coal-SUBCRITICAL_EP,Coal,Jilin,30,FALSE,TRUE,FALSE,FALSE,FALSE,9.222,0,0,0.52,0.05,4653,0,FALSE,.,.,.,0.5,FALSE
Jilin-Coal-SUPERCRITICAL,Coal-SUPERCRITICAL,Coal,Jilin,40,FALSE,TRUE,FALSE,FALSE,FALSE,8.322292683,0,0,0.32,0.05,.,0,FALSE,.,.,.,0.5,FALSE
Jilin-Coal-SUPERCRITICAL_EP,Coal-SUPERCRITICAL_EP,Coal,Jilin,40,FALSE,TRUE,FALSE,FALSE,FALSE,8.322292683,0,0,0.32,0.05,10870,0,FALSE,.,.,.,0.5,FALSE
Jilin-Coal-ULTRASUPERCRITICAL,Coal-ULTRASUPERCRITICAL,Coal,Jilin,40,FALSE,TRUE,FALSE,FALSE,FALSE,7.420033775,0,0,0.32,0.05,.,0,FALSE,.,.,.,0.5,FALSE
Jilin-Coal-ULTRASUPERCRITICAL_EP,Coal-ULTRASUPERCRITICAL_EP,Coal,Jilin,40,FALSE,TRUE,FALSE,FALSE,FALSE,7.420033775,0,0,0.32,0.05,0,0,FALSE,.,.,.,0.5,FALSE
Jilin-Coal-IGCC,Coal-IGCC,Coal,Jilin,40,FALSE,TRUE,FALSE,FALSE,FALSE,7.317010225,0,0,0.32,0.05,.,0,FALSE,.,.,.,0.5,FALSE
Jilin-Coal-IGCC_EP,Coal-IGCC_EP,Coal,Jilin,40,FALSE,TRUE,FALSE,FALSE,FALSE,7.317010225,0,0,0.32,0.05,0,0,FALSE,.,.,.,0.5,FALSE
Jilin-Gas-CCGT,Gas-CCGT,Gas,Jilin,20,FALSE,FALSE,FALSE,TRUE,TRUE,5.884166221,0,0,0.65,0.0224,.,0,FALSE,.,.,.,0.4,FALSE
Jilin-Gas-CCGT_EP,Gas-CCGT_EP,Gas,Jilin,20,FALSE,FALSE,FALSE,TRUE,TRUE,5.884166221,0,0,0.65,0.0224,0,0,FALSE,.,.,.,0.4,FALSE
Jilin-Gas-turbine,Gas-turbine,Gas,Jilin,20,FALSE,FALSE,FALSE,TRUE,TRUE,8.610652824,0,0,0.0318,0.0413,.,0,FALSE,.,.,.,0.25,FALSE
Jilin-Gas-turbine_EP,Gas-turbine_EP,Gas,Jilin,20,FALSE,FALSE,FALSE,TRUE,TRUE,8.610652824,0,0,0.0318,0.0413,0,0,FALSE,.,.,.,0.25,FALSE
Jilin-Nuclear,Nuclear,Uranium,Jilin,40,FALSE,FALSE,TRUE,FALSE,FALSE,10.33981818,0,0,0.1112,0.0272,.,0,FALSE,.,.,.,1,FALSE
Jilin-Nuclear_EP,Nuclear_EP,Uranium,Jilin,40,FALSE,FALSE,TRUE,FALSE,FALSE,10.33981818,0,0,0.1112,0.0272,0,0,FALSE,.,.,.,1,FALSE
Liaoning-Coal-SUBCRITICAL,Coal-SUBCRITICAL,Coal,Liaoning,30,FALSE,TRUE,FALSE,FALSE,FALSE,9.222,0,0,0.52,0.05,.,0,FALSE,.,.,.,0.5,FALSE
Liaoning-Coal-SUBCRITICAL_EP,Coal-SUBCRITICAL_EP,Coal,Liaoning,30,FALSE,TRUE,FALSE,FALSE,FALSE,9.222,0,0,0.52,0.05,7159.1,0,FALSE,.,.,.,0.5,FALSE
Liaoning-Coal-SUPERCRITICAL,Coal-SUPERCRITICAL,Coal,Liaoning,40,FALSE,TRUE,FALSE,FALSE,FALSE,8.322292683,0,0,0.32,0.05,.,0,FALSE,.,.,.,0.5,FALSE
Liaoning-Coal-SUPERCRITICAL_EP,Coal-SUPERCRITICAL_EP,Coal,Liaoning,40,FALSE,TRUE,FALSE,FALSE,FALSE,8.322292683,0,0,0.32,0.05,20480,0,FALSE,.,.,.,0.5,FALSE
Liaoning-Coal-ULTRASUPERCRITICAL,Coal-ULTRASUPERCRITICAL,Coal,Liaoning,40,FALSE,TRUE,FALSE,FALSE,FALSE,7.420033775,0,0,0.32,0.05,.,0,FALSE,.,.,.,0.5,FALSE
Liaoning-Coal-ULTRASUPERCRITICAL_EP,Coal-ULTRASUPERCRITICAL_EP,Coal,Liaoning,40,FALSE,TRUE,FALSE,FALSE,FALSE,7.420033775,0,0,0.32,0.05,3600,0,FALSE,.,.,.,0.5,FALSE
Liaoning-Coal-IGCC,Coal-IGCC,Coal,Liaoning,40,FALSE,TRUE,FALSE,FALSE,FALSE,7.317010225,0,0,0.32,0.05,.,0,FALSE,.,.,.,0.5,FALSE
Liaoning-Coal-IGCC_EP,Coal-IGCC_EP,Coal,Liaoning,40,FALSE,TRUE,FALSE,FALSE,FALSE,7.317010225,0,0,0.32,0.05,0,0,FALSE,.,.,.,0.5,FALSE
Liaoning-Gas-CCGT,Gas-CCGT,Gas,Liaoning,20,FALSE,FALSE,FALSE,TRUE,TRUE,5.884166221,0,0,0.65,0.0224,.,0,FALSE,.,.,.,0.4,FALSE
Liaoning-Gas-CCGT_EP,Gas-CCGT_EP,Gas,Liaoning,20,FALSE,FALSE,FALSE,TRUE,TRUE,5.884166221,0,0,0.65,0.0224,0,0,FALSE,.,.,.,0.4,FALSE
Liaoning-Gas-turbine,Gas-turbine,Gas,Liaoning,20,FALSE,FALSE,FALSE,TRUE,TRUE,8.610652824,0,0,0.0318,0.0413,.,0,FALSE,.,.,.,0.25,FALSE
Liaoning-Gas-turbine_EP,Gas-turbine_EP,Gas,Liaoning,20,FALSE,FALSE,FALSE,TRUE,TRUE,8.610652824,0,0,0.0318,0.0413,0,0,FALSE,.,.,.,0.25,FALSE
Liaoning-Nuclear,Nuclear,Uranium,Liaoning,40,FALSE,FALSE,TRUE,FALSE,FALSE,10.33981818,0,0,0.1112,0.0272,.,0,FALSE,.,.,.,1,FALSE
Liaoning-Nuclear_EP,Nuclear_EP,Uranium,Liaoning,40,FALSE,FALSE,TRUE,FALSE,FALSE,10.33981818,0,0,0.1112,0.0272,6297.6,0,FALSE,.,.,.,1,FALSE
Ningxia-Coal-SUBCRITICAL,Coal-SUBCRITICAL,Coal,Ningxia,30,FALSE,TRUE,FALSE,FALSE,FALSE,9.222,0,0,0.52,0.05,.,0,FALSE,.,.,.,0.5,FALSE
Ningxia-Coal-SUBCRITICAL_EP,Coal-SUBCRITICAL_EP,Coal,Ningxia,30,FALSE,TRUE,FALSE,FALSE,FALSE,9.222,0,0,0.52,0.05,2677.5,0,FALSE,.,.,.,0.5,FALSE
Ningxia-Coal-SUPERCRITICAL,Coal-SUPERCRITICAL,Coal,Ningxia,40,FALSE,TRUE,FALSE,FALSE,FALSE,8.322292683,0,0,0.32,0.05,.,0,FALSE,.,.,.,0.5,FALSE
Ningxia-Coal-SUPERCRITICAL_EP,Coal-SUPERCRITICAL_EP,Coal,Ningxia,40,FALSE,TRUE,FALSE,FALSE,FALSE,8.322292683,0,0,0.32,0.05,21600,0,FALSE,.,.,.,0.5,FALSE
Ningxia-Coal-ULTRASUPERCRITICAL,Coal-ULTRASUPERCRITICAL,Coal,Ningxia,40,FALSE,TRUE,FALSE,FALSE,FALSE,7.420033775,0,0,0.32,0.05,.,0,FALSE,.,.,.,0.5,FALSE
Ningxia-Coal-ULTRASUPERCRITICAL_EP,Coal-ULTRASUPERCRITICAL_EP,Coal,Ningxia,40,FALSE,TRUE,FALSE,FALSE,FALSE,7.420033775,0,0,0.32,0.05,2000,0,FALSE,.,.,.,0.5,FALSE
Ningxia-Coal-IGCC,Coal-IGCC,Coal,Ningxia,40,FALSE,TRUE,FALSE,FALSE,FALSE,7.317010225,0,0,0.32,0.05,.,0,FALSE,.,.,.,0.5,FALSE
Ningxia-Coal-IGCC_EP,Coal-IGCC_EP,Coal,Ningxia,40,FALSE,TRUE,FALSE,FALSE,FALSE,7.317010225,0,0,0.32,0.05,0,0,FALSE,.,.,.,0.5,FALSE
Ningxia-Gas-CCGT,Gas-CCGT,Gas,Ningxia,20,FALSE,FALSE,FALSE,TRUE,TRUE,5.884166221,0,0,0.65,0.0224,.,0,FALSE,.,.,.,0.4,FALSE
Ningxia-Gas-CCGT_EP,Gas-CCGT_EP,Gas,Ningxia,20,FALSE,FALSE,FALSE,TRUE,TRUE,5.884166221,0,0,0.65,0.0224,560,0,FALSE,.,.,.,0.4,FALSE
Ningxia-Gas-turbine,Gas-turbine,Gas,Ningxia,20,FALSE,FALSE,FALSE,TRUE,TRUE,8.610652824,0,0,0.0318,0.0413,.,0,FALSE,.,.,.,0.25,FALSE
Ningxia-Gas-turbine_EP,Gas-turbine_EP,Gas,Ningxia,20,FALSE,FALSE,FALSE,TRUE,TRUE,8.610652824,0,0,0.0318,0.0413,0,0,FALSE,.,.,.,0.25,FALSE
Ningxia-Nuclear,Nuclear,Uranium,Ningxia,40,FALSE,FALSE,TRUE,FALSE,FALSE,10.33981818,0,0,0.1112,0.0272,.,0,FALSE,.,.,.,1,FALSE
Ningxia-Nuclear_EP,Nuclear_EP,Uranium,Ningxia,40,FALSE,FALSE,TRUE,FALSE,FALSE,10.33981818,0,0,0.1112,0.0272,0,0,FALSE,.,.,.,1,FALSE
Qinghai-Coal-SUBCRITICAL,Coal-SUBCRITICAL,Coal,Qinghai,30,FALSE,TRUE,FALSE,FALSE,FALSE,9.222,0,0,0.52,0.05,.,0,FALSE,.,.,.,0.5,FALSE
Qinghai-Coal-SUBCRITICAL_EP,Coal-SUBCRITICAL_EP,Coal,Qinghai,30,FALSE,TRUE,FALSE,FALSE,FALSE,9.222,0,0,0.52,0.05,1561.5,0,FALSE,.,.,.,0.5,FALSE
Qinghai-Coal-SUPERCRITICAL,Coal-SUPERCRITICAL,Coal,Qinghai,40,FALSE,TRUE,FALSE,FALSE,FALSE,8.322292683,0,0,0.32,0.05,.,0,FALSE,.,.,.,0.5,FALSE
Qinghai-Coal-SUPERCRITICAL_EP,Coal-SUPERCRITICAL_EP,Coal,Qinghai,40,FALSE,TRUE,FALSE,FALSE,FALSE,8.322292683,0,0,0.32,0.05,3530,0,FALSE,.,.,.,0.5,FALSE
Qinghai-Coal-ULTRASUPERCRITICAL,Coal-ULTRASUPERCRITICAL,Coal,Qinghai,40,FALSE,TRUE,FALSE,FALSE,FALSE,7.420033775,0,0,0.32,0.05,.,0,FALSE,.,.,.,0.5,FALSE
Qinghai-Coal-ULTRASUPERCRITICAL_EP,Coal-ULTRASUPERCRITICAL_EP,Coal,Qinghai,40,FALSE,TRUE,FALSE,FALSE,FALSE,7.420033775,0,0,0.32,0.05,0,0,FALSE,.,.,.,0.5,FALSE
Qinghai-Coal-IGCC,Coal-IGCC,Coal,Qinghai,40,FALSE,TRUE,FALSE,FALSE,FALSE,7.317010225,0,0,0.32,0.05,.,0,FALSE,.,.,.,0.5,FALSE
Qinghai-Coal-IGCC_EP,Coal-IGCC_EP,Coal,Qinghai,40,FALSE,TRUE,FALSE,FALSE,FALSE,7.317010225,0,0,0.32,0.05,0,0,FALSE,.,.,.,0.5,FALSE
Qinghai-Gas-CCGT,Gas-CCGT,Gas,Qinghai,20,FALSE,FALSE,FALSE,TRUE,TRUE,5.884166221,0,0,0.65,0.0224,.,0,FALSE,.,.,.,0.4,FALSE
Qinghai-Gas-CCGT_EP,Gas-CCGT_EP,Gas,Qinghai,20,FALSE,FALSE,FALSE,TRUE,TRUE,5.884166221,0,0,0.65,0.0224,0,0,FALSE,.,.,.,0.4,FALSE
Qinghai-Gas-turbine,Gas-turbine,Gas,Qinghai,20,FALSE,FALSE,FALSE,TRUE,TRUE,8.610652824,0,0,0.0318,0.0413,.,0,FALSE,.,.,.,0.25,FALSE
Qinghai-Gas-turbine_EP,Gas-turbine_EP,Gas,Qinghai,20,FALSE,FALSE,FALSE,TRUE,TRUE,8.610652824,0,0,0.0318,0.0413,0,0,FALSE,.,.,.,0.25,FALSE
Qinghai-Nuclear,Nuclear,Uranium,Qinghai,40,FALSE,FALSE,TRUE,FALSE,FALSE,10.33981818,0,0,0.1112,0.0272,.,0,FALSE,.,.,.,1,FALSE
Qinghai-Nuclear_EP,Nuclear_EP,Uranium,Qinghai,40,FALSE,FALSE,TRUE,FALSE,FALSE,10.33981818,0,0,0.1112,0.0272,0,0,FALSE,.,.,.,1,FALSE
Shaanxi-Coal-SUBCRITICAL,Coal-SUBCRITICAL,Coal,Shaanxi,30,FALSE,TRUE,FALSE,FALSE,FALSE,9.222,0,0,0.52,0.05,.,0,FALSE,.,.,.,0.5,FALSE
Shaanxi-Coal-SUBCRITICAL_EP,Coal-SUBCRITICAL_EP,Coal,Shaanxi,30,FALSE,TRUE,FALSE,FALSE,FALSE,9.222,0,0,0.52,0.05,2959.5,0,FALSE,.,.,.,0.5,FALSE
Shaanxi-Coal-SUPERCRITICAL,Coal-SUPERCRITICAL,Coal,Shaanxi,40,FALSE,TRUE,FALSE,FALSE,FALSE,8.322292683,0,0,0.32,0.05,.,0,FALSE,.,.,.,0.5,FALSE
Shaanxi-Coal-SUPERCRITICAL_EP,Coal-SUPERCRITICAL_EP,Coal,Shaanxi,40,FALSE,TRUE,FALSE,FALSE,FALSE,8.322292683,0,0,0.32,0.05,28420,0,FALSE,.,.,.,0.5,FALSE
Shaanxi-Coal-ULTRASUPERCRITICAL,Coal-ULTRASUPERCRITICAL,Coal,Shaanxi,40,FALSE,TRUE,FALSE,FALSE,FALSE,7.420033775,0,0,0.32,0.05,.,0,FALSE,.,.,.,0.5,FALSE
Shaanxi-Coal-ULTRASUPERCRITICAL_EP,Coal-ULTRASUPERCRITICAL_EP,Coal,Shaanxi,40,FALSE,TRUE,FALSE,FALSE,FALSE,7.420033775,0,0,0.32,0.05,4000,0,FALSE,.,.,.,0.5,FALSE
Shaanxi-Coal-IGCC,Coal-IGCC,Coal,Shaanxi,40,FALSE,TRUE,FALSE,FALSE,FALSE,7.317010225,0,0,0.32,0.05,.,0,FALSE,.,.,.,0.5,FALSE
Shaanxi-Coal-IGCC_EP,Coal-IGCC_EP,Coal,Shaanxi,40,FALSE,TRUE,FALSE,FALSE,FALSE,7.317010225,0,0,0.32,0.05,0,0,FALSE,.,.,.,0.5,FALSE
Shaanxi-Gas-CCGT,Gas-CCGT,Gas,Shaanxi,20,FALSE,FALSE,FALSE,TRUE,TRUE,5.884166221,0,0,0.65,0.0224,.,0,FALSE,.,.,.,0.4,FALSE
Shaanxi-Gas-CCGT_EP,Gas-CCGT_EP,Gas,Shaanxi,20,FALSE,FALSE,FALSE,TRUE,TRUE,5.884166221,0,0,0.65,0.0224,0,0,FALSE,.,.,.,0.4,FALSE
Shaanxi-Gas-turbine,Gas-turbine,Gas,Shaanxi,20,FALSE,FALSE,FALSE,TRUE,TRUE,8.610652824,0,0,0.0318,0.0413,.,0,FALSE,.,.,.,0.25,FALSE
Shaanxi-Gas-turbine_EP,Gas-turbine_EP,Gas,Shaanxi,20,FALSE,FALSE,FALSE,TRUE,TRUE,8.610652824,0,0,0.0318,0.0413,0,0,FALSE,.,.,.,0.25,FALSE
Shaanxi-Nuclear,Nuclear,Uranium,Shaanxi,40,FALSE,FALSE,TRUE,FALSE,FALSE,10.33981818,0,0,0.1112,0.0272,.,0,FALSE,.,.,.,1,FALSE
Shaanxi-Nuclear_EP,Nuclear_EP,Uranium,Shaanxi,40,FALSE,FALSE,TRUE,FALSE,FALSE,10.33981818,0,0,0.1112,0.0272,0,0,FALSE,.,.,.,1,FALSE
Shandong-Coal-SUBCRITICAL,Coal-SUBCRITICAL,Coal,Shandong,30,FALSE,TRUE,FALSE,FALSE,FALSE,9.222,0,0,0.52,0.05,.,0,FALSE,.,.,.,0.5,FALSE
Shandong-Coal-SUBCRITICAL_EP,Coal-SUBCRITICAL_EP,Coal,Shandong,30,FALSE,TRUE,FALSE,FALSE,FALSE,9.222,0,0,0.52,0.05,24187.02,0,FALSE,.,.,.,0.5,FALSE
Shandong-Coal-SUPERCRITICAL,Coal-SUPERCRITICAL,Coal,Shandong,40,FALSE,TRUE,FALSE,FALSE,FALSE,8.322292683,0,0,0.32,0.05,.,0,FALSE,.,.,.,0.5,FALSE
Shandong-Coal-SUPERCRITICAL_EP,Coal-SUPERCRITICAL_EP,Coal,Shandong,40,FALSE,TRUE,FALSE,FALSE,FALSE,8.322292683,0,0,0.32,0.05,42786,0,FALSE,.,.,.,0.5,FALSE
Shandong-Coal-ULTRASUPERCRITICAL,Coal-ULTRASUPERCRITICAL,Coal,Shandong,40,FALSE,TRUE,FALSE,FALSE,FALSE,7.420033775,0,0,0.32,0.05,.,0,FALSE,.,.,.,0.5,FALSE
Shandong-Coal-ULTRASUPERCRITICAL_EP,Coal-ULTRASUPERCRITICAL_EP,Coal,Shandong,40,FALSE,TRUE,FALSE,FALSE,FALSE,7.420033775,0,0,0.32,0.05,9000,0,FALSE,.,.,.,0.5,FALSE
Shandong-Coal-IGCC,Coal-IGCC,Coal,Shandong,40,FALSE,TRUE,FALSE,FALSE,FALSE,7.317010225,0,0,0.32,0.05,.,0,FALSE,.,.,.,0.5,FALSE
Shandong-Coal-IGCC_EP,Coal-IGCC_EP,Coal,Shandong,40,FALSE,TRUE,FALSE,FALSE,FALSE,7.317010225,0,0,0.32,0.05,0,0,FALSE,.,.,.,0.5,FALSE
Shandong-Gas-CCGT,Gas-CCGT,Gas,Shandong,20,FALSE,FALSE,FALSE,TRUE,TRUE,5.884166221,0,0,0.65,0.0224,.,0,FALSE,.,.,.,0.4,FALSE
Shandong-Gas-CCGT_EP,Gas-CCGT_EP,Gas,Shandong,20,FALSE,FALSE,FALSE,TRUE,TRUE,5.884166221,0,0,0.65,0.0224,0,0,FALSE,.,.,.,0.4,FALSE
Shandong-Gas-turbine,Gas-turbine,Gas,Shandong,20,FALSE,FALSE,FALSE,TRUE,TRUE,8.610652824,0,0,0.0318,0.0413,.,0,FALSE,.,.,.,0.25,FALSE
Shandong-Gas-turbine_EP,Gas-turbine_EP,Gas,Shandong,20,FALSE,FALSE,FALSE,TRUE,TRUE,8.610652824,0,0,0.0318,0.0413,0,0,FALSE,.,.,.,0.25,FALSE
Shandong-Nuclear,Nuclear,Uranium,Shandong,40,FALSE,FALSE,TRUE,FALSE,FALSE,10.33981818,0,0,0.1112,0.0272,.,0,FALSE,.,.,.,1,FALSE
Shandong-Nuclear_EP,Nuclear_EP,Uranium,Shandong,40,FALSE,FALSE,TRUE,FALSE,FALSE,10.33981818,0,0,0.1112,0.0272,4850,0,FALSE,.,.,.,1,FALSE
Shanghai-Coal-SUBCRITICAL,Coal-SUBCRITICAL,Coal,Shanghai,30,FALSE,TRUE,FALSE,FALSE,FALSE,9.222,0,0,0.52,0.05,.,0,FALSE,.,.,.,0.5,FALSE
Shanghai-Coal-SUBCRITICAL_EP,Coal-SUBCRITICAL_EP,Coal,Shanghai,30,FALSE,TRUE,FALSE,FALSE,FALSE,9.222,0,0,0.52,0.05,814,0,FALSE,.,.,.,0.5,FALSE
Shanghai-Coal-SUPERCRITICAL,Coal-SUPERCRITICAL,Coal,Shanghai,40,FALSE,TRUE,FALSE,FALSE,FALSE,8.322292683,0,0,0.32,0.05,.,0,FALSE,.,.,.,0.5,FALSE
Shanghai-Coal-SUPERCRITICAL_EP,Coal-SUPERCRITICAL_EP,Coal,Shanghai,40,FALSE,TRUE,FALSE,FALSE,FALSE,8.322292683,0,0,0.32,0.05,8900,0,FALSE,.,.,.,0.5,FALSE
Shanghai-Coal-ULTRASUPERCRITICAL,Coal-ULTRASUPERCRITICAL,Coal,Shanghai,40,FALSE,TRUE,FALSE,FALSE,FALSE,7.420033775,0,0,0.32,0.05,.,0,FALSE,.,.,.,0.5,FALSE
Shanghai-Coal-ULTRASUPERCRITICAL_EP,Coal-ULTRASUPERCRITICAL_EP,Coal,Shanghai,40,FALSE,TRUE,FALSE,FALSE,FALSE,7.420033775,0,0,0.32,0.05,5800,0,FALSE,.,.,.,0.5,FALSE
Shanghai-Coal-IGCC,Coal-IGCC,Coal,Shanghai,40,FALSE,TRUE,FALSE,FALSE,FALSE,7.317010225,0,0,0.32,0.05,.,0,FALSE,.,.,.,0.5,FALSE
Shanghai-Coal-IGCC_EP,Coal-IGCC_EP,Coal,Shanghai,40,FALSE,TRUE,FALSE,FALSE,FALSE,7.317010225,0,0,0.32,0.05,0,0,FALSE,.,.,.,0.5,FALSE
Shanghai-Gas-CCGT,Gas-CCGT,Gas,Shanghai,20,FALSE,FALSE,FALSE,TRUE,TRUE,5.884166221,0,0,0.65,0.0224,.,0,FALSE,.,.,.,0.4,FALSE
Shanghai-Gas-CCGT_EP,Gas-CCGT_EP,Gas,Shanghai,20,FALSE,FALSE,FALSE,TRUE,TRUE,5.884166221,0,0,0.65,0.0224,6381.44,0,FALSE,.,.,.,0.4,FALSE
Shanghai-Gas-turbine,Gas-turbine,Gas,Shanghai,20,FALSE,FALSE,FALSE,TRUE,TRUE,8.610652824,0,0,0.0318,0.0413,.,0,FALSE,.,.,.,0.25,FALSE
Shanghai-Gas-turbine_EP,Gas-turbine_EP,Gas,Shanghai,20,FALSE,FALSE,FALSE,TRUE,TRUE,8.610652824,0,0,0.0318,0.0413,0,0,FALSE,.,.,.,0.25,FALSE
Shanghai-Nuclear,Nuclear,Uranium,Shanghai,40,FALSE,FALSE,TRUE,FALSE,FALSE,10.33981818,0,0,0.1112,0.0272,.,0,FALSE,.,.,.,1,FALSE
Shanghai-Nuclear_EP,Nuclear_EP,Uranium,Shanghai,40,FALSE,FALSE,TRUE,FALSE,FALSE,10.33981818,0,0,0.1112,0.0272,0,0,FALSE,.,.,.,1,FALSE
Shanxi-Coal-SUBCRITICAL,Coal-SUBCRITICAL,Coal,Shanxi,30,FALSE,TRUE,FALSE,FALSE,FALSE,9.222,0,0,0.52,0.05,.,0,FALSE,.,.,.,0.5,FALSE
Shanxi-Coal-SUBCRITICAL_EP,Coal-SUBCRITICAL_EP,Coal,Shanxi,30,FALSE,TRUE,FALSE,FALSE,FALSE,9.222,0,0,0.52,0.05,10801.9,0,FALSE,.,.,.,0.5,FALSE
Shanxi-Coal-SUPERCRITICAL,Coal-SUPERCRITICAL,Coal,Shanxi,40,FALSE,TRUE,FALSE,FALSE,FALSE,8.322292683,0,0,0.32,0.05,.,0,FALSE,.,.,.,0.5,FALSE
Shanxi-Coal-SUPERCRITICAL_EP,Coal-SUPERCRITICAL_EP,Coal,Shanxi,40,FALSE,TRUE,FALSE,FALSE,FALSE,8.322292683,0,0,0.32,0.05,47970,0,FALSE,.,.,.,0.5,FALSE
Shanxi-Coal-ULTRASUPERCRITICAL,Coal-ULTRASUPERCRITICAL,Coal,Shanxi,40,FALSE,TRUE,FALSE,FALSE,FALSE,7.420033775,0,0,0.32,0.05,.,0,FALSE,.,.,.,0.5,FALSE
Shanxi-Coal-ULTRASUPERCRITICAL_EP,Coal-ULTRASUPERCRITICAL_EP,Coal,Shanxi,40,FALSE,TRUE,FALSE,FALSE,FALSE,7.420033775,0,0,0.32,0.05,4000,0,FALSE,.,.,.,0.5,FALSE
Shanxi-Coal-IGCC,Coal-IGCC,Coal,Shanxi,40,FALSE,TRUE,FALSE,FALSE,FALSE,7.317010225,0,0,0.32,0.05,.,0,FALSE,.,.,.,0.5,FALSE
Shanxi-Coal-IGCC_EP,Coal-IGCC_EP,Coal,Shanxi,40,FALSE,TRUE,FALSE,FALSE,FALSE,7.317010225,0,0,0.32,0.05,0,0,FALSE,.,.,.,0.5,FALSE
Shanxi-Gas-CCGT,Gas-CCGT,Gas,Shanxi,20,FALSE,FALSE,FALSE,TRUE,TRUE,5.884166221,0,0,0.65,0.0224,.,0,FALSE,.,.,.,0.4,FALSE
Shanxi-Gas-CCGT_EP,Gas-CCGT_EP,Gas,Shanxi,20,FALSE,FALSE,FALSE,TRUE,TRUE,5.884166221,0,0,0.65,0.0224,1845,0,FALSE,.,.,.,0.4,FALSE
Shanxi-Gas-turbine,Gas-turbine,Gas,Shanxi,20,FALSE,FALSE,FALSE,TRUE,TRUE,8.610652824,0,0,0.0318,0.0413,.,0,FALSE,.,.,.,0.25,FALSE
Shanxi-Gas-turbine_EP,Gas-turbine_EP,Gas,Shanxi,20,FALSE,FALSE,FALSE,TRUE,TRUE,8.610652824,0,0,0.0318,0.0413,0,0,FALSE,.,.,.,0.25,FALSE
Shanxi-Nuclear,Nuclear,Uranium,Shanxi,40,FALSE,FALSE,TRUE,FALSE,FALSE,10.33981818,0,0,0.1112,0.0272,.,0,FALSE,.,.,.,1,FALSE
Shanxi-Nuclear_EP,Nuclear_EP,Uranium,Shanxi,40,FALSE,FALSE,TRUE,FALSE,FALSE,10.33981818,0,0,0.1112,0.0272,0,0,FALSE,.,.,.,1,FALSE
Sichuan-Coal-SUBCRITICAL,Coal-SUBCRITICAL,Coal,Sichuan,30,FALSE,TRUE,FALSE,FALSE,FALSE,9.222,0,0,0.52,0.05,.,0,FALSE,.,.,.,0.5,FALSE
Sichuan-Coal-SUBCRITICAL_EP,Coal-SUBCRITICAL_EP,Coal,Sichuan,30,FALSE,TRUE,FALSE,FALSE,FALSE,9.222,0,0,0.52,0.05,2165.85,0,FALSE,.,.,.,0.5,FALSE
Sichuan-Coal-SUPERCRITICAL,Coal-SUPERCRITICAL,Coal,Sichuan,40,FALSE,TRUE,FALSE,FALSE,FALSE,8.322292683,0,0,0.32,0.05,.,0,FALSE,.,.,.,0.5,FALSE
Sichuan-Coal-SUPERCRITICAL_EP,Coal-SUPERCRITICAL_EP,Coal,Sichuan,40,FALSE,TRUE,FALSE,FALSE,FALSE,8.322292683,0,0,0.32,0.05,10860,0,FALSE,.,.,.,0.5,FALSE
Sichuan-Coal-ULTRASUPERCRITICAL,Coal-ULTRASUPERCRITICAL,Coal,Sichuan,40,FALSE,TRUE,FALSE,FALSE,FALSE,7.420033775,0,0,0.32,0.05,.,0,FALSE,.,.,.,0.5,FALSE
Sichuan-Coal-ULTRASUPERCRITICAL_EP,Coal-ULTRASUPERCRITICAL_EP,Coal,Sichuan,40,FALSE,TRUE,FALSE,FALSE,FALSE,7.420033775,0,0,0.32,0.05,0,0,FALSE,.,.,.,0.5,FALSE
Sichuan-Coal-IGCC,Coal-IGCC,Coal,Sichuan,40,FALSE,TRUE,FALSE,FALSE,FALSE,7.317010225,0,0,0.32,0.05,.,0,FALSE,.,.,.,0.5,FALSE
Sichuan-Coal-IGCC_EP,Coal-IGCC_EP,Coal,Sichuan,40,FALSE,TRUE,FALSE,FALSE,FALSE,7.317010225,0,0,0.32,0.05,0,0,FALSE,.,.,.,0.5,FALSE
Sichuan-Gas-CCGT,Gas-CCGT,Gas,Sichuan,20,FALSE,FALSE,FALSE,TRUE,TRUE,5.884166221,0,0,0.65,0.0224,.,0,FALSE,.,.,.,0.4,FALSE
Sichuan-Gas-CCGT_EP,Gas-CCGT_EP,Gas,Sichuan,20,FALSE,FALSE,FALSE,TRUE,TRUE,5.884166221,0,0,0.65,0.0224,716.29,0,FALSE,.,.,.,0.4,FALSE
Sichuan-Gas-turbine,Gas-turbine,Gas,Sichuan,20,FALSE,FALSE,FALSE,TRUE,TRUE,8.610652824,0,0,0.0318,0.0413,.,0,FALSE,.,.,.,0.25,FALSE
Sichuan-Gas-turbine_EP,Gas-turbine_EP,Gas,Sichuan,20,FALSE,FALSE,FALSE,TRUE,TRUE,8.610652824,0,0,0.0318,0.0413,0,0,FALSE,.,.,.,0.25,FALSE
Sichuan-Nuclear,Nuclear,Uranium,Sichuan,40,FALSE,FALSE,TRUE,FALSE,FALSE,10.33981818,0,0,0.1112,0.0272,.,0,FALSE,.,.,.,1,FALSE
Sichuan-Nuclear_EP,Nuclear_EP,Uranium,Sichuan,40,FALSE,FALSE,TRUE,FALSE,FALSE,10.33981818,0,0,0.1112,0.0272,0,0,FALSE,.,.,.,1,FALSE
Tianjin-Coal-SUBCRITICAL,Coal-SUBCRITICAL,Coal,Tianjin,30,FALSE,TRUE,FALSE,FALSE,FALSE,9.222,0,0,0.52,0.05,.,0,FALSE,.,.,.,0.5,FALSE
Tianjin-Coal-SUBCRITICAL_EP,Coal-SUBCRITICAL_EP,Coal,Tianjin,30,FALSE,TRUE,FALSE,FALSE,FALSE,9.222,0,0,0.52,0.05,1870.5,0,FALSE,.,.,.,0.5,FALSE
Tianjin-Coal-SUPERCRITICAL,Coal-SUPERCRITICAL,Coal,Tianjin,40,FALSE,TRUE,FALSE,FALSE,FALSE,8.322292683,0,0,0.32,0.05,.,0,FALSE,.,.,.,0.5,FALSE
Tianjin-Coal-SUPERCRITICAL_EP,Coal-SUPERCRITICAL_EP,Coal,Tianjin,40,FALSE,TRUE,FALSE,FALSE,FALSE,8.322292683,0,0,0.32,0.05,7376,0,FALSE,.,.,.,0.5,FALSE
Tianjin-Coal-ULTRASUPERCRITICAL,Coal-ULTRASUPERCRITICAL,Coal,Tianjin,40,FALSE,TRUE,FALSE,FALSE,FALSE,7.420033775,0,0,0.32,0.05,.,0,FALSE,.,.,.,0.5,FALSE
Tianjin-Coal-ULTRASUPERCRITICAL_EP,Coal-ULTRASUPERCRITICAL_EP,Coal,Tianjin,40,FALSE,TRUE,FALSE,FALSE,FALSE,7.420033775,0,0,0.32,0.05,2000,0,FALSE,.,.,.,0.5,FALSE
Tianjin-Coal-IGCC,Coal-IGCC,Coal,Tianjin,40,FALSE,TRUE,FALSE,FALSE,FALSE,7.317010225,0,0,0.32,0.05,.,0,FALSE,.,.,.,0.5,FALSE
Tianjin-Coal-IGCC_EP,Coal-IGCC_EP,Coal,Tianjin,40,FALSE,TRUE,FALSE,FALSE,FALSE,7.317010225,0,0,0.32,0.05,265,0,FALSE,.,.,.,0.5,FALSE
Tianjin-Gas-CCGT,Gas-CCGT,Gas,Tianjin,20,FALSE,FALSE,FALSE,TRUE,TRUE,5.884166221,0,0,0.65,0.0224,.,0,FALSE,.,.,.,0.4,FALSE
Tianjin-Gas-CCGT_EP,Gas-CCGT_EP,Gas,Tianjin,20,FALSE,FALSE,FALSE,TRUE,TRUE,5.884166221,0,0,0.65,0.0224,2842.22,0,FALSE,.,.,.,0.4,FALSE
Tianjin-Gas-turbine,Gas-turbine,Gas,Tianjin,20,FALSE,FALSE,FALSE,TRUE,TRUE,8.610652824,0,0,0.0318,0.0413,.,0,FALSE,.,.,.,0.25,FALSE
Tianjin-Gas-turbine_EP,Gas-turbine_EP,Gas,Tianjin,20,FALSE,FALSE,FALSE,TRUE,TRUE,8.610652824,0,0,0.0318,0.0413,0,0,FALSE,.,.,.,0.25,FALSE
Tianjin-Nuclear,Nuclear,Uranium,Tianjin,40,FALSE,FALSE,TRUE,FALSE,FALSE,10.33981818,0,0,0.1112,0.0272,.,0,FALSE,.,.,.,1,FALSE
Tianjin-Nuclear_EP,Nuclear_EP,Uranium,Tianjin,40,FALSE,FALSE,TRUE,FALSE,FALSE,10.33981818,0,0,0.1112,0.0272,0,0,FALSE,.,.,.,1,FALSE
Tibet-Coal-SUBCRITICAL,Coal-SUBCRITICAL,Coal,Tibet,30,FALSE,TRUE,FALSE,FALSE,FALSE,9.222,0,0,0.52,0.05,.,0,FALSE,.,.,.,0.5,FALSE
Tibet-Coal-SUBCRITICAL_EP,Coal-SUBCRITICAL_EP,Coal,Tibet,30,FALSE,TRUE,FALSE,FALSE,FALSE,9.222,0,0,0.52,0.05,0,0,FALSE,.,.,.,0.5,FALSE
Tibet-Coal-SUPERCRITICAL,Coal-SUPERCRITICAL,Coal,Tibet,40,FALSE,TRUE,FALSE,FALSE,FALSE,8.322292683,0,0,0.32,0.05,.,0,FALSE,.,.,.,0.5,FALSE
Tibet-Coal-SUPERCRITICAL_EP,Coal-SUPERCRITICAL_EP,Coal,Tibet,40,FALSE,TRUE,FALSE,FALSE,FALSE,8.322292683,0,0,0.32,0.05,0,0,FALSE,.,.,.,0.5,FALSE
Tibet-Coal-ULTRASUPERCRITICAL,Coal-ULTRASUPERCRITICAL,Coal,Tibet,40,FALSE,TRUE,FALSE,FALSE,FALSE,7.420033775,0,0,0.32,0.05,.,0,FALSE,.,.,.,0.5,FALSE
Tibet-Coal-ULTRASUPERCRITICAL_EP,Coal-ULTRASUPERCRITICAL_EP,Coal,Tibet,40,FALSE,TRUE,FALSE,FALSE,FALSE,7.420033775,0,0,0.32,0.05,0,0,FALSE,.,.,.,0.5,FALSE
Tibet-Coal-IGCC,Coal-IGCC,Coal,Tibet,40,FALSE,TRUE,FALSE,FALSE,FALSE,7.317010225,0,0,0.32,0.05,.,0,FALSE,.,.,.,0.5,FALSE
Tibet-Coal-IGCC_EP,Coal-IGCC_EP,Coal,Tibet,40,FALSE,TRUE,FALSE,FALSE,FALSE,7.317010225,0,0,0.32,0.05,0,0,FALSE,.,.,.,0.5,FALSE
Tibet-Gas-CCGT,Gas-CCGT,Gas,Tibet,20,FALSE,FALSE,FALSE,TRUE,TRUE,5.884166221,0,0,0.65,0.0224,.,0,FALSE,.,.,.,0.4,FALSE
Tibet-Gas-CCGT_EP,Gas-CCGT_EP,Gas,Tibet,20,FALSE,FALSE,FALSE,TRUE,TRUE,5.884166221,0,0,0.65,0.0224,0,0,FALSE,.,.,.,0.4,FALSE
Tibet-Gas-turbine,Gas-turbine,Gas,Tibet,20,FALSE,FALSE,FALSE,TRUE,TRUE,8.610652824,0,0,0.0318,0.0413,.,0,FALSE,.,.,.,0.25,FALSE
Tibet-Gas-turbine_EP,Gas-turbine_EP,Gas,Tibet,20,FALSE,FALSE,FALSE,TRUE,TRUE,8.610652824,0,0,0.0318,0.0413,0,0,FALSE,.,.,.,0.25,FALSE
Tibet-Nuclear,Nuclear,Uranium,Tibet,40,FALSE,FALSE,TRUE,FALSE,FALSE,10.33981818,0,0,0.1112,0.0272,.,0,FALSE,.,.,.,1,FALSE
Tibet-Nuclear_EP,Nuclear_EP,Uranium,Tibet,40,FALSE,FALSE,TRUE,FALSE,FALSE,10.33981818,0,0,0.1112,0.0272,0,0,FALSE,.,.,.,1,FALSE
West_Inner_Mongolia-Coal-SUBCRITICAL,Coal-SUBCRITICAL,Coal,West_Inner_Mongolia,30,FALSE,TRUE,FALSE,FALSE,FALSE,9.222,0,0,0.52,0.05,.,0,FALSE,.,.,.,0.5,FALSE
West_Inner_Mongolia-Coal-SUBCRITICAL_EP,Coal-SUBCRITICAL_EP,Coal,West_Inner_Mongolia,30,FALSE,TRUE,FALSE,FALSE,FALSE,9.222,0,0,0.52,0.05,13065.5,0,FALSE,.,.,.,0.5,FALSE
West_Inner_Mongolia-Coal-SUPERCRITICAL,Coal-SUPERCRITICAL,Coal,West_Inner_Mongolia,40,FALSE,TRUE,FALSE,FALSE,FALSE,8.322292683,0,0,0.32,0.05,.,0,FALSE,.,.,.,0.5,FALSE
West_Inner_Mongolia-Coal-SUPERCRITICAL_EP,Coal-SUPERCRITICAL_EP,Coal,West_Inner_Mongolia,40,FALSE,TRUE,FALSE,FALSE,FALSE,8.322292683,0,0,0.32,0.05,56510,0,FALSE,.,.,.,0.5,FALSE
West_Inner_Mongolia-Coal-ULTRASUPERCRITICAL,Coal-ULTRASUPERCRITICAL,Coal,West_Inner_Mongolia,40,FALSE,TRUE,FALSE,FALSE,FALSE,7.420033775,0,0,0.32,0.05,.,0,FALSE,.,.,.,0.5,FALSE
West_Inner_Mongolia-Coal-ULTRASUPERCRITICAL_EP,Coal-ULTRASUPERCRITICAL_EP,Coal,West_Inner_Mongolia,40,FALSE,TRUE,FALSE,FALSE,FALSE,7.420033775,0,0,0.32,0.05,0,0,FALSE,.,.,.,0.5,FALSE
West_Inner_Mongolia-Coal-IGCC,Coal-IGCC,Coal,West_Inner_Mongolia,40,FALSE,TRUE,FALSE,FALSE,FALSE,7.317010225,0,0,0.32,0.05,.,0,FALSE,.,.,.,0.5,FALSE
West_Inner_Mongolia-Coal-IGCC_EP,Coal-IGCC_EP,Coal,West_Inner_Mongolia,40,FALSE,TRUE,FALSE,FALSE,FALSE,7.317010225,0,0,0.32,0.05,0,0,FALSE,.,.,.,0.5,FALSE
West_Inner_Mongolia-Gas-CCGT,Gas-CCGT,Gas,West_Inner_Mongolia,20,FALSE,FALSE,FALSE,TRUE,TRUE,5.884166221,0,0,0.65,0.0224,.,0,FALSE,.,.,.,0.4,FALSE
West_Inner_Mongolia-Gas-CCGT_EP,Gas-CCGT_EP,Gas,West_Inner_Mongolia,20,FALSE,FALSE,FALSE,TRUE,TRUE,5.884166221,0,0,0.65,0.0224,0,0,FALSE,.,.,.,0.4,FALSE
West_Inner_Mongolia-Gas-turbine,Gas-turbine,Gas,West_Inner_Mongolia,20,FALSE,FALSE,FALSE,TRUE,TRUE,8.610652824,0,0,0.0318,0.0413,.,0,FALSE,.,.,.,0.25,FALSE
West_Inner_Mongolia-Gas-turbine_EP,Gas-turbine_EP,Gas,West_Inner_Mongolia,20,FALSE,FALSE,FALSE,TRUE,TRUE,8.610652824,0,0,0.0318,0.0413,0,0,FALSE,.,.,.,0.25,FALSE
West_Inner_Mongolia-Nuclear,Nuclear,Uranium,West_Inner_Mongolia,40,FALSE,FALSE,TRUE,FALSE,FALSE,10.33981818,0,0,0.1112,0.0272,.,0,FALSE,.,.,.,1,FALSE
West_Inner_Mongolia-Nuclear_EP,Nuclear_EP,Uranium,West_Inner_Mongolia,40,FALSE,FALSE,TRUE,FALSE,FALSE,10.33981818,0,0,0.1112,0.0272,0,0,FALSE,.,.,.,1,FALSE
Xinjiang-Coal-SUBCRITICAL,Coal-SUBCRITICAL,Coal,Xinjiang,30,FALSE,TRUE,FALSE,FALSE,FALSE,9.222,0,0,0.52,0.05,.,0,FALSE,.,.,.,0.5,FALSE
Xinjiang-Coal-SUBCRITICAL_EP,Coal-SUBCRITICAL_EP,Coal,Xinjiang,30,FALSE,TRUE,FALSE,FALSE,FALSE,9.222,0,0,0.52,0.05,10618,0,FALSE,.,.,.,0.5,FALSE
Xinjiang-Coal-SUPERCRITICAL,Coal-SUPERCRITICAL,Coal,Xinjiang,40,FALSE,TRUE,FALSE,FALSE,FALSE,8.322292683,0,0,0.32,0.05,.,0,FALSE,.,.,.,0.5,FALSE
Xinjiang-Coal-SUPERCRITICAL_EP,Coal-SUPERCRITICAL_EP,Coal,Xinjiang,40,FALSE,TRUE,FALSE,FALSE,FALSE,8.322292683,0,0,0.32,0.05,44170,0,FALSE,.,.,.,0.5,FALSE
Xinjiang-Coal-ULTRASUPERCRITICAL,Coal-ULTRASUPERCRITICAL,Coal,Xinjiang,40,FALSE,TRUE,FALSE,FALSE,FALSE,7.420033775,0,0,0.32,0.05,.,0,FALSE,.,.,.,0.5,FALSE
Xinjiang-Coal-ULTRASUPERCRITICAL_EP,Coal-ULTRASUPERCRITICAL_EP,Coal,Xinjiang,40,FALSE,TRUE,FALSE,FALSE,FALSE,7.420033775,0,0,0.32,0.05,2200,0,FALSE,.,.,.,0.5,FALSE
Xinjiang-Coal-IGCC,Coal-IGCC,Coal,Xinjiang,40,FALSE,TRUE,FALSE,FALSE,FALSE,7.317010225,0,0,0.32,0.05,.,0,FALSE,.,.,.,0.5,FALSE
Xinjiang-Coal-IGCC_EP,Coal-IGCC_EP,Coal,Xinjiang,40,FALSE,TRUE,FALSE,FALSE,FALSE,7.317010225,0,0,0.32,0.05,0,0,FALSE,.,.,.,0.5,FALSE
Xinjiang-Gas-CCGT,Gas-CCGT,Gas,Xinjiang,20,FALSE,FALSE,FALSE,TRUE,TRUE,5.884166221,0,0,0.65,0.0224,.,0,FALSE,.,.,.,0.4,FALSE
Xinjiang-Gas-CCGT_EP,Gas-CCGT_EP,Gas,Xinjiang,20,FALSE,FALSE,FALSE,TRUE,TRUE,5.884166221,0,0,0.65,0.0224,111,0,FALSE,.,.,.,0.4,FALSE
Xinjiang-Gas-turbine,Gas-turbine,Gas,Xinjiang,20,FALSE,FALSE,FALSE,TRUE,TRUE,8.610652824,0,0,0.0318,0.0413,.,0,FALSE,.,.,.,0.25,FALSE
Xinjiang-Gas-turbine_EP,Gas-turbine_EP,Gas,Xinjiang,20,FALSE,FALSE,FALSE,TRUE,TRUE,8.610652824,0,0,0.0318,0.0413,0,0,FALSE,.,.,.,0.25,FALSE
Xinjiang-Nuclear,Nuclear,Uranium,Xinjiang,40,FALSE,FALSE,TRUE,FALSE,FALSE,10.33981818,0,0,0.1112,0.0272,.,0,FALSE,.,.,.,1,FALSE
Xinjiang-Nuclear_EP,Nuclear_EP,Uranium,Xinjiang,40,FALSE,FALSE,TRUE,FALSE,FALSE,10.33981818,0,0,0.1112,0.0272,0,0,FALSE,.,.,.,1,FALSE
Yunnan-Coal-SUBCRITICAL,Coal-SUBCRITICAL,Coal,Yunnan,30,FALSE,TRUE,FALSE,FALSE,FALSE,9.222,0,0,0.52,0.05,.,0,FALSE,.,.,.,0.5,FALSE
Yunnan-Coal-SUBCRITICAL_EP,Coal-SUBCRITICAL_EP,Coal,Yunnan,30,FALSE,TRUE,FALSE,FALSE,FALSE,9.222,0,0,0.52,0.05,1059.2,0,FALSE,.,.,.,0.5,FALSE
Yunnan-Coal-SUPERCRITICAL,Coal-SUPERCRITICAL,Coal,Yunnan,40,FALSE,TRUE,FALSE,FALSE,FALSE,8.322292683,0,0,0.32,0.05,.,0,FALSE,.,.,.,0.5,FALSE
Yunnan-Coal-SUPERCRITICAL_EP,Coal-SUPERCRITICAL_EP,Coal,Yunnan,40,FALSE,TRUE,FALSE,FALSE,FALSE,8.322292683,0,0,0.32,0.05,11400,0,FALSE,.,.,.,0.5,FALSE
Yunnan-Coal-ULTRASUPERCRITICAL,Coal-ULTRASUPERCRITICAL,Coal,Yunnan,40,FALSE,TRUE,FALSE,FALSE,FALSE,7.420033775,0,0,0.32,0.05,.,0,FALSE,.,.,.,0.5,FALSE
Yunnan-Coal-ULTRASUPERCRITICAL_EP,Coal-ULTRASUPERCRITICAL_EP,Coal,Yunnan,40,FALSE,TRUE,FALSE,FALSE,FALSE,7.420033775,0,0,0.32,0.05,0,0,FALSE,.,.,.,0.5,FALSE
Yunnan-Coal-IGCC,Coal-IGCC,Coal,Yunnan,40,FALSE,TRUE,FALSE,FALSE,FALSE,7.317010225,0,0,0.32,0.05,.,0,FALSE,.,.,.,0.5,FALSE
Yunnan-Coal-IGCC_EP,Coal-IGCC_EP,Coal,Yunnan,40,FALSE,TRUE,FALSE,FALSE,FALSE,7.317010225,0,0,0.32,0.05,0,0,FALSE,.,.,.,0.5,FALSE
Yunnan-Gas-CCGT,Gas-CCGT,Gas,Yunnan,20,FALSE,FALSE,FALSE,TRUE,TRUE,5.884166221,0,0,0.65,0.0224,.,0,FALSE,.,.,.,0.4,FALSE
Yunnan-Gas-CCGT_EP,Gas-CCGT_EP,Gas,Yunnan,20,FALSE,FALSE,FALSE,TRUE,TRUE,5.884166221,0,0,0.65,0.0224,0,0,FALSE,.,.,.,0.4,FALSE
Yunnan-Gas-turbine,Gas-turbine,Gas,Yunnan,20,FALSE,FALSE,FALSE,TRUE,TRUE,8.610652824,0,0,0.0318,0.0413,.,0,FALSE,.,.,.,0.25,FALSE
Yunnan-Gas-turbine_EP,Gas-turbine_EP,Gas,Yunnan,20,FALSE,FALSE,FALSE,TRUE,TRUE,8.610652824,0,0,0.0318,0.0413,0,0,FALSE,.,.,.,0.25,FALSE
Yunnan-Nuclear,Nuclear,Uranium,Yunnan,40,FALSE,FALSE,TRUE,FALSE,FALSE,10.33981818,0,0,0.1112,0.0272,.,0,FALSE,.,.,.,1,FALSE
Yunnan-Nuclear_EP,Nuclear_EP,Uranium,Yunnan,40,FALSE,FALSE,TRUE,FALSE,FALSE,10.33981818,0,0,0.1112,0.0272,0,0,FALSE,.,.,.,1,FALSE
Zhejiang-Coal-SUBCRITICAL,Coal-SUBCRITICAL,Coal,Zhejiang,30,FALSE,TRUE,FALSE,FALSE,FALSE,9.222,0,0,0.52,0.05,.,0,FALSE,.,.,.,0.5,FALSE
Zhejiang-Coal-SUBCRITICAL_EP,Coal-SUBCRITICAL_EP,Coal,Zhejiang,30,FALSE,TRUE,FALSE,FALSE,FALSE,9.222,0,0,0.52,0.05,7285.63,0,FALSE,.,.,.,0.5,FALSE
Zhejiang-Coal-SUPERCRITICAL,Coal-SUPERCRITICAL,Coal,Zhejiang,40,FALSE,TRUE,FALSE,FALSE,FALSE,8.322292683,0,0,0.32,0.05,.,0,FALSE,.,.,.,0.5,FALSE
Zhejiang-Coal-SUPERCRITICAL_EP,Coal-SUPERCRITICAL_EP,Coal,Zhejiang,40,FALSE,TRUE,FALSE,FALSE,FALSE,8.322292683,0,0,0.32,0.05,24740,0,FALSE,.,.,.,0.5,FALSE
Zhejiang-Coal-ULTRASUPERCRITICAL,Coal-ULTRASUPERCRITICAL,Coal,Zhejiang,40,FALSE,TRUE,FALSE,FALSE,FALSE,7.420033775,0,0,0.32,0.05,.,0,FALSE,.,.,.,0.5,FALSE
Zhejiang-Coal-ULTRASUPERCRITICAL_EP,Coal-ULTRASUPERCRITICAL_EP,Coal,Zhejiang,40,FALSE,TRUE,FALSE,FALSE,FALSE,7.420033775,0,0,0.32,0.05,18000,0,FALSE,.,.,.,0.5,FALSE
Zhejiang-Coal-IGCC,Coal-IGCC,Coal,Zhejiang,40,FALSE,TRUE,FALSE,FALSE,FALSE,7.317010225,0,0,0.32,0.05,.,0,FALSE,.,.,.,0.5,FALSE
Zhejiang-Coal-IGCC_EP,Coal-IGCC_EP,Coal,Zhejiang,40,FALSE,TRUE,FALSE,FALSE,FALSE,7.317010225,0,0,0.32,0.05,0,0,FALSE,.,.,.,0.5,FALSE
Zhejiang-Gas-CCGT,Gas-CCGT,Gas,Zhejiang,20,FALSE,FALSE,FALSE,TRUE,TRUE,5.884166221,0,0,0.65,0.0224,.,0,FALSE,.,.,.,0.4,FALSE
Zhejiang-Gas-CCGT_EP,Gas-CCGT_EP,Gas,Zhejiang,20,FALSE,FALSE,FALSE,TRUE,TRUE,5.884166221,0,0,0.65,0.0224,12267.39,0,FALSE,.,.,.,0.4,FALSE
Zhejiang-Gas-turbine,Gas-turbine,Gas,Zhejiang,20,FALSE,FALSE,FALSE,TRUE,TRUE,8.610652824,0,0,0.0318,0.0413,.,0,FALSE,.,.,.,0.25,FALSE
Zhejiang-Gas-turbine_EP,Gas-turbine_EP,Gas,Zhejiang,20,FALSE,FALSE,FALSE,TRUE,TRUE,8.610652824,0,0,0.0318,0.0413,0,0,FALSE,.,.,.,0.25,FALSE
Zhejiang-Nuclear,Nuclear,Uranium,Zhejiang,40,FALSE,FALSE,TRUE,FALSE,FALSE,10.33981818,0,0,0.1112,0.0272,.,0,FALSE,.,.,.,1,FALSE
Zhejiang-Nuclear_EP,Nuclear_EP,Uranium,Zhejiang,40,FALSE,FALSE,TRUE,FALSE,FALSE,10.33981818,0,0,0.1112,0.0272,9832,0,FALSE,.,.,.,1,FALSE
Anhui-Battery_Storage,Battery_Storage,Storage,Anhui,15,FALSE,FALSE,FALSE,TRUE,TRUE,.,0,0,0.0055,0.02,.,0,FALSE,0.85,1,4,0,FALSE
Anhui-Central_PV,Central_PV,Solar,Anhui,20,TRUE,FALSE,FALSE,TRUE,FALSE,.,0,0,0,0.02,34000,0,FALSE,.,.,.,0,FALSE
Anhui-Central_PV_EP-ep,Central_PV_EP,Solar,Anhui,20,TRUE,FALSE,FALSE,TRUE,FALSE,.,0,0,0,0.02,8878.5,0,FALSE,.,.,.,0,FALSE
Anhui-Commercial_PV,Commercial_PV,Solar,Anhui,20,TRUE,FALSE,FALSE,TRUE,FALSE,.,0,0,0,0.02,3399.999999,0,FALSE,.,.,.,0,FALSE
Anhui-Hydro_NonPumped,Hydro_NonPumped,Water,Anhui,100,FALSE,FALSE,FALSE,TRUE,TRUE,.,0,0,0.094,0.051,.,0,FALSE,.,.,.,0.3,FALSE
Anhui-Hydro_NonPumped-ep,Hydro_NonPumped,Water,Anhui,100,FALSE,FALSE,FALSE,TRUE,TRUE,.,0,0,0.094,0.051,.,0,FALSE,.,.,.,0.3,FALSE
Anhui-Hydro_Pumped-ep,Hydro_Pumped,HP,Anhui,100,FALSE,FALSE,FALSE,TRUE,TRUE,.,0,0,0.094,0.051,.,0,FALSE,0.74,1,15.5,0,TRUE
Anhui-Residential_PV,Residential_PV,Solar,Anhui,20,TRUE,FALSE,FALSE,TRUE,FALSE,.,0,0,0,0.02,4500,0,FALSE,.,.,.,0,FALSE
Anhui-Wind,Wind,Wind,Anhui,30,TRUE,FALSE,FALSE,TRUE,FALSE,.,0,0,0.0139,0.02,9030,0,FALSE,.,.,.,0,FALSE
Anhui-Wind_EP-ep,Wind_EP,Wind,Anhui,30,TRUE,FALSE,FALSE,TRUE,FALSE,.,0,0,0.0139,0.02,2174,0,FALSE,.,.,.,0,FALSE
Beijing-Battery_Storage,Battery_Storage,Storage,Beijing,15,FALSE,FALSE,FALSE,TRUE,TRUE,.,0,0,0.0055,0.02,.,0,FALSE,0.85,1,4,0,FALSE
Beijing-Central_PV,Central_PV,Solar,Beijing,20,TRUE,FALSE,FALSE,TRUE,FALSE,.,0,0,0,0.02,25000,0,FALSE,.,.,.,0,FALSE
Beijing-Central_PV_EP-ep,Central_PV_EP,Solar,Beijing,20,TRUE,FALSE,FALSE,TRUE,FALSE,.,0,0,0,0.02,249,0,FALSE,.,.,.,0,FALSE
Beijing-Commercial_PV,Commercial_PV,Solar,Beijing,20,TRUE,FALSE,FALSE,TRUE,FALSE,.,0,0,0,0.02,2700,0,FALSE,.,.,.,0,FALSE
Beijing-Hydro_NonPumped,Hydro_NonPumped,Water,Beijing,100,FALSE,FALSE,FALSE,TRUE,TRUE,.,0,0,0.094,0.051,.,0,FALSE,.,.,.,0.3,FALSE
Beijing-Hydro_NonPumped-ep,Hydro_NonPumped,Water,Beijing,100,FALSE,FALSE,FALSE,TRUE,TRUE,.,0,0,0.094,0.051,.,0,FALSE,.,.,.,0.3,FALSE
Beijing-Hydro_Pumped-ep,Hydro_Pumped,HP,Beijing,100,FALSE,FALSE,FALSE,TRUE,TRUE,.,0,0,0.094,0.051,.,0,FALSE,0.74,1,15.5,0,TRUE
Beijing-Residential_PV,Residential_PV,Solar,Beijing,20,TRUE,FALSE,FALSE,TRUE,FALSE,.,0,0,0,0.02,3699.999999,0,FALSE,.,.,.,0,FALSE
Beijing-Wind_EP-ep,Wind_EP,Wind,Beijing,30,TRUE,FALSE,FALSE,TRUE,FALSE,.,0,0,0.0139,0.02,188.5,0,FALSE,.,.,.,0,FALSE
Chongqing-Battery_Storage,Battery_Storage,Storage,Chongqing,15,FALSE,FALSE,FALSE,TRUE,TRUE,.,0,0,0.0055,0.02,.,0,FALSE,0.85,1,4,0,FALSE
Chongqing-Central_PV,Central_PV,Solar,Chongqing,20,TRUE,FALSE,FALSE,TRUE,FALSE,.,0,0,0,0.02,15000,0,FALSE,.,.,.,0,FALSE
Chongqing-Central_PV_EP-ep,Central_PV_EP,Solar,Chongqing,20,TRUE,FALSE,FALSE,TRUE,FALSE,.,0,0,0,0.02,126,0,FALSE,.,.,.,0,FALSE
Chongqing-Commercial_PV,Commercial_PV,Solar,Chongqing,20,TRUE,FALSE,FALSE,TRUE,FALSE,.,0,0,0,0.02,2000,0,FALSE,.,.,.,0,FALSE
Chongqing-Hydro_NonPumped,Hydro_NonPumped,Water,Chongqing,100,FALSE,FALSE,FALSE,TRUE,TRUE,.,0,0,0.094,0.051,.,0,FALSE,.,.,.,0.3,FALSE
Chongqing-Hydro_NonPumped-ep,Hydro_NonPumped,Water,Chongqing,100,FALSE,FALSE,FALSE,TRUE,TRUE,.,0,0,0.094,0.051,.,0,FALSE,.,.,.,0.3,FALSE
Chongqing-Hydro_Pumped-ep,Hydro_Pumped,HP,Chongqing,100,FALSE,FALSE,FALSE,TRUE,TRUE,.,0,0,0.094,0.051,.,0,FALSE,0.74,1,15.5,0,TRUE
Chongqing-Residential_PV,Residential_PV,Solar,Chongqing,20,TRUE,FALSE,FALSE,TRUE,FALSE,.,0,0,0,0.02,2600,0,FALSE,.,.,.,0,FALSE
Chongqing-Wind,Wind,Wind,Chongqing,30,TRUE,FALSE,FALSE,TRUE,FALSE,.,0,0,0.0139,0.02,5700,0,FALSE,.,.,.,0,FALSE
Chongqing-Wind_EP-ep,Wind_EP,Wind,Chongqing,30,TRUE,FALSE,FALSE,TRUE,FALSE,.,0,0,0.0139,0.02,332.7,0,FALSE,.,.,.,0,FALSE
East_Inner_Mongolia-Battery_Storage,Battery_Storage,Storage,East_Inner_Mongolia,15,FALSE,FALSE,FALSE,TRUE,TRUE,.,0,0,0.0055,0.02,.,0,FALSE,0.85,1,4,0,FALSE
East_Inner_Mongolia-Central_PV,Central_PV,Solar,East_Inner_Mongolia,20,TRUE,FALSE,FALSE,TRUE,FALSE,.,0,0,0,0.02,4111000,0,FALSE,.,.,.,0,FALSE
East_Inner_Mongolia-Central_PV_EP-ep,Central_PV_EP,Solar,East_Inner_Mongolia,20,TRUE,FALSE,FALSE,TRUE,FALSE,.,0,0,0,0.02,2184.07,0,FALSE,.,.,.,0,FALSE
East_Inner_Mongolia-Commercial_PV,Commercial_PV,Solar,East_Inner_Mongolia,20,TRUE,FALSE,FALSE,TRUE,FALSE,.,0,0,0,0.02,1000,0,FALSE,.,.,.,0,FALSE
East_Inner_Mongolia-Hydro_NonPumped,Hydro_NonPumped,Water,East_Inner_Mongolia,100,FALSE,FALSE,FALSE,TRUE,TRUE,.,0,0,0.094,0.051,.,0,FALSE,.,.,.,0.3,FALSE
East_Inner_Mongolia-Hydro_NonPumped-ep,Hydro_NonPumped,Water,East_Inner_Mongolia,100,FALSE,FALSE,FALSE,TRUE,TRUE,.,0,0,0.094,0.051,.,0,FALSE,.,.,.,0.3,FALSE
East_Inner_Mongolia-Residential_PV,Residential_PV,Solar,East_Inner_Mongolia,20,TRUE,FALSE,FALSE,TRUE,FALSE,.,0,0,0,0.02,1300,0,FALSE,.,.,.,0,FALSE
East_Inner_Mongolia-Wind,Wind,Wind,East_Inner_Mongolia,30,TRUE,FALSE,FALSE,TRUE,FALSE,.,0,0,0.0139,0.02,210100,0,FALSE,.,.,.,0,FALSE
East_Inner_Mongolia-Wind_EP-ep,Wind_EP,Wind,East_Inner_Mongolia,30,TRUE,FALSE,FALSE,TRUE,FALSE,.,0,0,0.0139,0.02,7853.75,0,FALSE,.,.,.,0,FALSE
Fujian-Battery_Storage,Battery_Storage,Storage,Fujian,15,FALSE,FALSE,FALSE,TRUE,TRUE,.,0,0,0.0055,0.02,.,0,FALSE,0.85,1,4,0,FALSE
Fujian-Central_PV,Central_PV,Solar,Fujian,20,TRUE,FALSE,FALSE,TRUE,FALSE,.,0,0,0,0.02,280000,0,FALSE,.,.,.,0,FALSE
Fujian-Central_PV_EP-ep,Central_PV_EP,Solar,Fujian,20,TRUE,FALSE,FALSE,TRUE,FALSE,.,0,0,0,0.02,928,0,FALSE,.,.,.,0,FALSE
Fujian-Commercial_PV,Commercial_PV,Solar,Fujian,20,TRUE,FALSE,FALSE,TRUE,FALSE,.,0,0,0,0.02,2400,0,FALSE,.,.,.,0,FALSE
Fujian-Hydro_NonPumped,Hydro_NonPumped,Water,Fujian,100,FALSE,FALSE,FALSE,TRUE,TRUE,.,0,0,0.094,0.051,.,0,FALSE,.,.,.,0.3,FALSE
Fujian-Hydro_NonPumped-ep,Hydro_NonPumped,Water,Fujian,100,FALSE,FALSE,FALSE,TRUE,TRUE,.,0,0,0.094,0.051,.,0,FALSE,.,.,.,0.3,FALSE
Fujian-Hydro_Pumped-ep,Hydro_Pumped,HP,Fujian,100,FALSE,FALSE,FALSE,TRUE,TRUE,.,0,0,0.094,0.051,.,0,FALSE,0.74,1,15.5,0,TRUE
Fujian-Offshore_Wind,Offshore_Wind,Wind,Fujian,30,TRUE,FALSE,FALSE,TRUE,FALSE,.,0,0,0.0262,0.02,28050,0,FALSE,.,.,.,0,FALSE
Fujian-Residential_PV,Residential_PV,Solar,Fujian,20,TRUE,FALSE,FALSE,TRUE,FALSE,.,0,0,0,0.02,3200,0,FALSE,.,.,.,0,FALSE
Fujian-Wind,Wind,Wind,Fujian,30,TRUE,FALSE,FALSE,TRUE,FALSE,.,0,0,0.0139,0.02,12200,0,FALSE,.,.,.,0,FALSE
Fujian-Wind_EP-ep,Wind_EP,Wind,Fujian,30,TRUE,FALSE,FALSE,TRUE,FALSE,.,0,0,0.0139,0.02,2518.6,0,FALSE,.,.,.,0,FALSE
Gansu-Battery_Storage,Battery_Storage,Storage,Gansu,15,FALSE,FALSE,FALSE,TRUE,TRUE,.,0,0,0.0055,0.02,.,0,FALSE,0.85,1,4,0,FALSE
Gansu-Central_PV,Central_PV,Solar,Gansu,20,TRUE,FALSE,FALSE,TRUE,FALSE,.,0,0,0,0.02,3692000,0,FALSE,.,.,.,0,FALSE
Gansu-Central_PV_EP-ep,Central_PV_EP,Solar,Gansu,20,TRUE,FALSE,FALSE,TRUE,FALSE,.,0,0,0,0.02,7857.2,0,FALSE,.,.,.,0,FALSE
Gansu-Commercial_PV,Commercial_PV,Solar,Gansu,20,TRUE,FALSE,FALSE,TRUE,FALSE,.,0,0,0,0.02,1400,0,FALSE,.,.,.,0,FALSE
Gansu-Hydro_NonPumped,Hydro_NonPumped,Water,Gansu,100,FALSE,FALSE,FALSE,TRUE,TRUE,.,0,0,0.094,0.051,.,0,FALSE,.,.,.,0.3,FALSE
Gansu-Hydro_NonPumped-ep,Hydro_NonPumped,Water,Gansu,100,FALSE,FALSE,FALSE,TRUE,TRUE,.,0,0,0.094,0.051,.,0,FALSE,.,.,.,0.3,FALSE
Gansu-Residential_PV,Residential_PV,Solar,Gansu,20,TRUE,FALSE,FALSE,TRUE,FALSE,.,0,0,0,0.02,1900,0,FALSE,.,.,.,0,FALSE
Gansu-Wind,Wind,Wind,Gansu,30,TRUE,FALSE,FALSE,TRUE,FALSE,.,0,0,0.0139,0.02,120850,0,FALSE,.,.,.,0,FALSE
Gansu-Wind_EP-ep,Wind_EP,Wind,Gansu,30,TRUE,FALSE,FALSE,TRUE,FALSE,.,0,0,0.0139,0.02,12821.3,0,FALSE,.,.,.,0,FALSE
Guangdong-Battery_Storage,Battery_Storage,Storage,Guangdong,15,FALSE,FALSE,FALSE,TRUE,TRUE,.,0,0,0.0055,0.02,.,0,FALSE,0.85,1,4,0,FALSE
Guangdong-Central_PV,Central_PV,Solar,Guangdong,20,TRUE,FALSE,FALSE,TRUE,FALSE,.,0,0,0,0.02,643000,0,FALSE,.,.,.,0,FALSE
Guangdong-Central_PV_EP-ep,Central_PV_EP,Solar,Guangdong,20,TRUE,FALSE,FALSE,TRUE,FALSE,.,0,0,0,0.02,3320,0,FALSE,.,.,.,0,FALSE
Guangdong-Commercial_PV,Commercial_PV,Solar,Guangdong,20,TRUE,FALSE,FALSE,TRUE,FALSE,.,0,0,0,0.02,10400,0,FALSE,.,.,.,0,FALSE
Guangdong-Hydro_NonPumped,Hydro_NonPumped,Water,Guangdong,100,FALSE,FALSE,FALSE,TRUE,TRUE,.,0,0,0.094,0.051,.,0,FALSE,.,.,.,0.3,FALSE
Guangdong-Hydro_NonPumped-ep,Hydro_NonPumped,Water,Guangdong,100,FALSE,FALSE,FALSE,TRUE,TRUE,.,0,0,0.094,0.051,.,0,FALSE,.,.,.,0.3,FALSE
Guangdong-Hydro_Pumped-ep,Hydro_Pumped,HP,Guangdong,100,FALSE,FALSE,FALSE,TRUE,TRUE,.,0,0,0.094,0.051,.,0,FALSE,0.74,1,15.5,0,TRUE
Guangdong-Offshore_Wind,Offshore_Wind,Wind,Guangdong,30,TRUE,FALSE,FALSE,TRUE,FALSE,.,0,0,0.0262,0.02,51710,0,FALSE,.,.,.,0,FALSE
Guangdong-Residential_PV,Residential_PV,Solar,Guangdong,20,TRUE,FALSE,FALSE,TRUE,FALSE,.,0,0,0,0.02,13900,0,FALSE,.,.,.,0,FALSE
Guangdong-Wind,Wind,Wind,Guangdong,30,TRUE,FALSE,FALSE,TRUE,FALSE,.,0,0,0.0139,0.02,19050,0,FALSE,.,.,.,0,FALSE
Guangdong-Wind_EP-ep,Wind_EP,Wind,Guangdong,30,TRUE,FALSE,FALSE,TRUE,FALSE,.,0,0,0.0139,0.02,3452.9,0,FALSE,.,.,.,0,FALSE
Guangxi-Battery_Storage,Battery_Storage,Storage,Guangxi,15,FALSE,FALSE,FALSE,TRUE,TRUE,.,0,0,0.0055,0.02,.,0,FALSE,0.85,1,4,0,FALSE
Guangxi-Central_PV,Central_PV,Solar,Guangxi,20,TRUE,FALSE,FALSE,TRUE,FALSE,.,0,0,0,0.02,706999.9998,0,FALSE,.,.,.,0,FALSE
Guangxi-Central_PV_EP-ep,Central_PV_EP,Solar,Guangxi,20,TRUE,FALSE,FALSE,TRUE,FALSE,.,0,0,0,0.02,690.2,0,FALSE,.,.,.,0,FALSE
Guangxi-Commercial_PV,Commercial_PV,Solar,Guangxi,20,TRUE,FALSE,FALSE,TRUE,FALSE,.,0,0,0,0.02,2100,0,FALSE,.,.,.,0,FALSE
Guangxi-Hydro_NonPumped,Hydro_NonPumped,Water,Guangxi,100,FALSE,FALSE,FALSE,TRUE,TRUE,.,0,0,0.094,0.051,.,0,FALSE,.,.,.,0.3,FALSE
Guangxi-Hydro_NonPumped-ep,Hydro_NonPumped,Water,Guangxi,100,FALSE,FALSE,FALSE,TRUE,TRUE,.,0,0,0.094,0.051,.,0,FALSE,.,.,.,0.3,FALSE
Guangxi-Offshore_Wind,Offshore_Wind,Wind,Guangxi,30,TRUE,FALSE,FALSE,TRUE,FALSE,.,0,0,0.0262,0.02,26590,0,FALSE,.,.,.,0,FALSE
Guangxi-Residential_PV,Residential_PV,Solar,Guangxi,20,TRUE,FALSE,FALSE,TRUE,FALSE,.,0,0,0,0.02,2800,0,FALSE,.,.,.,0,FALSE
Guangxi-Wind,Wind,Wind,Guangxi,30,TRUE,FALSE,FALSE,TRUE,FALSE,.,0,0,0.0139,0.02,36400,0,FALSE,.,.,.,0,FALSE
Guangxi-Wind_EP-ep,Wind_EP,Wind,Guangxi,30,TRUE,FALSE,FALSE,TRUE,FALSE,.,0,0,0.0139,0.02,1694.4,0,FALSE,.,.,.,0,FALSE
Guizhou-Battery_Storage,Battery_Storage,Storage,Guizhou,15,FALSE,FALSE,FALSE,TRUE,TRUE,.,0,0,0.0055,0.02,.,0,FALSE,0.85,1,4,0,FALSE
Guizhou-Central_PV,Central_PV,Solar,Guizhou,20,TRUE,FALSE,FALSE,TRUE,FALSE,.,0,0,0,0.02,338000,0,FALSE,.,.,.,0,FALSE
Guizhou-Central_PV_EP-ep,Central_PV_EP,Solar,Guizhou,20,TRUE,FALSE,FALSE,TRUE,FALSE,.,0,0,0,0.02,1551.8,0,FALSE,.,.,.,0,FALSE
Guizhou-Commercial_PV,Commercial_PV,Solar,Guizhou,20,TRUE,FALSE,FALSE,TRUE,FALSE,.,0,0,0,0.02,1000,0,FALSE,.,.,.,0,FALSE
Guizhou-Hydro_NonPumped,Hydro_NonPumped,Water,Guizhou,100,FALSE,FALSE,FALSE,TRUE,TRUE,.,0,0,0.094,0.051,.,0,FALSE,.,.,.,0.3,FALSE
Guizhou-Hydro_NonPumped-ep,Hydro_NonPumped,Water,Guizhou,100,FALSE,FALSE,FALSE,TRUE,TRUE,.,0,0,0.094,0.051,.,0,FALSE,.,.,.,0.3,FALSE
Guizhou-Residential_PV,Residential_PV,Solar,Guizhou,20,TRUE,FALSE,FALSE,TRUE,FALSE,.,0,0,0,0.02,1400,0,FALSE,.,.,.,0,FALSE
Guizhou-Wind,Wind,Wind,Guizhou,30,TRUE,FALSE,FALSE,TRUE,FALSE,.,0,0,0.0139,0.02,26280,0,FALSE,.,.,.,0,FALSE
Guizhou-Wind_EP-ep,Wind_EP,Wind,Guizhou,30,TRUE,FALSE,FALSE,TRUE,FALSE,.,0,0,0.0139,0.02,3688.8,0,FALSE,.,.,.,0,FALSE
Hainan-Battery_Storage,Battery_Storage,Storage,Hainan,15,FALSE,FALSE,FALSE,TRUE,TRUE,.,0,0,0.0055,0.02,.,0,FALSE,0.85,1,4,0,FALSE
Hainan-Central_PV,Central_PV,Solar,Hainan,20,TRUE,FALSE,FALSE,TRUE,FALSE,.,0,0,0,0.02,205000,0,FALSE,.,.,.,0,FALSE
Hainan-Central_PV_EP-ep,Central_PV_EP,Solar,Hainan,20,TRUE,FALSE,FALSE,TRUE,FALSE,.,0,0,0,0.02,418,0,FALSE,.,.,.,0,FALSE
Hainan-Commercial_PV,Commercial_PV,Solar,Hainan,20,TRUE,FALSE,FALSE,TRUE,FALSE,.,0,0,0,0.02,500.0000001,0,FALSE,.,.,.,0,FALSE
Hainan-Hydro_NonPumped,Hydro_NonPumped,Water,Hainan,100,FALSE,FALSE,FALSE,TRUE,TRUE,.,0,0,0.094,0.051,.,0,FALSE,.,.,.,0.3,FALSE
Hainan-Hydro_NonPumped-ep,Hydro_NonPumped,Water,Hainan,100,FALSE,FALSE,FALSE,TRUE,TRUE,.,0,0,0.094,0.051,.,0,FALSE,.,.,.,0.3,FALSE
Hainan-Hydro_Pumped-ep,Hydro_Pumped,HP,Hainan,100,FALSE,FALSE,FALSE,TRUE,TRUE,.,0,0,0.094,0.051,.,0,FALSE,0.74,1,15.5,0,TRUE
Hainan-Offshore_Wind,Offshore_Wind,Wind,Hainan,30,TRUE,FALSE,FALSE,TRUE,FALSE,.,0,0,0.0262,0.02,10360,0,FALSE,.,.,.,0,FALSE
Hainan-Residential_PV,Residential_PV,Solar,Hainan,20,TRUE,FALSE,FALSE,TRUE,FALSE,.,0,0,0,0.02,699.9999999,0,FALSE,.,.,.,0,FALSE
Hainan-Wind,Wind,Wind,Hainan,30,TRUE,FALSE,FALSE,TRUE,FALSE,.,0,0,0.0139,0.02,5040,0,FALSE,.,.,.,0,FALSE
Hainan-Wind_EP-ep,Wind_EP,Wind,Hainan,30,TRUE,FALSE,FALSE,TRUE,FALSE,.,0,0,0.0139,0.02,314.5,0,FALSE,.,.,.,0,FALSE
Hebei-Battery_Storage,Battery_Storage,Storage,Hebei,15,FALSE,FALSE,FALSE,TRUE,TRUE,.,0,0,0.0055,0.02,.,0,FALSE,0.85,1,4,0,FALSE
Hebei-Central_PV,Central_PV,Solar,Hebei,20,TRUE,FALSE,FALSE,TRUE,FALSE,.,0,0,0,0.02,483000,0,FALSE,.,.,.,0,FALSE
Hebei-Central_PV_EP-ep,Central_PV_EP,Solar,Hebei,20,TRUE,FALSE,FALSE,TRUE,FALSE,.,0,0,0,0.02,8813.1,0,FALSE,.,.,.,0,FALSE
Hebei-Commercial_PV,Commercial_PV,Solar,Hebei,20,TRUE,FALSE,FALSE,TRUE,FALSE,.,0,0,0,0.02,3600,0,FALSE,.,.,.,0,FALSE
Hebei-Hydro_NonPumped,Hydro_NonPumped,Water,Hebei,100,FALSE,FALSE,FALSE,TRUE,TRUE,.,0,0,0.094,0.051,.,0,FALSE,.,.,.,0.3,FALSE
Hebei-Hydro_NonPumped-ep,Hydro_NonPumped,Water,Hebei,100,FALSE,FALSE,FALSE,TRUE,TRUE,.,0,0,0.094,0.051,.,0,FALSE,.,.,.,0.3,FALSE
Hebei-Hydro_Pumped-ep,Hydro_Pumped,HP,Hebei,100,FALSE,FALSE,FALSE,TRUE,TRUE,.,0,0,0.094,0.051,.,0,FALSE,0.74,1,15.5,0,TRUE
Hebei-Offshore_Wind,Offshore_Wind,Wind,Hebei,30,TRUE,FALSE,FALSE,TRUE,FALSE,.,0,0,0.0262,0.02,24120,0,FALSE,.,.,.,0,FALSE
Hebei-Residential_PV,Residential_PV,Solar,Hebei,20,TRUE,FALSE,FALSE,TRUE,FALSE,.,0,0,0,0.02,4900,0,FALSE,.,.,.,0,FALSE
Hebei-Wind,Wind,Wind,Hebei,30,TRUE,FALSE,FALSE,TRUE,FALSE,.,0,0,0.0139,0.02,17860,0,FALSE,.,.,.,0,FALSE
Hebei-Wind_EP-ep,Wind_EP,Wind,Hebei,30,TRUE,FALSE,FALSE,TRUE,FALSE,.,0,0,0.0139,0.02,11876.6,0,FALSE,.,.,.,0,FALSE
Heilongjiang-Battery_Storage,Battery_Storage,Storage,Heilongjiang,15,FALSE,FALSE,FALSE,TRUE,TRUE,.,0,0,0.0055,0.02,.,0,FALSE,0.85,1,4,0,FALSE
Heilongjiang-Central_PV,Central_PV,Solar,Heilongjiang,20,TRUE,FALSE,FALSE,TRUE,FALSE,.,0,0,0,0.02,279000,0,FALSE,.,.,.,0,FALSE
Heilongjiang-Central_PV_EP-ep,Central_PV_EP,Solar,Heilongjiang,20,TRUE,FALSE,FALSE,TRUE,FALSE,.,0,0,0,0.02,941.3,0,FALSE,.,.,.,0,FALSE
Heilongjiang-Commercial_PV,Commercial_PV,Solar,Heilongjiang,20,TRUE,FALSE,FALSE,TRUE,FALSE,.,0,0,0,0.02,3700,0,FALSE,.,.,.,0,FALSE
Heilongjiang-Hydro_NonPumped,Hydro_NonPumped,Water,Heilongjiang,100,FALSE,FALSE,FALSE,TRUE,TRUE,.,0,0,0.094,0.051,.,0,FALSE,.,.,.,0.3,FALSE
Heilongjiang-Hydro_NonPumped-ep,Hydro_NonPumped,Water,Heilongjiang,100,FALSE,FALSE,FALSE,TRUE,TRUE,.,0,0,0.094,0.051,.,0,FALSE,.,.,.,0.3,FALSE
Heilongjiang-Hydro_Pumped-ep,Hydro_Pumped,HP,Heilongjiang,100,FALSE,FALSE,FALSE,TRUE,TRUE,.,0,0,0.094,0.051,.,0,FALSE,0.74,1,15.5,0,TRUE
Heilongjiang-Residential_PV,Residential_PV,Solar,Heilongjiang,20,TRUE,FALSE,FALSE,TRUE,FALSE,.,0,0,0,0.02,4900,0,FALSE,.,.,.,0,FALSE
Heilongjiang-Wind,Wind,Wind,Heilongjiang,30,TRUE,FALSE,FALSE,TRUE,FALSE,.,0,0,0.0139,0.02,85810.00001,0,FALSE,.,.,.,0,FALSE
Heilongjiang-Wind_EP-ep,Wind_EP,Wind,Heilongjiang,30,TRUE,FALSE,FALSE,TRUE,FALSE,.,0,0,0.0139,0.02,5704.5,0,FALSE,.,.,.,0,FALSE
Henan-Battery_Storage,Battery_Storage,Storage,Henan,15,FALSE,FALSE,FALSE,TRUE,TRUE,.,0,0,0.0055,0.02,.,0,FALSE,0.85,1,4,0,FALSE
Henan-Central_PV,Central_PV,Solar,Henan,20,TRUE,FALSE,FALSE,TRUE,FALSE,.,0,0,0,0.02,116000,0,FALSE,.,.,.,0,FALSE
Henan-Central_PV_EP-ep,Central_PV_EP,Solar,Henan,20,TRUE,FALSE,FALSE,TRUE,FALSE,.,0,0,0,0.02,7034.6,0,FALSE,.,.,.,0,FALSE
Henan-Commercial_PV,Commercial_PV,Solar,Henan,20,TRUE,FALSE,FALSE,TRUE,FALSE,.,0,0,0,0.02,4500,0,FALSE,.,.,.,0,FALSE
Henan-Hydro_NonPumped,Hydro_NonPumped,Water,Henan,100,FALSE,FALSE,FALSE,TRUE,TRUE,.,0,0,0.094,0.051,.,0,FALSE,.,.,.,0.3,FALSE
Henan-Hydro_NonPumped-ep,Hydro_NonPumped,Water,Henan,100,FALSE,FALSE,FALSE,TRUE,TRUE,.,0,0,0.094,0.051,.,0,FALSE,.,.,.,0.3,FALSE
Henan-Hydro_Pumped-ep,Hydro_Pumped,HP,Henan,100,FALSE,FALSE,FALSE,TRUE,TRUE,.,0,0,0.094,0.051,.,0,FALSE,0.74,1,15.5,0,TRUE
Henan-Residential_PV,Residential_PV,Solar,Henan,20,TRUE,FALSE,FALSE,TRUE,FALSE,.,0,0,0,0.02,6000,0,FALSE,.,.,.,0,FALSE
Henan-Wind,Wind,Wind,Henan,30,TRUE,FALSE,FALSE,TRUE,FALSE,.,0,0,0.0139,0.02,6999.999999,0,FALSE,.,.,.,0,FALSE
Henan-Wind_EP-ep,Wind_EP,Wind,Henan,30,TRUE,FALSE,FALSE,TRUE,FALSE,.,0,0,0.0139,0.02,2330.7,0,FALSE,.,.,.,0,FALSE
Hubei-Battery_Storage,Battery_Storage,Storage,Hubei,15,FALSE,FALSE,FALSE,TRUE,TRUE,.,0,0,0.0055,0.02,.,0,FALSE,0.85,1,4,0,FALSE
Hubei-Central_PV,Central_PV,Solar,Hubei,20,TRUE,FALSE,FALSE,TRUE,FALSE,.,0,0,0,0.02,70000.00002,0,FALSE,.,.,.,0,FALSE
Hubei-Central_PV_EP-ep,Central_PV_EP,Solar,Hubei,20,TRUE,FALSE,FALSE,TRUE,FALSE,.,0,0,0,0.02,4134.5,0,FALSE,.,.,.,0,FALSE
Hubei-Commercial_PV,Commercial_PV,Solar,Hubei,20,TRUE,FALSE,FALSE,TRUE,FALSE,.,0,0,0,0.02,3800,0,FALSE,.,.,.,0,FALSE
Hubei-Hydro_NonPumped,Hydro_NonPumped,Water,Hubei,100,FALSE,FALSE,FALSE,TRUE,TRUE,.,0,0,0.094,0.051,.,0,FALSE,.,.,.,0.3,FALSE
Hubei-Hydro_NonPumped-ep,Hydro_NonPumped,Water,Hubei,100,FALSE,FALSE,FALSE,TRUE,TRUE,.,0,0,0.094,0.051,.,0,FALSE,.,.,.,0.3,FALSE
Hubei-Hydro_Pumped-ep,Hydro_Pumped,HP,Hubei,100,FALSE,FALSE,FALSE,TRUE,TRUE,.,0,0,0.094,0.051,.,0,FALSE,0.74,1,15.5,0,TRUE
Hubei-Residential_PV,Residential_PV,Solar,Hubei,20,TRUE,FALSE,FALSE,TRUE,FALSE,.,0,0,0,0.02,5100,0,FALSE,.,.,.,0,FALSE
Hubei-Wind,Wind,Wind,Hubei,30,TRUE,FALSE,FALSE,TRUE,FALSE,.,0,0,0.0139,0.02,15710,0,FALSE,.,.,.,0,FALSE
Hubei-Wind_EP-ep,Wind_EP,Wind,Hubei,30,TRUE,FALSE,FALSE,TRUE,FALSE,.,0,0,0.0139,0.02,2528.3,0,FALSE,.,.,.,0,FALSE
Hunan-Battery_Storage,Battery_Storage,Storage,Hunan,15,FALSE,FALSE,FALSE,TRUE,TRUE,.,0,0,0.0055,0.02,.,0,FALSE,0.85,1,4,0,FALSE
Hunan-Central_PV,Central_PV,Solar,Hunan,20,TRUE,FALSE,FALSE,TRUE,FALSE,.,0,0,0,0.02,16000,0,FALSE,.,.,.,0,FALSE
Hunan-Central_PV_EP-ep,Central_PV_EP,Solar,Hunan,20,TRUE,FALSE,FALSE,TRUE,FALSE,.,0,0,0,0.02,1756.9,0,FALSE,.,.,.,0,FALSE
Hunan-Commercial_PV,Commercial_PV,Solar,Hunan,20,TRUE,FALSE,FALSE,TRUE,FALSE,.,0,0,0,0.02,3000,0,FALSE,.,.,.,0,FALSE
Hunan-Hydro_NonPumped,Hydro_NonPumped,Water,Hunan,100,FALSE,FALSE,FALSE,TRUE,TRUE,.,0,0,0.094,0.051,.,0,FALSE,.,.,.,0.3,FALSE
Hunan-Hydro_NonPumped-ep,Hydro_NonPumped,Water,Hunan,100,FALSE,FALSE,FALSE,TRUE,TRUE,.,0,0,0.094,0.051,.,0,FALSE,.,.,.,0.3,FALSE
Hunan-Residential_PV,Residential_PV,Solar,Hunan,20,TRUE,FALSE,FALSE,TRUE,FALSE,.,0,0,0,0.02,4000,0,FALSE,.,.,.,0,FALSE
Hunan-Wind,Wind,Wind,Hunan,30,TRUE,FALSE,FALSE,TRUE,FALSE,.,0,0,0.0139,0.02,27930,0,FALSE,.,.,.,0,FALSE
Hunan-Wind_EP-ep,Wind_EP,Wind,Hunan,30,TRUE,FALSE,FALSE,TRUE,FALSE,.,0,0,0.0139,0.02,2634.7,0,FALSE,.,.,.,0,FALSE
Jiangsu-Battery_Storage,Battery_Storage,Storage,Jiangsu,15,FALSE,FALSE,FALSE,TRUE,TRUE,.,0,0,0.0055,0.02,.,0,FALSE,0.85,1,4,0,FALSE
Jiangsu-Central_PV,Central_PV,Solar,Jiangsu,20,TRUE,FALSE,FALSE,TRUE,FALSE,.,0,0,0,0.02,8000.000001,0,FALSE,.,.,.,0,FALSE
Jiangsu-Central_PV_EP-ep,Central_PV_EP,Solar,Jiangsu,20,TRUE,FALSE,FALSE,TRUE,FALSE,.,0,0,0,0.02,9073.1,0,FALSE,.,.,.,0,FALSE
Jiangsu-Commercial_PV,Commercial_PV,Solar,Jiangsu,20,TRUE,FALSE,FALSE,TRUE,FALSE,.,0,0,0,0.02,7399.999999,0,FALSE,.,.,.,0,FALSE
Jiangsu-Hydro_NonPumped,Hydro_NonPumped,Water,Jiangsu,100,FALSE,FALSE,FALSE,TRUE,TRUE,.,0,0,0.094,0.051,.,0,FALSE,.,.,.,0.3,FALSE
Jiangsu-Hydro_NonPumped-ep,Hydro_NonPumped,Water,Jiangsu,100,FALSE,FALSE,FALSE,TRUE,TRUE,.,0,0,0.094,0.051,.,0,FALSE,.,.,.,0.3,FALSE
Jiangsu-Hydro_Pumped-ep,Hydro_Pumped,HP,Jiangsu,100,FALSE,FALSE,FALSE,TRUE,TRUE,.,0,0,0.094,0.051,.,0,FALSE,0.74,1,15.5,0,TRUE
Jiangsu-Offshore_Wind,Offshore_Wind,Wind,Jiangsu,30,TRUE,FALSE,FALSE,TRUE,FALSE,.,0,0,0.0262,0.02,107620,0,FALSE,.,.,.,0,FALSE
Jiangsu-Residential_PV,Residential_PV,Solar,Jiangsu,20,TRUE,FALSE,FALSE,TRUE,FALSE,.,0,0,0,0.02,9800,0,FALSE,.,.,.,0,FALSE
Jiangsu-Wind,Wind,Wind,Jiangsu,30,TRUE,FALSE,FALSE,TRUE,FALSE,.,0,0,0.0139,0.02,35000,0,FALSE,.,.,.,0,FALSE
Jiangsu-Wind_EP-ep,Wind_EP,Wind,Jiangsu,30,TRUE,FALSE,FALSE,TRUE,FALSE,.,0,0,0.0139,0.02,6555.6,0,FALSE,.,.,.,0,FALSE
Jiangxi-Battery_Storage,Battery_Storage,Storage,Jiangxi,15,FALSE,FALSE,FALSE,TRUE,TRUE,.,0,0,0.0055,0.02,.,0,FALSE,0.85,1,4,0,FALSE
Jiangxi-Central_PV,Central_PV,Solar,Jiangxi,20,TRUE,FALSE,FALSE,TRUE,FALSE,.,0,0,0,0.02,265000,0,FALSE,.,.,.,0,FALSE
Jiangxi-Central_PV_EP-ep,Central_PV_EP,Solar,Jiangxi,20,TRUE,FALSE,FALSE,TRUE,FALSE,.,0,0,0,0.02,4494,0,FALSE,.,.,.,0,FALSE
Jiangxi-Commercial_PV,Commercial_PV,Solar,Jiangxi,20,TRUE,FALSE,FALSE,TRUE,FALSE,.,0,0,0,0.02,2100,0,FALSE,.,.,.,0,FALSE
Jiangxi-Hydro_NonPumped,Hydro_NonPumped,Water,Jiangxi,100,FALSE,FALSE,FALSE,TRUE,TRUE,.,0,0,0.094,0.051,.,0,FALSE,.,.,.,0.3,FALSE
Jiangxi-Hydro_NonPumped-ep,Hydro_NonPumped,Water,Jiangxi,100,FALSE,FALSE,FALSE,TRUE,TRUE,.,0,0,0.094,0.051,.,0,FALSE,.,.,.,0.3,FALSE
Jiangxi-Hydro_Pumped-ep,Hydro_Pumped,HP,Jiangxi,100,FALSE,FALSE,FALSE,TRUE,TRUE,.,0,0,0.094,0.051,.,0,FALSE,0.74,1,15.5,0,TRUE
Jiangxi-Residential_PV,Residential_PV,Solar,Jiangxi,20,TRUE,FALSE,FALSE,TRUE,FALSE,.,0,0,0,0.02,2800,0,FALSE,.,.,.,0,FALSE
Jiangxi-Wind,Wind,Wind,Jiangxi,30,TRUE,FALSE,FALSE,TRUE,FALSE,.,0,0,0.0139,0.02,22480,0,FALSE,.,.,.,0,FALSE
Jiangxi-Wind_EP-ep,Wind_EP,Wind,Jiangxi,30,TRUE,FALSE,FALSE,TRUE,FALSE,.,0,0,0.0139,0.02,1688.2,0,FALSE,.,.,.,0,FALSE
Jilin-Battery_Storage,Battery_Storage,Storage,Jilin,15,FALSE,FALSE,FALSE,TRUE,TRUE,.,0,0,0.0055,0.02,.,0,FALSE,0.85,1,4,0,FALSE
Jilin-Central_PV,Central_PV,Solar,Jilin,20,TRUE,FALSE,FALSE,TRUE,FALSE,.,0,0,0,0.02,465000,0,FALSE,.,.,.,0,FALSE
Jilin-Central_PV_EP-ep,Central_PV_EP,Solar,Jilin,20,TRUE,FALSE,FALSE,TRUE,FALSE,.,0,0,0,0.02,1592.3,0,FALSE,.,.,.,0,FALSE
Jilin-Commercial_PV,Commercial_PV,Solar,Jilin,20,TRUE,FALSE,FALSE,TRUE,FALSE,.,0,0,0,0.02,2800,0,FALSE,.,.,.,0,FALSE
Jilin-Hydro_NonPumped,Hydro_NonPumped,Water,Jilin,100,FALSE,FALSE,FALSE,TRUE,TRUE,.,0,0,0.094,0.051,.,0,FALSE,.,.,.,0.3,FALSE
Jilin-Hydro_NonPumped-ep,Hydro_NonPumped,Water,Jilin,100,FALSE,FALSE,FALSE,TRUE,TRUE,.,0,0,0.094,0.051,.,0,FALSE,.,.,.,0.3,FALSE
Jilin-Hydro_Pumped-ep,Hydro_Pumped,HP,Jilin,100,FALSE,FALSE,FALSE,TRUE,TRUE,.,0,0,0.094,0.051,.,0,FALSE,0.74,1,15.5,0,TRUE
Jilin-Residential_PV,Residential_PV,Solar,Jilin,20,TRUE,FALSE,FALSE,TRUE,FALSE,.,0,0,0,0.02,3700,0,FALSE,.,.,.,0,FALSE
Jilin-Wind,Wind,Wind,Jilin,30,TRUE,FALSE,FALSE,TRUE,FALSE,.,0,0,0.0139,0.02,30090,0,FALSE,.,.,.,0,FALSE
Jilin-Wind_EP-ep,Wind_EP,Wind,Jilin,30,TRUE,FALSE,FALSE,TRUE,FALSE,.,0,0,0.0139,0.02,5046.8,0,FALSE,.,.,.,0,FALSE
Liaoning-Battery_Storage,Battery_Storage,Storage,Liaoning,15,FALSE,FALSE,FALSE,TRUE,TRUE,.,0,0,0.0055,0.02,.,0,FALSE,0.85,1,4,0,FALSE
Liaoning-Central_PV,Central_PV,Solar,Liaoning,20,TRUE,FALSE,FALSE,TRUE,FALSE,.,0,0,0,0.02,420000,0,FALSE,.,.,.,0,FALSE
Liaoning-Central_PV_EP-ep,Central_PV_EP,Solar,Liaoning,20,TRUE,FALSE,FALSE,TRUE,FALSE,.,0,0,0,0.02,2225.6,0,FALSE,.,.,.,0,FALSE
Liaoning-Commercial_PV,Commercial_PV,Solar,Liaoning,20,TRUE,FALSE,FALSE,TRUE,FALSE,.,0,0,0,0.02,5000,0,FALSE,.,.,.,0,FALSE
Liaoning-Hydro_NonPumped,Hydro_NonPumped,Water,Liaoning,100,FALSE,FALSE,FALSE,TRUE,TRUE,.,0,0,0.094,0.051,.,0,FALSE,.,.,.,0.3,FALSE
Liaoning-Hydro_NonPumped-ep,Hydro_NonPumped,Water,Liaoning,100,FALSE,FALSE,FALSE,TRUE,TRUE,.,0,0,0.094,0.051,.,0,FALSE,.,.,.,0.3,FALSE
Liaoning-Hydro_Pumped-ep,Hydro_Pumped,HP,Liaoning,100,FALSE,FALSE,FALSE,TRUE,TRUE,.,0,0,0.094,0.051,.,0,FALSE,0.74,1,15.5,0,TRUE
Liaoning-Offshore_Wind,Offshore_Wind,Wind,Liaoning,30,TRUE,FALSE,FALSE,TRUE,FALSE,.,0,0,0.0262,0.02,60580,0,FALSE,.,.,.,0,FALSE
Liaoning-Residential_PV,Residential_PV,Solar,Liaoning,20,TRUE,FALSE,FALSE,TRUE,FALSE,.,0,0,0,0.02,6700,0,FALSE,.,.,.,0,FALSE
Liaoning-Wind,Wind,Wind,Liaoning,30,TRUE,FALSE,FALSE,TRUE,FALSE,.,0,0,0.0139,0.02,14070,0,FALSE,.,.,.,0,FALSE
Liaoning-Wind_EP-ep,Wind_EP,Wind,Liaoning,30,TRUE,FALSE,FALSE,TRUE,FALSE,.,0,0,0.0139,0.02,7106.4,0,FALSE,.,.,.,0,FALSE
Ningxia-Battery_Storage,Battery_Storage,Storage,Ningxia,15,FALSE,FALSE,FALSE,TRUE,TRUE,.,0,0,0.0055,0.02,.,0,FALSE,0.85,1,4,0,FALSE
Ningxia-Central_PV,Central_PV,Solar,Ningxia,20,TRUE,FALSE,FALSE,TRUE,FALSE,.,0,0,0,0.02,516000,0,FALSE,.,.,.,0,FALSE
Ningxia-Central_PV_EP-ep,Central_PV_EP,Solar,Ningxia,20,TRUE,FALSE,FALSE,TRUE,FALSE,.,0,0,0,0.02,6201.7,0,FALSE,.,.,.,0,FALSE
Ningxia-Commercial_PV,Commercial_PV,Solar,Ningxia,20,TRUE,FALSE,FALSE,TRUE,FALSE,.,0,0,0,0.02,799.9999998,0,FALSE,.,.,.,0,FALSE
Ningxia-Hydro_NonPumped,Hydro_NonPumped,Water,Ningxia,100,FALSE,FALSE,FALSE,TRUE,TRUE,.,0,0,0.094,0.051,.,0,FALSE,.,.,.,0.3,FALSE
Ningxia-Hydro_NonPumped-ep,Hydro_NonPumped,Water,Ningxia,100,FALSE,FALSE,FALSE,TRUE,TRUE,.,0,0,0.094,0.051,.,0,FALSE,.,.,.,0.3,FALSE
Ningxia-Residential_PV,Residential_PV,Solar,Ningxia,20,TRUE,FALSE,FALSE,TRUE,FALSE,.,0,0,0,0.02,1000,0,FALSE,.,.,.,0,FALSE
Ningxia-Wind,Wind,Wind,Ningxia,30,TRUE,FALSE,FALSE,TRUE,FALSE,.,0,0,0.0139,0.02,13760,0,FALSE,.,.,.,0,FALSE
Ningxia-Wind_EP-ep,Wind_EP,Wind,Ningxia,30,TRUE,FALSE,FALSE,TRUE,FALSE,.,0,0,0.0139,0.02,9416.2,0,FALSE,.,.,.,0,FALSE
Qinghai-Battery_Storage,Battery_Storage,Storage,Qinghai,15,FALSE,FALSE,FALSE,TRUE,TRUE,.,0,0,0.0055,0.02,.,0,FALSE,0.85,1,4,0,FALSE
Qinghai-Central_PV,Central_PV,Solar,Qinghai,20,TRUE,FALSE,FALSE,TRUE,FALSE,.,0,0,0,0.02,1791000,0,FALSE,.,.,.,0,FALSE
Qinghai-Central_PV_EP-ep,Central_PV_EP,Solar,Qinghai,20,TRUE,FALSE,FALSE,TRUE,FALSE,.,0,0,0,0.02,7914.7,0,FALSE,.,.,.,0,FALSE
Qinghai-Commercial_PV,Commercial_PV,Solar,Qinghai,20,TRUE,FALSE,FALSE,TRUE,FALSE,.,0,0,0,0.02,300,0,FALSE,.,.,.,0,FALSE
Qinghai-Hydro_NonPumped,Hydro_NonPumped,Water,Qinghai,100,FALSE,FALSE,FALSE,TRUE,TRUE,.,0,0,0.094,0.051,.,0,FALSE,.,.,.,0.3,FALSE
Qinghai-Hydro_NonPumped-ep,Hydro_NonPumped,Water,Qinghai,100,FALSE,FALSE,FALSE,TRUE,TRUE,.,0,0,0.094,0.051,.,0,FALSE,.,.,.,0.3,FALSE
Qinghai-Residential_PV,Residential_PV,Solar,Qinghai,20,TRUE,FALSE,FALSE,TRUE,FALSE,.,0,0,0,0.02,300,0,FALSE,.,.,.,0,FALSE
Qinghai-Wind,Wind,Wind,Qinghai,30,TRUE,FALSE,FALSE,TRUE,FALSE,.,0,0,0.0139,0.02,80410,0,FALSE,.,.,.,0,FALSE
Qinghai-Wind_EP-ep,Wind_EP,Wind,Qinghai,30,TRUE,FALSE,FALSE,TRUE,FALSE,.,0,0,0.0139,0.02,1620,0,FALSE,.,.,.,0,FALSE
Shaanxi-Battery_Storage,Battery_Storage,Storage,Shaanxi,15,FALSE,FALSE,FALSE,TRUE,TRUE,.,0,0,0.0055,0.02,.,0,FALSE,0.85,1,4,0,FALSE
Shaanxi-Central_PV,Central_PV,Solar,Shaanxi,20,TRUE,FALSE,FALSE,TRUE,FALSE,.,0,0,0,0.02,1106000,0,FALSE,.,.,.,0,FALSE
Shaanxi-Central_PV_EP-ep,Central_PV_EP,Solar,Shaanxi,20,TRUE,FALSE,FALSE,TRUE,FALSE,.,0,0,0,0.02,5340.8,0,FALSE,.,.,.,0,FALSE
Shaanxi-Commercial_PV,Commercial_PV,Solar,Shaanxi,20,TRUE,FALSE,FALSE,TRUE,FALSE,.,0,0,0,0.02,1700,0,FALSE,.,.,.,0,FALSE
Shaanxi-Hydro_NonPumped,Hydro_NonPumped,Water,Shaanxi,100,FALSE,FALSE,FALSE,TRUE,TRUE,.,0,0,0.094,0.051,.,0,FALSE,.,.,.,0.3,FALSE
Shaanxi-Hydro_NonPumped-ep,Hydro_NonPumped,Water,Shaanxi,100,FALSE,FALSE,FALSE,TRUE,TRUE,.,0,0,0.094,0.051,.,0,FALSE,.,.,.,0.3,FALSE
Shaanxi-Hydro_Pumped-ep,Hydro_Pumped,HP,Shaanxi,100,FALSE,FALSE,FALSE,TRUE,TRUE,.,0,0,0.094,0.051,.,0,FALSE,0.74,1,15.5,0,TRUE
Shaanxi-Residential_PV,Residential_PV,Solar,Shaanxi,20,TRUE,FALSE,FALSE,TRUE,FALSE,.,0,0,0,0.02,2300,0,FALSE,.,.,.,0,FALSE
Shaanxi-Wind,Wind,Wind,Shaanxi,30,TRUE,FALSE,FALSE,TRUE,FALSE,.,0,0,0.0139,0.02,35060,0,FALSE,.,.,.,0,FALSE
Shaanxi-Wind_EP-ep,Wind_EP,Wind,Shaanxi,30,TRUE,FALSE,FALSE,TRUE,FALSE,.,0,0,0.0139,0.02,3634.4,0,FALSE,.,.,.,0,FALSE
Shandong-Battery_Storage,Battery_Storage,Storage,Shandong,15,FALSE,FALSE,FALSE,TRUE,TRUE,.,0,0,0.0055,0.02,.,0,FALSE,0.85,1,4,0,FALSE
Shandong-Central_PV,Central_PV,Solar,Shandong,20,TRUE,FALSE,FALSE,TRUE,FALSE,.,0,0,0,0.02,313000,0,FALSE,.,.,.,0,FALSE
Shandong-Central_PV_EP-ep,Central_PV_EP,Solar,Shandong,20,TRUE,FALSE,FALSE,TRUE,FALSE,.,0,0,0,0.02,10523.1,0,FALSE,.,.,.,0,FALSE
Shandong-Commercial_PV,Commercial_PV,Solar,Shandong,20,TRUE,FALSE,FALSE,TRUE,FALSE,.,0,0,0,0.02,8000.000001,0,FALSE,.,.,.,0,FALSE
Shandong-Hydro_NonPumped,Hydro_NonPumped,Water,Shandong,100,FALSE,FALSE,FALSE,TRUE,TRUE,.,0,0,0.094,0.051,.,0,FALSE,.,.,.,0.3,FALSE
Shandong-Hydro_NonPumped-ep,Hydro_NonPumped,Water,Shandong,100,FALSE,FALSE,FALSE,TRUE,TRUE,.,0,0,0.094,0.051,.,0,FALSE,.,.,.,0.3,FALSE
Shandong-Hydro_Pumped-ep,Hydro_Pumped,HP,Shandong,100,FALSE,FALSE,FALSE,TRUE,TRUE,.,0,0,0.094,0.051,.,0,FALSE,0.74,1,15.5,0,TRUE
Shandong-Offshore_Wind,Offshore_Wind,Wind,Shandong,30,TRUE,FALSE,FALSE,TRUE,FALSE,.,0,0,0.0262,0.02,76540,0,FALSE,.,.,.,0,FALSE
Shandong-Residential_PV,Residential_PV,Solar,Shandong,20,TRUE,FALSE,FALSE,TRUE,FALSE,.,0,0,0,0.02,10700,0,FALSE,.,.,.,0,FALSE
Shandong-Wind,Wind,Wind,Shandong,30,TRUE,FALSE,FALSE,TRUE,FALSE,.,0,0,0.0139,0.02,8810,0,FALSE,.,.,.,0,FALSE
Shandong-Wind_EP-ep,Wind_EP,Wind,Shandong,30,TRUE,FALSE,FALSE,TRUE,FALSE,.,0,0,0.0139,0.02,10611.4,0,FALSE,.,.,.,0,FALSE
Shanghai-Battery_Storage,Battery_Storage,Storage,Shanghai,15,FALSE,FALSE,FALSE,TRUE,TRUE,.,0,0,0.0055,0.02,.,0,FALSE,0.85,1,4,0,FALSE
Shanghai-Central_PV,Central_PV,Solar,Shanghai,20,TRUE,FALSE,FALSE,TRUE,FALSE,.,0,0,0,0.02,5001,0,FALSE,.,.,.,0,FALSE
Shanghai-Central_PV_EP-ep,Central_PV_EP,Solar,Shanghai,20,TRUE,FALSE,FALSE,TRUE,FALSE,.,0,0,0,0.02,578.1,0,FALSE,.,.,.,0,FALSE
Shanghai-Commercial_PV,Commercial_PV,Solar,Shanghai,20,TRUE,FALSE,FALSE,TRUE,FALSE,.,0,0,0,0.02,2200,0,FALSE,.,.,.,0,FALSE
Shanghai-Offshore_Wind,Offshore_Wind,Wind,Shanghai,30,TRUE,FALSE,FALSE,TRUE,FALSE,.,0,0,0.0262,0.02,24300,0,FALSE,.,.,.,0,FALSE
Shanghai-Residential_PV,Residential_PV,Solar,Shanghai,20,TRUE,FALSE,FALSE,TRUE,FALSE,.,0,0,0,0.02,3000,0,FALSE,.,.,.,0,FALSE
Shanghai-Wind,Wind,Wind,Shanghai,30,TRUE,FALSE,FALSE,TRUE,FALSE,.,0,0,0.0139,0.02,69.99999999,0,FALSE,.,.,.,0,FALSE
Shanghai-Wind_EP-ep,Wind_EP,Wind,Shanghai,30,TRUE,FALSE,FALSE,TRUE,FALSE,.,0,0,0.0139,0.02,711.9,0,FALSE,.,.,.,0,FALSE
Shanxi-Battery_Storage,Battery_Storage,Storage,Shanxi,15,FALSE,FALSE,FALSE,TRUE,TRUE,.,0,0,0.0055,0.02,.,0,FALSE,0.85,1,4,0,FALSE
Shanxi-Central_PV,Central_PV,Solar,Shanxi,20,TRUE,FALSE,FALSE,TRUE,FALSE,.,0,0,0,0.02,689000,0,FALSE,.,.,.,0,FALSE
Shanxi-Central_PV_EP-ep,Central_PV_EP,Solar,Shanxi,20,TRUE,FALSE,FALSE,TRUE,FALSE,.,0,0,0,0.02,5903.8,0,FALSE,.,.,.,0,FALSE
Shanxi-Commercial_PV,Commercial_PV,Solar,Shanxi,20,TRUE,FALSE,FALSE,TRUE,FALSE,.,0,0,0,0.02,1900,0,FALSE,.,.,.,0,FALSE
Shanxi-Hydro_NonPumped,Hydro_NonPumped,Water,Shanxi,100,FALSE,FALSE,FALSE,TRUE,TRUE,.,0,0,0.094,0.051,.,0,FALSE,.,.,.,0.3,FALSE
Shanxi-Hydro_NonPumped-ep,Hydro_NonPumped,Water,Shanxi,100,FALSE,FALSE,FALSE,TRUE,TRUE,.,0,0,0.094,0.051,.,0,FALSE,.,.,.,0.3,FALSE
Shanxi-Hydro_Pumped-ep,Hydro_Pumped,HP,Shanxi,100,FALSE,FALSE,FALSE,TRUE,TRUE,.,0,0,0.094,0.051,.,0,FALSE,0.74,1,15.5,0,TRUE
Shanxi-Residential_PV,Residential_PV,Solar,Shanxi,20,TRUE,FALSE,FALSE,TRUE,FALSE,.,0,0,0,0.02,2600,0,FALSE,.,.,.,0,FALSE
Shanxi-Wind,Wind,Wind,Shanxi,30,TRUE,FALSE,FALSE,TRUE,FALSE,.,0,0,0.0139,0.02,22350,0,FALSE,.,.,.,0,FALSE
Shanxi-Wind_EP-ep,Wind_EP,Wind,Shanxi,30,TRUE,FALSE,FALSE,TRUE,FALSE,.,0,0,0.0139,0.02,8716.3,0,FALSE,.,.,.,0,FALSE
Sichuan-Battery_Storage,Battery_Storage,Storage,Sichuan,15,FALSE,FALSE,FALSE,TRUE,TRUE,.,0,0,0.0055,0.02,.,0,FALSE,0.85,1,4,0,FALSE
Sichuan-Central_PV,Central_PV,Solar,Sichuan,20,TRUE,FALSE,FALSE,TRUE,FALSE,.,0,0,0,0.02,116000,0,FALSE,.,.,.,0,FALSE
Sichuan-Central_PV_EP-ep,Central_PV_EP,Solar,Sichuan,20,TRUE,FALSE,FALSE,TRUE,FALSE,.,0,0,0,0.02,1347.5,0,FALSE,.,.,.,0,FALSE
Sichuan-Commercial_PV,Commercial_PV,Solar,Sichuan,20,TRUE,FALSE,FALSE,TRUE,FALSE,.,0,0,0,0.02,3700,0,FALSE,.,.,.,0,FALSE
Sichuan-Hydro_NonPumped,Hydro_NonPumped,Water,Sichuan,100,FALSE,FALSE,FALSE,TRUE,TRUE,.,0,0,0.094,0.051,.,0,FALSE,.,.,.,0.3,FALSE
Sichuan-Hydro_NonPumped-ep,Hydro_NonPumped,Water,Sichuan,100,FALSE,FALSE,FALSE,TRUE,TRUE,.,0,0,0.094,0.051,.,0,FALSE,.,.,.,0.3,FALSE
Sichuan-Hydro_Pumped-ep,Hydro_Pumped,HP,Sichuan,100,FALSE,FALSE,FALSE,TRUE,TRUE,.,0,0,0.094,0.051,.,0,FALSE,0.74,1,15.5,0,TRUE
Sichuan-Residential_PV,Residential_PV,Solar,Sichuan,20,TRUE,FALSE,FALSE,TRUE,FALSE,.,0,0,0,0.02,4900,0,FALSE,.,.,.,0,FALSE
Sichuan-Wind,Wind,Wind,Sichuan,30,TRUE,FALSE,FALSE,TRUE,FALSE,.,0,0,0.0139,0.02,12980,0,FALSE,.,.,.,0,FALSE
Sichuan-Wind_EP-ep,Wind_EP,Wind,Sichuan,30,TRUE,FALSE,FALSE,TRUE,FALSE,.,0,0,0.0139,0.02,2104.5,0,FALSE,.,.,.,0,FALSE
Tianjin-Battery_Storage,Battery_Storage,Storage,Tianjin,15,FALSE,FALSE,FALSE,TRUE,TRUE,.,0,0,0.0055,0.02,.,0,FALSE,0.85,1,4,0,FALSE
Tianjin-Central_PV,Central_PV,Solar,Tianjin,20,TRUE,FALSE,FALSE,TRUE,FALSE,.,0,0,0,0.02,7000,0,FALSE,.,.,.,0,FALSE
Tianjin-Central_PV_EP-ep,Central_PV_EP,Solar,Tianjin,20,TRUE,FALSE,FALSE,TRUE,FALSE,.,0,0,0,0.02,678.4,0,FALSE,.,.,.,0,FALSE
Tianjin-Commercial_PV,Commercial_PV,Solar,Tianjin,20,TRUE,FALSE,FALSE,TRUE,FALSE,.,0,0,0,0.02,1500,0,FALSE,.,.,.,0,FALSE
Tianjin-Hydro_NonPumped,Hydro_NonPumped,Water,Tianjin,100,FALSE,FALSE,FALSE,TRUE,TRUE,.,0,0,0.094,0.051,.,0,FALSE,.,.,.,0.3,FALSE
Tianjin-Hydro_NonPumped-ep,Hydro_NonPumped,Water,Tianjin,100,FALSE,FALSE,FALSE,TRUE,TRUE,.,0,0,0.094,0.051,.,0,FALSE,.,.,.,0.3,FALSE
Tianjin-Offshore_Wind,Offshore_Wind,Wind,Tianjin,30,TRUE,FALSE,FALSE,TRUE,FALSE,.,0,0,0.0262,0.02,5560,0,FALSE,.,.,.,0,FALSE
Tianjin-Residential_PV,Residential_PV,Solar,Tianjin,20,TRUE,FALSE,FALSE,TRUE,FALSE,.,0,0,0,0.02,2100,0,FALSE,.,.,.,0,FALSE
Tianjin-Wind,Wind,Wind,Tianjin,30,TRUE,FALSE,FALSE,TRUE,FALSE,.,0,0,0.0139,0.02,170,0,FALSE,.,.,.,0,FALSE
Tianjin-Wind_EP-ep,Wind_EP,Wind,Tianjin,30,TRUE,FALSE,FALSE,TRUE,FALSE,.,0,0,0.0139,0.02,285.5,0,FALSE,.,.,.,0,FALSE
Tibet-Battery_Storage,Battery_Storage,Storage,Tibet,15,FALSE,FALSE,FALSE,TRUE,TRUE,.,0,0,0.0055,0.02,.,0,FALSE,0.85,1,4,0,FALSE
Tibet-Central_PV,Central_PV,Solar,Tibet,20,TRUE,FALSE,FALSE,TRUE,FALSE,.,0,0,0,0.02,21000,0,FALSE,.,.,.,0,FALSE
Tibet-Commercial_PV,Commercial_PV,Solar,Tibet,20,TRUE,FALSE,FALSE,TRUE,FALSE,.,0,0,0,0.02,200,0,FALSE,.,.,.,0,FALSE
Tibet-Hydro_NonPumped,Hydro_NonPumped,Water,Tibet,100,FALSE,FALSE,FALSE,TRUE,TRUE,.,0,0,0.094,0.051,.,0,FALSE,.,.,.,0.3,FALSE
Tibet-Hydro_NonPumped-ep,Hydro_NonPumped,Water,Tibet,100,FALSE,FALSE,FALSE,TRUE,TRUE,.,0,0,0.094,0.051,.,0,FALSE,.,.,.,0.3,FALSE
Tibet-Hydro_Pumped-ep,Hydro_Pumped,HP,Tibet,100,FALSE,FALSE,FALSE,TRUE,TRUE,.,0,0,0.094,0.051,.,0,FALSE,0.74,1,15.5,0,TRUE
Tibet-Residential_PV,Residential_PV,Solar,Tibet,20,TRUE,FALSE,FALSE,TRUE,FALSE,.,0,0,0,0.02,300,0,FALSE,.,.,.,0,FALSE
Tibet-Wind,Wind,Wind,Tibet,30,TRUE,FALSE,FALSE,TRUE,FALSE,.,0,0,0.0139,0.02,830,0,FALSE,.,.,.,0,FALSE
West_Inner_Mongolia-Battery_Storage,Battery_Storage,Storage,West_Inner_Mongolia,15,FALSE,FALSE,FALSE,TRUE,TRUE,.,0,0,0.0055,0.02,.,0,FALSE,0.85,1,4,0,FALSE
West_Inner_Mongolia-Central_PV,Central_PV,Solar,West_Inner_Mongolia,20,TRUE,FALSE,FALSE,TRUE,FALSE,.,0,0,0,0.02,9488000,0,FALSE,.,.,.,0,FALSE
West_Inner_Mongolia-Central_PV_EP-ep,Central_PV_EP,Solar,West_Inner_Mongolia,20,TRUE,FALSE,FALSE,TRUE,FALSE,.,0,0,0,0.02,5241.73,0,FALSE,.,.,.,0,FALSE
West_Inner_Mongolia-Commercial_PV,Commercial_PV,Solar,West_Inner_Mongolia,20,TRUE,FALSE,FALSE,TRUE,FALSE,.,0,0,0,0.02,1400,0,FALSE,.,.,.,0,FALSE
West_Inner_Mongolia-Hydro_NonPumped,Hydro_NonPumped,Water,West_Inner_Mongolia,100,FALSE,FALSE,FALSE,TRUE,TRUE,.,0,0,0.094,0.051,.,0,FALSE,.,.,.,0.3,FALSE
West_Inner_Mongolia-Hydro_NonPumped-ep,Hydro_NonPumped,Water,West_Inner_Mongolia,100,FALSE,FALSE,FALSE,TRUE,TRUE,.,0,0,0.094,0.051,.,0,FALSE,.,.,.,0.3,FALSE
West_Inner_Mongolia-Hydro_Pumped-ep,Hydro_Pumped,HP,West_Inner_Mongolia,100,FALSE,FALSE,FALSE,TRUE,TRUE,.,0,0,0.094,0.051,.,0,FALSE,0.74,1,15.5,0,TRUE
West_Inner_Mongolia-Residential_PV,Residential_PV,Solar,West_Inner_Mongolia,20,TRUE,FALSE,FALSE,TRUE,FALSE,.,0,0,0,0.02,1800,0,FALSE,.,.,.,0,FALSE
West_Inner_Mongolia-Wind,Wind,Wind,West_Inner_Mongolia,30,TRUE,FALSE,FALSE,TRUE,FALSE,.,0,0,0.0139,0.02,351900,0,FALSE,.,.,.,0,FALSE
West_Inner_Mongolia-Wind_EP-ep,Wind_EP,Wind,West_Inner_Mongolia,30,TRUE,FALSE,FALSE,TRUE,FALSE,.,0,0,0.0139,0.02,18849.05,0,FALSE,.,.,.,0,FALSE
Xinjiang-Battery_Storage,Battery_Storage,Storage,Xinjiang,15,FALSE,FALSE,FALSE,TRUE,TRUE,.,0,0,0.0055,0.02,.,0,FALSE,0.85,1,4,0,FALSE
Xinjiang-Central_PV,Central_PV,Solar,Xinjiang,20,TRUE,FALSE,FALSE,TRUE,FALSE,.,0,0,0,0.02,12343000,0,FALSE,.,.,.,0,FALSE
Xinjiang-Central_PV_EP-ep,Central_PV_EP,Solar,Xinjiang,20,TRUE,FALSE,FALSE,TRUE,FALSE,.,0,0,0,0.02,9340.4,0,FALSE,.,.,.,0,FALSE
Xinjiang-Commercial_PV,Commercial_PV,Solar,Xinjiang,20,TRUE,FALSE,FALSE,TRUE,FALSE,.,0,0,0,0.02,1900,0,FALSE,.,.,.,0,FALSE
Xinjiang-Hydro_NonPumped,Hydro_NonPumped,Water,Xinjiang,100,FALSE,FALSE,FALSE,TRUE,TRUE,.,0,0,0.094,0.051,.,0,FALSE,.,.,.,0.3,FALSE
Xinjiang-Hydro_NonPumped-ep,Hydro_NonPumped,Water,Xinjiang,100,FALSE,FALSE,FALSE,TRUE,TRUE,.,0,0,0.094,0.051,.,0,FALSE,.,.,.,0.3,FALSE
Xinjiang-Hydro_Pumped-ep,Hydro_Pumped,HP,Xinjiang,100,FALSE,FALSE,FALSE,TRUE,TRUE,.,0,0,0.094,0.051,.,0,FALSE,0.74,1,15.5,0,TRUE
Xinjiang-Residential_PV,Residential_PV,Solar,Xinjiang,20,TRUE,FALSE,FALSE,TRUE,FALSE,.,0,0,0,0.02,2500,0,FALSE,.,.,.,0,FALSE
Xinjiang-Wind,Wind,Wind,Xinjiang,30,TRUE,FALSE,FALSE,TRUE,FALSE,.,0,0,0.0139,0.02,567600,0,FALSE,.,.,.,0,FALSE
Xinjiang-Wind_EP-ep,Wind_EP,Wind,Xinjiang,30,TRUE,FALSE,FALSE,TRUE,FALSE,.,0,0,0.0139,0.02,18059.3,0,FALSE,.,.,.,0,FALSE
Yunnan-Battery_Storage,Battery_Storage,Storage,Yunnan,15,FALSE,FALSE,FALSE,TRUE,TRUE,.,0,0,0.0055,0.02,.,0,FALSE,0.85,1,4,0,FALSE
Yunnan-Central_PV,Central_PV,Solar,Yunnan,20,TRUE,FALSE,FALSE,TRUE,FALSE,.,0,0,0,0.02,598000,0,FALSE,.,.,.,0,FALSE
Yunnan-Central_PV_EP-ep,Central_PV_EP,Solar,Yunnan,20,TRUE,FALSE,FALSE,TRUE,FALSE,.,0,0,0,0.02,2331,0,FALSE,.,.,.,0,FALSE
Yunnan-Commercial_PV,Commercial_PV,Solar,Yunnan,20,TRUE,FALSE,FALSE,TRUE,FALSE,.,0,0,0,0.02,1700,0,FALSE,.,.,.,0,FALSE
Yunnan-Hydro_NonPumped,Hydro_NonPumped,Water,Yunnan,100,FALSE,FALSE,FALSE,TRUE,TRUE,.,0,0,0.094,0.051,.,0,FALSE,.,.,.,0.3,FALSE
Yunnan-Hydro_NonPumped-ep,Hydro_NonPumped,Water,Yunnan,100,FALSE,FALSE,FALSE,TRUE,TRUE,.,0,0,0.094,0.051,.,0,FALSE,.,.,.,0.3,FALSE
Yunnan-Residential_PV,Residential_PV,Solar,Yunnan,20,TRUE,FALSE,FALSE,TRUE,FALSE,.,0,0,0,0.02,2300,0,FALSE,.,.,.,0,FALSE
Yunnan-Wind,Wind,Wind,Yunnan,30,TRUE,FALSE,FALSE,TRUE,FALSE,.,0,0,0.0139,0.02,33590,0,FALSE,.,.,.,0,FALSE
Yunnan-Wind_EP-ep,Wind_EP,Wind,Yunnan,30,TRUE,FALSE,FALSE,TRUE,FALSE,.,0,0,0.0139,0.02,8186.5,0,FALSE,.,.,.,0,FALSE
Zhejiang-Battery_Storage,Battery_Storage,Storage,Zhejiang,15,FALSE,FALSE,FALSE,TRUE,TRUE,.,0,0,0.0055,0.02,.,0,FALSE,0.85,1,4,0,FALSE
Zhejiang-Central_PV,Central_PV,Solar,Zhejiang,20,TRUE,FALSE,FALSE,TRUE,FALSE,.,0,0,0,0.02,120000,0,FALSE,.,.,.,0,FALSE
Zhejiang-Central_PV_EP-ep,Central_PV_EP,Solar,Zhejiang,20,TRUE,FALSE,FALSE,TRUE,FALSE,.,0,0,0,0.02,8137,0,FALSE,.,.,.,0,FALSE
Zhejiang-Commercial_PV,Commercial_PV,Solar,Zhejiang,20,TRUE,FALSE,FALSE,TRUE,FALSE,.,0,0,0,0.02,4800,0,FALSE,.,.,.,0,FALSE
Zhejiang-Hydro_NonPumped,Hydro_NonPumped,Water,Zhejiang,100,FALSE,FALSE,FALSE,TRUE,TRUE,.,0,0,0.094,0.051,.,0,FALSE,.,.,.,0.3,FALSE
Zhejiang-Hydro_NonPumped-ep,Hydro_NonPumped,Water,Zhejiang,100,FALSE,FALSE,FALSE,TRUE,TRUE,.,0,0,0.094,0.051,.,0,FALSE,.,.,.,0.3,FALSE
Zhejiang-Hydro_Pumped-ep,Hydro_Pumped,HP,Zhejiang,100,FALSE,FALSE,FALSE,TRUE,TRUE,.,0,0,0.094,0.051,.,0,FALSE,0.74,1,15.5,0,TRUE
Zhejiang-Offshore_Wind,Offshore_Wind,Wind,Zhejiang,30,TRUE,FALSE,FALSE,TRUE,FALSE,.,0,0,0.0262,0.02,53840,0,FALSE,.,.,.,0,FALSE
Zhejiang-Residential_PV,Residential_PV,Solar,Zhejiang,20,TRUE,FALSE,FALSE,TRUE,FALSE,.,0,0,0,0.02,6400,0,FALSE,.,.,.,0,FALSE
Zhejiang-Wind,Wind,Wind,Zhejiang,30,TRUE,FALSE,FALSE,TRUE,FALSE,.,0,0,0.0139,0.02,9440,0,FALSE,.,.,.,0,FALSE
Zhejiang-Wind_EP-ep,Wind_EP,Wind,Zhejiang,30,TRUE,FALSE,FALSE,TRUE,FALSE,.,0,0,0.0139,0.02,1329.9,0,FALSE,.,.,.,0,FALSE
Anhui-ERES_2030,ERES,ERES,Anhui,100,TRUE,FALSE,FALSE,TRUE,TRUE,.,12.926361185121644,0,0,0,3990.062225552095,0,FALSE,0.884,0.67940070872,.,0,FALSE
Anhui-ERES_2040,ERES,ERES,Anhui,100,TRUE,FALSE,FALSE,TRUE,TRUE,.,12.926361185121644,0,0,0,879.283140168886,0,FALSE,0.884,0.684654450232,.,0,FALSE
Anhui-ERES_2050,ERES,ERES,Anhui,100,TRUE,FALSE,FALSE,TRUE,TRUE,.,12.926361185121644,0,0,0,879.177121291626,0,FALSE,0.884,0.684650388548,.,0,FALSE
Beijing-ERES_2030,ERES,ERES,Beijing,100,TRUE,FALSE,FALSE,TRUE,TRUE,.,12.926361185121644,0,0,0,2138.695256481635,0,FALSE,0.884,0.67940070872,.,0,FALSE
Beijing-ERES_2040,ERES,ERES,Beijing,100,TRUE,FALSE,FALSE,TRUE,TRUE,.,12.926361185121644,0,0,0,471.300589985979,0,FALSE,0.884,0.684654450232,.,0,FALSE
Beijing-ERES_2050,ERES,ERES,Beijing,100,TRUE,FALSE,FALSE,TRUE,TRUE,.,12.926361185121644,0,0,0,471.243763285774,0,FALSE,0.884,0.684650388548,.,0,FALSE
Chongqing-ERES_2030,ERES,ERES,Chongqing,100,TRUE,FALSE,FALSE,TRUE,TRUE,.,12.926361185121644,0,0,0,1384.795400754147,0,FALSE,0.884,0.67940070872,.,0,FALSE
Chongqing-ERES_2040,ERES,ERES,Chongqing,100,TRUE,FALSE,FALSE,TRUE,TRUE,.,12.926361185121644,0,0,0,305.164977295074,0,FALSE,0.884,0.684654450232,.,0,FALSE
Chongqing-ERES_2050,ERES,ERES,Chongqing,100,TRUE,FALSE,FALSE,TRUE,TRUE,.,12.926361185121644,0,0,0,305.128182266495,0,FALSE,0.884,0.684650388548,.,0,FALSE
East_Inner_Mongolia-ERES_2030,ERES,ERES,East_Inner_Mongolia,100,TRUE,FALSE,FALSE,TRUE,TRUE,.,12.926361185121644,0,0,0,3665.963877494974,0,FALSE,0.884,0.67940070872,.,0,FALSE
East_Inner_Mongolia-ERES_2040,ERES,ERES,East_Inner_Mongolia,100,TRUE,FALSE,FALSE,TRUE,TRUE,.,12.926361185121644,0,0,0,807.862145433952,0,FALSE,0.884,0.684654450232,.,0,FALSE
East_Inner_Mongolia-ERES_2050,ERES,ERES,East_Inner_Mongolia,100,TRUE,FALSE,FALSE,TRUE,TRUE,.,12.926361185121644,0,0,0,807.7647380873,0,FALSE,0.884,0.684650388548,.,0,FALSE
Fujian-ERES_2030,ERES,ERES,Fujian,100,TRUE,FALSE,FALSE,TRUE,TRUE,.,12.926361185121644,0,0,0,1402.743994754152,0,FALSE,0.884,0.67940070872,.,0,FALSE
Fujian-ERES_2040,ERES,ERES,Fujian,100,TRUE,FALSE,FALSE,TRUE,TRUE,.,12.926361185121644,0,0,0,309.120278040229,0,FALSE,0.884,0.684654450232,.,0,FALSE
Fujian-ERES_2050,ERES,ERES,Fujian,100,TRUE,FALSE,FALSE,TRUE,TRUE,.,12.926361185121644,0,0,0,309.083006104354,0,FALSE,0.884,0.684650388548,.,0,FALSE
Gansu-ERES_2030,ERES,ERES,Gansu,100,TRUE,FALSE,FALSE,TRUE,TRUE,.,12.926361185121644,0,0,0,5636.102456092068,0,FALSE,0.884,0.67940070872,.,0,FALSE
Gansu-ERES_2040,ERES,ERES,Gansu,100,TRUE,FALSE,FALSE,TRUE,TRUE,.,12.926361185121644,0,0,0,1242.018190636236,0,FALSE,0.884,0.684654450232,.,0,FALSE
Gansu-ERES_2050,ERES,ERES,Gansu,100,TRUE,FALSE,FALSE,TRUE,TRUE,.,12.926361185121644,0,0,0,1241.86843526383,0,FALSE,0.884,0.684650388548,.,0,FALSE
Guangdong-ERES_2030,ERES,ERES,Guangdong,100,TRUE,FALSE,FALSE,TRUE,TRUE,.,12.926361185121644,0,0,0,3318.775579105607,0,FALSE,0.884,0.67940070872,.,0,FALSE
Guangdong-ERES_2040,ERES,ERES,Guangdong,100,TRUE,FALSE,FALSE,TRUE,TRUE,.,12.926361185121644,0,0,0,731.352858114391,0,FALSE,0.884,0.684654450232,.,0,FALSE
Guangdong-ERES_2050,ERES,ERES,Guangdong,100,TRUE,FALSE,FALSE,TRUE,TRUE,.,12.926361185121644,0,0,0,731.264675815248,0,FALSE,0.884,0.684650388548,.,0,FALSE
Guangxi-ERES_2030,ERES,ERES,Guangxi,100,TRUE,FALSE,FALSE,TRUE,TRUE,.,12.926361185121644,0,0,0,2823.686354601887,0,FALSE,0.884,0.67940070872,.,0,FALSE
Guangxi-ERES_2040,ERES,ERES,Guangxi,100,TRUE,FALSE,FALSE,TRUE,TRUE,.,12.926361185121644,0,0,0,622.250898451299,0,FALSE,0.884,0.684654450232,.,0,FALSE
Guangxi-ERES_2050,ERES,ERES,Guangxi,100,TRUE,FALSE,FALSE,TRUE,TRUE,.,12.926361185121644,0,0,0,622.175871035653,0,FALSE,0.884,0.684650388548,.,0,FALSE
Guizhou-ERES_2030,ERES,ERES,Guizhou,100,TRUE,FALSE,FALSE,TRUE,TRUE,.,12.926361185121644,0,0,0,2381.000424596551,0,FALSE,0.884,0.67940070872,.,0,FALSE
Guizhou-ERES_2040,ERES,ERES,Guizhou,100,TRUE,FALSE,FALSE,TRUE,TRUE,.,12.926361185121644,0,0,0,524.696962537476,0,FALSE,0.884,0.684654450232,.,0,FALSE
Guizhou-ERES_2050,ERES,ERES,Guizhou,100,TRUE,FALSE,FALSE,TRUE,TRUE,.,12.926361185121644,0,0,0,524.633697611392,0,FALSE,0.884,0.684650388548,.,0,FALSE
Hainan-ERES_2030,ERES,ERES,Hainan,100,TRUE,FALSE,FALSE,TRUE,TRUE,.,12.926361185121644,0,0,0,145.967177405237,0,FALSE,0.884,0.67940070872,.,0,FALSE
Hainan-ERES_2040,ERES,ERES,Hainan,100,TRUE,FALSE,FALSE,TRUE,TRUE,.,12.926361185121644,0,0,0,32.166535471187,0,FALSE,0.884,0.684654450232,.,0,FALSE
Hainan-ERES_2050,ERES,ERES,Hainan,100,TRUE,FALSE,FALSE,TRUE,TRUE,.,12.926361185121644,0,0,0,32.162657016319,0,FALSE,0.884,0.684650388548,.,0,FALSE
Hebei-ERES_2030,ERES,ERES,Hebei,100,TRUE,FALSE,FALSE,TRUE,TRUE,.,12.926361185121644,0,0,0,14190.245115657623,0,FALSE,0.884,0.67940070872,.,0,FALSE
Hebei-ERES_2040,ERES,ERES,Hebei,100,TRUE,FALSE,FALSE,TRUE,TRUE,.,12.926361185121644,0,0,0,3127.079874884703,0,FALSE,0.884,0.684654450232,.,0,FALSE
Hebei-ERES_2050,ERES,ERES,Hebei,100,TRUE,FALSE,FALSE,TRUE,TRUE,.,12.926361185121644,0,0,0,3126.702829673341,0,FALSE,0.884,0.684650388548,.,0,FALSE
Heilongjiang-ERES_2030,ERES,ERES,Heilongjiang,100,TRUE,FALSE,FALSE,TRUE,TRUE,.,12.926361185121644,0,0,0,2747.4564207536,0,FALSE,0.884,0.67940070872,.,0,FALSE
Heilongjiang-ERES_2040,ERES,ERES,Heilongjiang,100,TRUE,FALSE,FALSE,TRUE,TRUE,.,12.926361185121644,0,0,0,605.452239227454,0,FALSE,0.884,0.684654450232,.,0,FALSE
Heilongjiang-ERES_2050,ERES,ERES,Heilongjiang,100,TRUE,FALSE,FALSE,TRUE,TRUE,.,12.926361185121644,0,0,0,605.379237297011,0,FALSE,0.884,0.684650388548,.,0,FALSE
Henan-ERES_2030,ERES,ERES,Henan,100,TRUE,FALSE,FALSE,TRUE,TRUE,.,12.926361185121644,0,0,0,8595.576627489396,0,FALSE,0.884,0.67940070872,.,0,FALSE
Henan-ERES_2040,ERES,ERES,Henan,100,TRUE,FALSE,FALSE,TRUE,TRUE,.,12.926361185121644,0,0,0,1894.192416394052,0,FALSE,0.884,0.684654450232,.,0,FALSE
Henan-ERES_2050,ERES,ERES,Henan,100,TRUE,FALSE,FALSE,TRUE,TRUE,.,12.926361185121644,0,0,0,1893.964025624202,0,FALSE,0.884,0.684650388548,.,0,FALSE
Hubei-ERES_2030,ERES,ERES,Hubei,100,TRUE,FALSE,FALSE,TRUE,TRUE,.,12.926361185121644,0,0,0,4369.231557304174,0,FALSE,0.884,0.67940070872,.,0,FALSE
Hubei-ERES_2040,ERES,ERES,Hubei,100,TRUE,FALSE,FALSE,TRUE,TRUE,.,12.926361185121644,0,0,0,962.840032726513,0,FALSE,0.884,0.684654450232,.,0,FALSE
Hubei-ERES_2050,ERES,ERES,Hubei,100,TRUE,FALSE,FALSE,TRUE,TRUE,.,12.926361185121644,0,0,0,962.723939042254,0,FALSE,0.884,0.684650388548,.,0,FALSE
Hunan-ERES_2030,ERES,ERES,Hunan,100,TRUE,FALSE,FALSE,TRUE,TRUE,.,12.926361185121644,0,0,0,4590.116571589584,0,FALSE,0.884,0.67940070872,.,0,FALSE
Hunan-ERES_2040,ERES,ERES,Hunan,100,TRUE,FALSE,FALSE,TRUE,TRUE,.,12.926361185121644,0,0,0,1011.516082872637,0,FALSE,0.884,0.684654450232,.,0,FALSE
Hunan-ERES_2050,ERES,ERES,Hunan,100,TRUE,FALSE,FALSE,TRUE,TRUE,.,12.926361185121644,0,0,0,1011.39412011168,0,FALSE,0.884,0.684650388548,.,0,FALSE
Jiangsu-ERES_2030,ERES,ERES,Jiangsu,100,TRUE,FALSE,FALSE,TRUE,TRUE,.,12.926361185121644,0,0,0,3409.777451195681,0,FALSE,0.884,0.67940070872,.,0,FALSE
Jiangsu-ERES_2040,ERES,ERES,Jiangsu,100,TRUE,FALSE,FALSE,TRUE,TRUE,.,12.926361185121644,0,0,0,751.406783925418,0,FALSE,0.884,0.684654450232,.,0,FALSE
Jiangsu-ERES_2050,ERES,ERES,Jiangsu,100,TRUE,FALSE,FALSE,TRUE,TRUE,.,12.926361185121644,0,0,0,751.316183639848,0,FALSE,0.884,0.684650388548,.,0,FALSE
Jiangxi-ERES_2030,ERES,ERES,Jiangxi,100,TRUE,FALSE,FALSE,TRUE,TRUE,.,12.926361185121644,0,0,0,3148.812645771701,0,FALSE,0.884,0.67940070872,.,0,FALSE
Jiangxi-ERES_2040,ERES,ERES,Jiangxi,100,TRUE,FALSE,FALSE,TRUE,TRUE,.,12.926361185121644,0,0,0,693.898419239449,0,FALSE,0.884,0.684654450232,.,0,FALSE
Jiangxi-ERES_2050,ERES,ERES,Jiangxi,100,TRUE,FALSE,FALSE,TRUE,TRUE,.,12.926361185121644,0,0,0,693.814752979994,0,FALSE,0.884,0.684650388548,.,0,FALSE
Jilin-ERES_2030,ERES,ERES,Jilin,100,TRUE,FALSE,FALSE,TRUE,TRUE,.,12.926361185121644,0,0,0,1791.196005553855,0,FALSE,0.884,0.67940070872,.,0,FALSE
Jilin-ERES_2040,ERES,ERES,Jilin,100,TRUE,FALSE,FALSE,TRUE,TRUE,.,12.926361185121644,0,0,0,394.722778591112,0,FALSE,0.884,0.684654450232,.,0,FALSE
Jilin-ERES_2050,ERES,ERES,Jilin,100,TRUE,FALSE,FALSE,TRUE,TRUE,.,12.926361185121644,0,0,0,394.675185200652,0,FALSE,0.884,0.684650388548,.,0,FALSE
Liaoning-ERES_2030,ERES,ERES,Liaoning,100,TRUE,FALSE,FALSE,TRUE,TRUE,.,12.926361185121644,0,0,0,3949.304538275383,0,FALSE,0.884,0.67940070872,.,0,FALSE
Liaoning-ERES_2040,ERES,ERES,Liaoning,100,TRUE,FALSE,FALSE,TRUE,TRUE,.,12.926361185121644,0,0,0,870.301438824683,0,FALSE,0.884,0.684654450232,.,0,FALSE
Liaoning-ERES_2050,ERES,ERES,Liaoning,100,TRUE,FALSE,FALSE,TRUE,TRUE,.,12.926361185121644,0,0,0,870.196502909044,0,FALSE,0.884,0.684650388548,.,0,FALSE
Ningxia-ERES_2030,ERES,ERES,Ningxia,100,TRUE,FALSE,FALSE,TRUE,TRUE,.,12.926361185121644,0,0,0,712.786231342495,0,FALSE,0.884,0.67940070872,.,0,FALSE
Ningxia-ERES_2040,ERES,ERES,Ningxia,100,TRUE,FALSE,FALSE,TRUE,TRUE,.,12.926361185121644,0,0,0,157.075474099217,0,FALSE,0.884,0.684654450232,.,0,FALSE
Ningxia-ERES_2050,ERES,ERES,Ningxia,100,TRUE,FALSE,FALSE,TRUE,TRUE,.,12.926361185121644,0,0,0,157.05653484672,0,FALSE,0.884,0.684650388548,.,0,FALSE
Qinghai-ERES_2030,ERES,ERES,Qinghai,100,TRUE,FALSE,FALSE,TRUE,TRUE,.,12.926361185121644,0,0,0,1493.55026505863,0,FALSE,0.884,0.67940070872,.,0,FALSE
Qinghai-ERES_2040,ERES,ERES,Qinghai,100,TRUE,FALSE,FALSE,TRUE,TRUE,.,12.926361185121644,0,0,0,329.131099422669,0,FALSE,0.884,0.684654450232,.,0,FALSE
Qinghai-ERES_2050,ERES,ERES,Qinghai,100,TRUE,FALSE,FALSE,TRUE,TRUE,.,12.926361185121644,0,0,0,329.09141469765,0,FALSE,0.884,0.684650388548,.,0,FALSE
Shaanxi-ERES_2030,ERES,ERES,Shaanxi,100,TRUE,FALSE,FALSE,TRUE,TRUE,.,12.926361185121644,0,0,0,6794.054761281014,0,FALSE,0.884,0.67940070872,.,0,FALSE
Shaanxi-ERES_2040,ERES,ERES,Shaanxi,100,TRUE,FALSE,FALSE,TRUE,TRUE,.,12.926361185121644,0,0,0,1497.194145675749,0,FALSE,0.884,0.684654450232,.,0,FALSE
Shaanxi-ERES_2050,ERES,ERES,Shaanxi,100,TRUE,FALSE,FALSE,TRUE,TRUE,.,12.926361185121644,0,0,0,1497.013622662041,0,FALSE,0.884,0.684650388548,.,0,FALSE
Shandong-ERES_2030,ERES,ERES,Shandong,100,TRUE,FALSE,FALSE,TRUE,TRUE,.,12.926361185121644,0,0,0,6035.602856412265,0,FALSE,0.884,0.67940070872,.,0,FALSE
Shandong-ERES_2040,ERES,ERES,Shandong,100,TRUE,FALSE,FALSE,TRUE,TRUE,.,12.926361185121644,0,0,0,1330.055405756024,0,FALSE,0.884,0.684654450232,.,0,FALSE
Shandong-ERES_2050,ERES,ERES,Shandong,100,TRUE,FALSE,FALSE,TRUE,TRUE,.,12.926361185121644,0,0,0,1329.895035365225,0,FALSE,0.884,0.684650388548,.,0,FALSE
Shanghai-ERES_2030,ERES,ERES,Shanghai,100,TRUE,FALSE,FALSE,TRUE,TRUE,.,12.926361185121644,0,0,0,343.273290262142,0,FALSE,0.884,0.67940070872,.,0,FALSE
Shanghai-ERES_2040,ERES,ERES,Shanghai,100,TRUE,FALSE,FALSE,TRUE,TRUE,.,12.926361185121644,0,0,0,75.646543721768,0,FALSE,0.884,0.684654450232,.,0,FALSE
Shanghai-ERES_2050,ERES,ERES,Shanghai,100,TRUE,FALSE,FALSE,TRUE,TRUE,.,12.926361185121644,0,0,0,75.637422698894,0,FALSE,0.884,0.684650388548,.,0,FALSE
Shanxi-ERES_2030,ERES,ERES,Shanxi,100,TRUE,FALSE,FALSE,TRUE,TRUE,.,12.926361185121644,0,0,0,8092.620687276922,0,FALSE,0.884,0.67940070872,.,0,FALSE
Shanxi-ERES_2040,ERES,ERES,Shanxi,100,TRUE,FALSE,FALSE,TRUE,TRUE,.,12.926361185121644,0,0,0,1783.356882139842,0,FALSE,0.884,0.684654450232,.,0,FALSE
Shanxi-ERES_2050,ERES,ERES,Shanxi,100,TRUE,FALSE,FALSE,TRUE,TRUE,.,12.926361185121644,0,0,0,1783.141855277888,0,FALSE,0.884,0.684650388548,.,0,FALSE
Sichuan-ERES_2030,ERES,ERES,Sichuan,100,TRUE,FALSE,FALSE,TRUE,TRUE,.,12.926361185121644,0,0,0,3810.228213395526,0,FALSE,0.884,0.67940070872,.,0,FALSE
Sichuan-ERES_2040,ERES,ERES,Sichuan,100,TRUE,FALSE,FALSE,TRUE,TRUE,.,12.926361185121644,0,0,0,839.653428655723,0,FALSE,0.884,0.684654450232,.,0,FALSE
Sichuan-ERES_2050,ERES,ERES,Sichuan,100,TRUE,FALSE,FALSE,TRUE,TRUE,.,12.926361185121644,0,0,0,839.552188099949,0,FALSE,0.884,0.684650388548,.,0,FALSE
Tianjin-ERES_2030,ERES,ERES,Tianjin,100,TRUE,FALSE,FALSE,TRUE,TRUE,.,12.926361185121644,0,0,0,1663.419891620431,0,FALSE,0.884,0.67940070872,.,0,FALSE
Tianjin-ERES_2040,ERES,ERES,Tianjin,100,TRUE,FALSE,FALSE,TRUE,TRUE,.,12.926361185121644,0,0,0,366.564976444953,0,FALSE,0.884,0.684654450232,.,0,FALSE
Tianjin-ERES_2050,ERES,ERES,Tianjin,100,TRUE,FALSE,FALSE,TRUE,TRUE,.,12.926361185121644,0,0,0,366.520778159475,0,FALSE,0.884,0.684650388548,.,0,FALSE
Tibet-ERES_2030,ERES,ERES,Tibet,100,TRUE,FALSE,FALSE,TRUE,TRUE,.,12.926361185121644,0,0,0,133.12875725751,0,FALSE,0.884,0.67940070872,.,0,FALSE
Tibet-ERES_2040,ERES,ERES,Tibet,100,TRUE,FALSE,FALSE,TRUE,TRUE,.,12.926361185121644,0,0,0,29.337354936105,0,FALSE,0.884,0.684654450232,.,0,FALSE
Tibet-ERES_2050,ERES,ERES,Tibet,100,TRUE,FALSE,FALSE,TRUE,TRUE,.,12.926361185121644,0,0,0,29.333817607467,0,FALSE,0.884,0.684650388548,.,0,FALSE
West_Inner_Mongolia-ERES_2030,ERES,ERES,West_Inner_Mongolia,100,TRUE,FALSE,FALSE,TRUE,TRUE,.,12.926361185121644,0,0,0,3665.963877494974,0,FALSE,0.884,0.67940070872,.,0,FALSE
West_Inner_Mongolia-ERES_2040,ERES,ERES,West_Inner_Mongolia,100,TRUE,FALSE,FALSE,TRUE,TRUE,.,12.926361185121644,0,0,0,807.862145433952,0,FALSE,0.884,0.684654450232,.,0,FALSE
West_Inner_Mongolia-ERES_2050,ERES,ERES,West_Inner_Mongolia,100,TRUE,FALSE,FALSE,TRUE,TRUE,.,12.926361185121644,0,0,0,807.7647380873,0,FALSE,0.884,0.684650388548,.,0,FALSE
Xinjiang-ERES_2030,ERES,ERES,Xinjiang,100,TRUE,FALSE,FALSE,TRUE,TRUE,.,12.926361185121644,0,0,0,4344.283263364771,0,FALSE,0.884,0.67940070872,.,0,FALSE
Xinjiang-ERES_2040,ERES,ERES,Xinjiang,100,TRUE,FALSE,FALSE,TRUE,TRUE,.,12.926361185121644,0,0,0,957.342220161986,0,FALSE,0.884,0.684654450232,.,0,FALSE
Xinjiang-ERES_2050,ERES,ERES,Xinjiang,100,TRUE,FALSE,FALSE,TRUE,TRUE,.,12.926361185121644,0,0,0,957.226789372176,0,FALSE,0.884,0.684650388548,.,0,FALSE
Yunnan-ERES_2030,ERES,ERES,Yunnan,100,TRUE,FALSE,FALSE,TRUE,TRUE,.,12.926361185121644,0,0,0,1840.611103535001,0,FALSE,0.884,0.67940070872,.,0,FALSE
Yunnan-ERES_2040,ERES,ERES,Yunnan,100,TRUE,FALSE,FALSE,TRUE,TRUE,.,12.926361185121644,0,0,0,405.612298620741,0,FALSE,0.884,0.684654450232,.,0,FALSE
Yunnan-ERES_2050,ERES,ERES,Yunnan,100,TRUE,FALSE,FALSE,TRUE,TRUE,.,12.926361185121644,0,0,0,405.563392234916,0,FALSE,0.884,0.684650388548,.,0,FALSE
Zhejiang-ERES_2030,ERES,ERES,Zhejiang,100,TRUE,FALSE,FALSE,TRUE,TRUE,.,12.926361185121644,0,0,0,2435.950041813516,0,FALSE,0.884,0.67940070872,.,0,FALSE
Zhejiang-ERES_2040,ERES,ERES,Zhejiang,100,TRUE,FALSE,FALSE,TRUE,TRUE,.,12.926361185121644,0,0,0,536.806115038456,0,FALSE,0.884,0.684654450232,.,0,FALSE
Zhejiang-ERES_2050,ERES,ERES,Zhejiang,100,TRUE,FALSE,FALSE,TRUE,TRUE,.,12.926361185121644,0,0,0,536.741390060776,0,FALSE,0.884,0.684650388548,.,0,FALSE
Anhui-CAES,CAES,CAES,Anhui,10,FALSE,FALSE,FALSE,TRUE,TRUE,.,0,0,0.0055,0.02,.,0,FALSE,0.59,1,10,0,FALSE
Beijing-CAES,CAES,CAES,Beijing,10,FALSE,FALSE,FALSE,TRUE,TRUE,.,0,0,0.0055,0.02,.,0,FALSE,0.59,1,10,0,FALSE
Chongqing-CAES,CAES,CAES,Chongqing,10,FALSE,FALSE,FALSE,TRUE,TRUE,.,0,0,0.0055,0.02,.,0,FALSE,0.59,1,10,0,FALSE
East_Inner_Mongolia-CAES,CAES,CAES,East_Inner_Mongolia,10,FALSE,FALSE,FALSE,TRUE,TRUE,.,0,0,0.0055,0.02,.,0,FALSE,0.59,1,10,0,FALSE
Fujian-CAES,CAES,CAES,Fujian,10,FALSE,FALSE,FALSE,TRUE,TRUE,.,0,0,0.0055,0.02,.,0,FALSE,0.59,1,10,0,FALSE
Gansu-CAES,CAES,CAES,Gansu,10,FALSE,FALSE,FALSE,TRUE,TRUE,.,0,0,0.0055,0.02,.,0,FALSE,0.59,1,10,0,FALSE
Guangdong-CAES,CAES,CAES,Guangdong,10,FALSE,FALSE,FALSE,TRUE,TRUE,.,0,0,0.0055,0.02,.,0,FALSE,0.59,1,10,0,FALSE
Guangxi-CAES,CAES,CAES,Guangxi,10,FALSE,FALSE,FALSE,TRUE,TRUE,.,0,0,0.0055,0.02,.,0,FALSE,0.59,1,10,0,FALSE
Guizhou-CAES,CAES,CAES,Guizhou,10,FALSE,FALSE,FALSE,TRUE,TRUE,.,0,0,0.0055,0.02,.,0,FALSE,0.59,1,10,0,FALSE
Hainan-CAES,CAES,CAES,Hainan,10,FALSE,FALSE,FALSE,TRUE,TRUE,.,0,0,0.0055,0.02,.,0,FALSE,0.59,1,10,0,FALSE
Hebei-CAES,CAES,CAES,Hebei,10,FALSE,FALSE,FALSE,TRUE,TRUE,.,0,0,0.0055,0.02,.,0,FALSE,0.59,1,10,0,FALSE
Heilongjiang-CAES,CAES,CAES,Heilongjiang,10,FALSE,FALSE,FALSE,TRUE,TRUE,.,0,0,0.0055,0.02,.,0,FALSE,0.59,1,10,0,FALSE
Henan-CAES,CAES,CAES,Henan,10,FALSE,FALSE,FALSE,TRUE,TRUE,.,0,0,0.0055,0.02,.,0,FALSE,0.59,1,10,0,FALSE
Hubei-CAES,CAES,CAES,Hubei,10,FALSE,FALSE,FALSE,TRUE,TRUE,.,0,0,0.0055,0.02,.,0,FALSE,0.59,1,10,0,FALSE
Hunan-CAES,CAES,CAES,Hunan,10,FALSE,FALSE,FALSE,TRUE,TRUE,.,0,0,0.0055,0.02,.,0,FALSE,0.59,1,10,0,FALSE
Jiangsu-CAES,CAES,CAES,Jiangsu,10,FALSE,FALSE,FALSE,TRUE,TRUE,.,0,0,0.0055,0.02,.,0,FALSE,0.59,1,10,0,FALSE
Jiangxi-CAES,CAES,CAES,Jiangxi,10,FALSE,FALSE,FALSE,TRUE,TRUE,.,0,0,0.0055,0.02,.,0,FALSE,0.59,1,10,0,FALSE
Jilin-CAES,CAES,CAES,Jilin,10,FALSE,FALSE,FALSE,TRUE,TRUE,.,0,0,0.0055,0.02,.,0,FALSE,0.59,1,10,0,FALSE
Liaoning-CAES,CAES,CAES,Liaoning,10,FALSE,FALSE,FALSE,TRUE,TRUE,.,0,0,0.0055,0.02,.,0,FALSE,0.59,1,10,0,FALSE
Ningxia-CAES,CAES,CAES,Ningxia,10,FALSE,FALSE,FALSE,TRUE,TRUE,.,0,0,0.0055,0.02,.,0,FALSE,0.59,1,10,0,FALSE
Qinghai-CAES,CAES,CAES,Qinghai,10,FALSE,FALSE,FALSE,TRUE,TRUE,.,0,0,0.0055,0.02,.,0,FALSE,0.59,1,10,0,FALSE
Shaanxi-CAES,CAES,CAES,Shaanxi,10,FALSE,FALSE,FALSE,TRUE,TRUE,.,0,0,0.0055,0.02,.,0,FALSE,0.59,1,10,0,FALSE
Shandong-CAES,CAES,CAES,Shandong,10,FALSE,FALSE,FALSE,TRUE,TRUE,.,0,0,0.0055,0.02,.,0,FALSE,0.59,1,10,0,FALSE
Shanghai-CAES,CAES,CAES,Shanghai,10,FALSE,FALSE,FALSE,TRUE,TRUE,.,0,0,0.0055,0.02,.,0,FALSE,0.59,1,10,0,FALSE
Shanxi-CAES,CAES,CAES,Shanxi,10,FALSE,FALSE,FALSE,TRUE,TRUE,.,0,0,0.0055,0.02,.,0,FALSE,0.59,1,10,0,FALSE
Sichuan-CAES,CAES,CAES,Sichuan,10,FALSE,FALSE,FALSE,TRUE,TRUE,.,0,0,0.0055,0.02,.,0,FALSE,0.59,1,10,0,FALSE
Tianjin-CAES,CAES,CAES,Tianjin,10,FALSE,FALSE,FALSE,TRUE,TRUE,.,0,0,0.0055,0.02,.,0,FALSE,0.59,1,10,0,FALSE
Tibet-CAES,CAES,CAES,Tibet,10,FALSE,FALSE,FALSE,TRUE,TRUE,.,0,0,0.0055,0.02,.,0,FALSE,0.59,1,10,0,FALSE
West_Inner_Mongolia-CAES,CAES,CAES,West_Inner_Mongolia,10,FALSE,FALSE,FALSE,TRUE,TRUE,.,0,0,0.0055,0.02,.,0,FALSE,0.59,1,10,0,FALSE
Xinjiang-CAES,CAES,CAES,Xinjiang,10,FALSE,FALSE,FALSE,TRUE,TRUE,.,0,0,0.0055,0.02,.,0,FALSE,0.59,1,10,0,FALSE
Yunnan-CAES,CAES,CAES,Yunnan,10,FALSE,FALSE,FALSE,TRUE,TRUE,.,0,0,0.0055,0.02,.,0,FALSE,0.59,1,10,0,FALSE
Zhejiang-CAES,CAES,CAES,Zhejiang,10,FALSE,FALSE,FALSE,TRUE,TRUE,.,0,0,0.0055,0.02,.,0,FALSE,0.59,1,10,0,FALSE
Anhui-H2,H2,H2,Anhui,20,FALSE,FALSE,FALSE,TRUE,TRUE,.,0,0,0.0055,0.02,.,0,FALSE,0.31,1,20,0,FALSE
Beijing-H2,H2,H2,Beijing,20,FALSE,FALSE,FALSE,TRUE,TRUE,.,0,0,0.0055,0.02,.,0,FALSE,0.31,1,20,0,FALSE
Chongqing-H2,H2,H2,Chongqing,20,FALSE,FALSE,FALSE,TRUE,TRUE,.,0,0,0.0055,0.02,.,0,FALSE,0.31,1,20,0,FALSE
East_Inner_Mongolia-H2,H2,H2,East_Inner_Mongolia,20,FALSE,FALSE,FALSE,TRUE,TRUE,.,0,0,0.0055,0.02,.,0,FALSE,0.31,1,20,0,FALSE
Fujian-H2,H2,H2,Fujian,20,FALSE,FALSE,FALSE,TRUE,TRUE,.,0,0,0.0055,0.02,.,0,FALSE,0.31,1,20,0,FALSE
Gansu-H2,H2,H2,Gansu,20,FALSE,FALSE,FALSE,TRUE,TRUE,.,0,0,0.0055,0.02,.,0,FALSE,0.31,1,20,0,FALSE
Guangdong-H2,H2,H2,Guangdong,20,FALSE,FALSE,FALSE,TRUE,TRUE,.,0,0,0.0055,0.02,.,0,FALSE,0.31,1,20,0,FALSE
Guangxi-H2,H2,H2,Guangxi,20,FALSE,FALSE,FALSE,TRUE,TRUE,.,0,0,0.0055,0.02,.,0,FALSE,0.31,1,20,0,FALSE
Guizhou-H2,H2,H2,Guizhou,20,FALSE,FALSE,FALSE,TRUE,TRUE,.,0,0,0.0055,0.02,.,0,FALSE,0.31,1,20,0,FALSE
Hainan-H2,H2,H2,Hainan,20,FALSE,FALSE,FALSE,TRUE,TRUE,.,0,0,0.0055,0.02,.,0,FALSE,0.31,1,20,0,FALSE
Hebei-H2,H2,H2,Hebei,20,FALSE,FALSE,FALSE,TRUE,TRUE,.,0,0,0.0055,0.02,.,0,FALSE,0.31,1,20,0,FALSE
Heilongjiang-H2,H2,H2,Heilongjiang,20,FALSE,FALSE,FALSE,TRUE,TRUE,.,0,0,0.0055,0.02,.,0,FALSE,0.31,1,20,0,FALSE
Henan-H2,H2,H2,Henan,20,FALSE,FALSE,FALSE,TRUE,TRUE,.,0,0,0.0055,0.02,.,0,FALSE,0.31,1,20,0,FALSE
Hubei-H2,H2,H2,Hubei,20,FALSE,FALSE,FALSE,TRUE,TRUE,.,0,0,0.0055,0.02,.,0,FALSE,0.31,1,20,0,FALSE
Hunan-H2,H2,H2,Hunan,20,FALSE,FALSE,FALSE,TRUE,TRUE,.,0,0,0.0055,0.02,.,0,FALSE,0.31,1,20,0,FALSE
Jiangsu-H2,H2,H2,Jiangsu,20,FALSE,FALSE,FALSE,TRUE,TRUE,.,0,0,0.0055,0.02,.,0,FALSE,0.31,1,20,0,FALSE
Jiangxi-H2,H2,H2,Jiangxi,20,FALSE,FALSE,FALSE,TRUE,TRUE,.,0,0,0.0055,0.02,.,0,FALSE,0.31,1,20,0,FALSE
Jilin-H2,H2,H2,Jilin,20,FALSE,FALSE,FALSE,TRUE,TRUE,.,0,0,0.0055,0.02,.,0,FALSE,0.31,1,20,0,FALSE
Liaoning-H2,H2,H2,Liaoning,20,FALSE,FALSE,FALSE,TRUE,TRUE,.,0,0,0.0055,0.02,.,0,FALSE,0.31,1,20,0,FALSE
Ningxia-H2,H2,H2,Ningxia,20,FALSE,FALSE,FALSE,TRUE,TRUE,.,0,0,0.0055,0.02,.,0,FALSE,0.31,1,20,0,FALSE
Qinghai-H2,H2,H2,Qinghai,20,FALSE,FALSE,FALSE,TRUE,TRUE,.,0,0,0.0055,0.02,.,0,FALSE,0.31,1,20,0,FALSE
Shaanxi-H2,H2,H2,Shaanxi,20,FALSE,FALSE,FALSE,TRUE,TRUE,.,0,0,0.0055,0.02,.,0,FALSE,0.31,1,20,0,FALSE
Shandong-H2,H2,H2,Shandong,20,FALSE,FALSE,FALSE,TRUE,TRUE,.,0,0,0.0055,0.02,.,0,FALSE,0.31,1,20,0,FALSE
Shanghai-H2,H2,H2,Shanghai,20,FALSE,FALSE,FALSE,TRUE,TRUE,.,0,0,0.0055,0.02,.,0,FALSE,0.31,1,20,0,FALSE
Shanxi-H2,H2,H2,Shanxi,20,FALSE,FALSE,FALSE,TRUE,TRUE,.,0,0,0.0055,0.02,.,0,FALSE,0.31,1,20,0,FALSE
Sichuan-H2,H2,H2,Sichuan,20,FALSE,FALSE,FALSE,TRUE,TRUE,.,0,0,0.0055,0.02,.,0,FALSE,0.31,1,20,0,FALSE
Tianjin-H2,H2,H2,Tianjin,20,FALSE,FALSE,FALSE,TRUE,TRUE,.,0,0,0.0055,0.02,.,0,FALSE,0.31,1,20,0,FALSE
Tibet-H2,H2,H2,Tibet,20,FALSE,FALSE,FALSE,TRUE,TRUE,.,0,0,0.0055,0.02,.,0,FALSE,0.31,1,20,0,FALSE
West_Inner_Mongolia-H2,H2,H2,West_Inner_Mongolia,20,FALSE,FALSE,FALSE,TRUE,TRUE,.,0,0,0.0055,0.02,.,0,FALSE,0.31,1,20,0,FALSE
Xinjiang-H2,H2,H2,Xinjiang,20,FALSE,FALSE,FALSE,TRUE,TRUE,.,0,0,0.0055,0.02,.,0,FALSE,0.31,1,20,0,FALSE
Yunnan-H2,H2,H2,Yunnan,20,FALSE,FALSE,FALSE,TRUE,TRUE,.,0,0,0.0055,0.02,.,0,FALSE,0.31,1,20,0,FALSE
Zhejiang-H2,H2,H2,Zhejiang,20,FALSE,FALSE,FALSE,TRUE,TRUE,.,0,0,0.0055,0.02,.,0,FALSE,0.31,1,20,0,FALSE
